operator,scope,stratum,planned_pairs,analyzed_pairs,paired_velocity_bias_mean,paired_velocity_bias_valid_pairs,paired_velocity_bias_coverage_fraction,paired_yaw_bias_mean,paired_yaw_bias_valid_pairs,paired_yaw_bias_coverage_fraction,paired_contact_pattern_error_mean,paired_contact_pattern_error_valid_pairs,paired_contact_pattern_error_coverage_fraction,paired_touchdown_phase_error_mean,paired_touchdown_phase_error_valid_pairs,paired_touchdown_phase_error_coverage_fraction,paired_joint_position_error_mean,paired_joint_position_error_valid_pairs,paired_joint_position_error_coverage_fraction,paired_joint_velocity_error_mean,paired_joint_velocity_error_valid_pairs,paired_joint_velocity_error_coverage_fraction,paired_actor_mean_consistency_error_mean,paired_actor_mean_consistency_error_valid_pairs,paired_actor_mean_consistency_error_coverage_fraction,paired_normalized_target_consistency_error_mean,paired_normalized_target_consistency_error_valid_pairs,paired_normalized_target_consistency_error_coverage_fraction,paired_value_consistency_error_mean,paired_value_consistency_error_valid_pairs,paired_value_consistency_error_coverage_fraction,paired_torque_pattern_error_mean,paired_torque_pattern_error_valid_pairs,paired_torque_pattern_error_coverage_fraction,paired_work_pattern_error_mean,paired_work_pattern_error_valid_pairs,paired_work_pattern_error_coverage_fraction,paired_grf_pattern_error_mean,paired_grf_pattern_error_valid_pairs,paired_grf_pattern_error_coverage_fraction
temporal_reversal,overall,all,30,30,0.01764533708367934,30,1.0,0.009994023905215754,30,1.0,0.10587175031945947,30,1.0,0.06526459530766333,30,1.0,0.17181413201937715,30,1.0,4.316368252972867,30,1.0,1.233515378723673,30,1.0,0.2698577737071685,30,1.0,0.030816764578685738,30,1.0,4.658528016784444,30,1.0,33.01333220900573,30,1.0,32.27756919451779,30,1.0
temporal_reversal,family,bound,3,3,0.013206119250716955,3,1.0,0.008308440825730878,3,1.0,0.06956759641153619,3,1.0,0.05700555080225844,3,1.0,0.18844529078444913,3,1.0,4.664793807311753,3,1.0,1.1432798708383176,3,1.0,0.22381287530244243,3,1.0,0.020462264571450946,3,1.0,4.652738861482669,3,1.0,37.03770367634777,3,1.0,33.628130160491935,3,1.0
temporal_reversal,family,gallop,12,12,0.01948205041117196,12,1.0,0.012962875266109328,12,1.0,0.1173224823507607,12,1.0,0.06416087130272145,12,1.0,0.17687245332376975,12,1.0,4.193247801375876,12,1.0,1.2704263962464424,12,1.0,0.2828456732165579,12,1.0,0.04473208122800062,12,1.0,4.8394307721811,12,1.0,34.20101122840541,12,1.0,33.204025666611116,12,1.0
temporal_reversal,family,half_bound,12,12,0.018482063761433628,12,1.0,0.009825926091035189,12,1.0,0.10304682580477832,12,1.0,0.05831568288024291,12,1.0,0.1873726086362737,12,1.0,4.541050626763673,12,1.0,1.2133531484441176,12,1.0,0.2525296305750195,12,1.0,0.024894332600001668,12,1.0,4.873473364562788,12,1.0,35.281037967616875,12,1.0,34.65986047920314,12,1.0
temporal_reversal,family,trot,3,3,0.0113907948956541,3,1.0,0.00047659279784858675,3,1.0,0.10767267416090238,3,1.0,0.10573418554251757,3,1.0,0.07271578156914861,3,1.0,3.5616950098587234,3,1.0,1.256755737636175,3,1.0,0.33326364660293334,3,1.0,0.009199725903397233,3,1.0,3.080924759386216,3,1.0,15.1674216296204,3,1.0,17.692017201428847,3,1.0
temporal_reversal,direction,positive_to_negative,30,30,0.01764533708367934,30,1.0,0.009994023905215754,30,1.0,0.10587175031945947,30,1.0,0.06526459530766333,30,1.0,0.17181413201937715,30,1.0,4.316368252972867,30,1.0,1.233515378723673,30,1.0,0.2698577737071685,30,1.0,0.030816764578685738,30,1.0,4.658528016784444,30,1.0,33.01333220900573,30,1.0,32.27756919451779,30,1.0
temporal_reversal,speed,0.5 m/s,10,10,0.021976353762219278,10,1.0,0.01281611285055241,10,1.0,0.09820963541666668,10,1.0,0.055006348389043294,10,1.0,0.1910628848206885,10,1.0,3.949649903728832,10,1.0,1.0804737622904448,10,1.0,0.23653324239144088,10,1.0,0.024077944626996882,10,1.0,4.6814394689519885,10,1.0,39.286738517516916,10,1.0,30.540989554911924,10,1.0
temporal_reversal,speed,1 m/s,10,10,0.018648244301472154,10,1.0,0.00926950160761782,10,1.0,0.10155167118195566,10,1.0,0.05688686345844409,10,1.0,0.16589174981249732,10,1.0,4.351836830663025,10,1.0,1.1882628409995988,10,1.0,0.2441722140817375,10,1.0,0.030906934495985378,10,1.0,4.724676185496518,10,1.0,33.40339866929415,10,1.0,33.23491213421128,10,1.0
temporal_reversal,speed,1.5 m/s,10,10,0.012311413187346581,10,1.0,0.007896457257477027,10,1.0,0.11785394435975612,10,1.0,0.08390057407550265,10,1.0,0.1584877614249456,10,1.0,4.647618024526745,10,1.0,1.4318095328809768,10,1.0,0.32886786464832707,10,1.0,0.037465414613074934,10,1.0,4.569468395904823,10,1.0,26.34985944020615,10,1.0,33.05680589443014,10,1.0
temporal_reversal,robot,go2,30,30,0.01764533708367934,30,1.0,0.009994023905215754,30,1.0,0.10587175031945947,30,1.0,0.06526459530766333,30,1.0,0.17181413201937715,30,1.0,4.316368252972867,30,1.0,1.233515378723673,30,1.0,0.2698577737071685,30,1.0,0.030816764578685738,30,1.0,4.658528016784444,30,1.0,33.01333220900573,30,1.0,32.27756919451779,30,1.0
front_hind_reflected_temporal_reversal,overall,all,30,30,0.01764533708367934,30,1.0,0.009994023905215754,30,1.0,0.8411692444749392,30,1.0,0.314989137202062,30,1.0,0.28349731054832256,30,1.0,6.037682396306756,30,1.0,2.061314770134863,30,1.0,0.6399728095656997,30,1.0,0.030816764578685738,30,1.0,8.069839840342352,30,1.0,29.65008615276613,30,1.0,68.21254096549245,30,1.0
front_hind_reflected_temporal_reversal,family,bound,3,3,0.013206119250716955,3,1.0,0.008308440825730878,3,1.0,0.9073180822597037,3,1.0,0.32394786778864115,3,1.0,0.2968997560253799,3,1.0,6.392623466702587,3,1.0,2.001125165236609,3,1.0,0.62350891913905,3,1.0,0.020462264571450946,3,1.0,8.595074498629,3,1.0,33.10958174071056,3,1.0,71.15840342192053,3,1.0
front_hind_reflected_temporal_reversal,family,gallop,12,12,0.01948205041117196,12,1.0,0.012962875266109328,12,1.0,0.8168392915789903,12,1.0,0.3111917794906032,12,1.0,0.2805584821099037,12,1.0,6.020898661431794,12,1.0,2.0264918833245695,12,1.0,0.6317152408223837,12,1.0,0.04473208122800062,12,1.0,8.054477953491839,12,1.0,30.952068150417148,12,1.0,67.41394089767057,12,1.0
front_hind_reflected_temporal_reversal,family,half_bound,12,12,0.018482063761433628,12,1.0,0.009825926091035189,12,1.0,0.8515010517532877,12,1.0,0.3153198212082193,12,1.0,0.2938207463995453,12,1.0,6.351144366786252,12,1.0,2.003577102428902,12,1.0,0.6228318394138969,12,1.0,0.024894332600001668,12,1.0,8.393913291932352,12,1.0,30.86505464035184,12,1.0,68.41791229039661,12,1.0
front_hind_reflected_temporal_reversal,family,trot,3,3,0.0113907948956541,3,1.0,0.00047659279784858675,3,1.0,0.8310129891605746,3,1.0,0.31989710143668865,3,1.0,0.24055643542004979,3,1.0,4.496028383492789,3,1.0,2.4917465930981373,3,1.0,0.7580308555728233,3,1.0,0.009199725903397233,3,1.0,6.309758923097756,3,1.0,16.122788623874758,3,1.0,67.63959348073534,3,1.0
front_hind_reflected_temporal_reversal,direction,positive_to_negative,30,30,0.01764533708367934,30,1.0,0.009994023905215754,30,1.0,0.8411692444749392,30,1.0,0.314989137202062,30,1.0,0.28349731054832256,30,1.0,6.037682396306756,30,1.0,2.061314770134863,30,1.0,0.6399728095656997,30,1.0,0.030816764578685738,30,1.0,8.069839840342352,30,1.0,29.65008615276613,30,1.0,68.21254096549245,30,1.0
front_hind_reflected_temporal_reversal,speed,0.5 m/s,10,10,0.021976353762219278,10,1.0,0.01281611285055241,10,1.0,0.8322936197916666,10,1.0,0.3351862238982243,10,1.0,0.30335040462258417,10,1.0,5.200508571516332,10,1.0,1.860828800507743,10,1.0,0.5895584727451454,10,1.0,0.024077944626996882,10,1.0,7.757853557197779,10,1.0,34.68712097241122,10,1.0,66.02086579395434,10,1.0
front_hind_reflected_temporal_reversal,speed,1 m/s,10,10,0.018648244301472154,10,1.0,0.00926950160761782,10,1.0,0.8464306246849798,10,1.0,0.3236847836504399,10,1.0,0.2792616731346782,10,1.0,6.041135591410779,10,1.0,2.0668625756832264,10,1.0,0.6405168453942054,10,1.0,0.030906934495985378,10,1.0,8.118385100729686,10,1.0,28.921938040881894,10,1.0,68.31902322533668,10,1.0
front_hind_reflected_temporal_reversal,speed,1.5 m/s,10,10,0.012311413187346581,10,1.0,0.007896457257477027,10,1.0,0.8447834889481707,10,1.0,0.2860964040575217,10,1.0,0.2678798538877053,10,1.0,6.871403025993156,10,1.0,2.25625293421362,10,1.0,0.6898431105577478,10,1.0,0.037465414613074934,10,1.0,8.333280863099592,10,1.0,25.34119944500526,10,1.0,70.29773387718635,10,1.0
front_hind_reflected_temporal_reversal,robot,go2,30,30,0.01764533708367934,30,1.0,0.009994023905215754,30,1.0,0.8411692444749392,30,1.0,0.314989137202062,30,1.0,0.28349731054832256,30,1.0,6.037682396306756,30,1.0,2.061314770134863,30,1.0,0.6399728095656997,30,1.0,0.030816764578685738,30,1.0,8.069839840342352,30,1.0,29.65008615276613,30,1.0,68.21254096549245,30,1.0
