cell_id,gait_index,gait_name,family,velocity_mps,velocity_sign,seed,status,reason,relative_output_dir,sample_count,measurement_start_s,measurement_stop_s,measurement_duration_s,complete_cycles,phase_boundary_trimmed,gait_period_s,effort_limit_source,effort_limit_min_nm,effort_limit_max_nm,command_x_mean_mps,measured_x_mean_mps,tracking_rmse_mps,yaw_tracking_rmse_radps,tracking_success_threshold_mps,yaw_tracking_success_threshold_radps,planar_tracking_success,yaw_tracking_success,tracking_success,signed_directed_progress_m,integrated_body_x_progress_m,position_vs_integrated_progress_difference_m,directed_progress_definition,positive_directed_progress,torque_squared_front_integral,torque_squared_hind_integral,torque_squared_total_integral,torque_squared_signed_imbalance_percent,torque_squared_abs_imbalance_percent,torque_squared_total_per_s,torque_squared_total_per_directed_m,normalized_torque_utilization_front_integral,normalized_torque_utilization_hind_integral,normalized_torque_utilization_total_integral,normalized_torque_utilization_signed_imbalance_percent,normalized_torque_utilization_abs_imbalance_percent,normalized_torque_utilization_total_per_s,normalized_torque_utilization_total_per_directed_m,absolute_work_front_integral,absolute_work_hind_integral,absolute_work_total_integral,absolute_work_signed_imbalance_percent,absolute_work_abs_imbalance_percent,absolute_work_total_per_s,absolute_work_total_per_directed_m,vertical_grf_impulse_front_integral,vertical_grf_impulse_hind_integral,vertical_grf_impulse_total_integral,vertical_grf_impulse_signed_imbalance_percent,vertical_grf_impulse_abs_imbalance_percent,vertical_grf_impulse_total_per_s,vertical_grf_impulse_total_per_directed_m
gait_00_trot__vx_neg_1p5__seed_0042,0,trot,trot,-1.5,backward,42,valid,,cells/gait_00_trot/vx_neg_1p5/seed_0042,480,5.26,14.86,9.6,31,True,0.3096770942211151,recorded_joint_effort_limits,1000000000.0,1000000000.0,-1.5,-1.504064487417539,0.0427803791758506,0.03659932196562699,0.425,0.05,True,True,True,14.411199569702148,14.439019079208375,-0.02781950950622658,commanded-sign world-x displacement across the same sample intervals as effort integration,True,1320.2319614629785,1128.7240408345929,2448.956002297571,7.819982084149978,7.819982084149978,255.09958357266368,169.93422306399899,1.3202319614629786e-15,1.128724040834593e-15,2.4489560022975718e-15,7.819982084149981,7.819982084149981,2.5509958357266374e-16,1.6993422306399902e-16,593.5461382142804,379.0305052249541,972.5766434392344,22.056424492238904,22.056424492238904,101.31006702492026,67.48755637830195,829.4933991736033,817.60968367641,1647.1030828500134,0.721491910307804,0.721491910307804,171.5732377968764,114.29326718317425
gait_00_trot__vx_neg_1p0__seed_0042,0,trot,trot,-1.0,backward,42,valid,,cells/gait_00_trot/vx_neg_1p0/seed_0042,480,5.36,14.96,9.6,25,True,0.3838850259780884,recorded_joint_effort_limits,1000000000.0,1000000000.0,-1.0,-0.9804641029487053,0.04139370092005481,0.03228263081341533,0.3,0.05,True,True,True,9.393066883087158,9.412455388307572,-0.01938850522041413,commanded-sign world-x displacement across the same sample intervals as effort integration,True,1062.8588833754304,907.7299430241115,1970.588826399542,7.872212522119826,7.872212522119826,205.26966941661897,209.79184444515332,1.0628588833754304e-15,9.077299430241118e-16,1.9705888263995423e-15,7.872212522119812,7.872212522119812,2.05269669416619e-16,2.0979184444515334e-16,342.59854989355955,246.73515135244583,589.3337012460054,16.266403624709305,16.266403624709305,61.38892721312556,62.741350464259966,845.5886195314571,841.6064186811448,1687.195038212602,0.23602492658649762,0.23602492658649762,175.74948314714604,179.62131636159313
gait_00_trot__vx_neg_0p5__seed_0042,0,trot,trot,-0.5,backward,42,valid,,cells/gait_00_trot/vx_neg_0p5/seed_0042,476,5.22,14.74,9.52,20,True,0.4758754074573517,recorded_joint_effort_limits,1000000000.0,1000000000.0,-0.5,-0.47884501585689915,0.03736090125370619,0.03042134930714676,0.175,0.05,True,True,True,4.552426815032959,4.55860455095768,-0.0061777359247212615,commanded-sign world-x displacement across the same sample intervals as effort integration,True,778.9689727356849,681.311795716664,1460.280768452349,6.687561675041505,6.687561675041505,153.3908370223056,320.76974057665916,7.789689727356849e-16,6.813117957166641e-16,1.460280768452349e-15,6.687561675041504,6.687561675041504,1.5339083702230556e-16,3.207697405766592e-16,123.87663353472992,103.60597075012804,227.48260428485796,8.910862810071658,8.910862810071658,23.895231542527096,49.969524723312,840.1076370726112,860.3357664850732,1700.4434035576844,-1.1895796925755115,1.1895796925755115,178.61800457538703,373.52459965803394
gait_00_trot__vx_pos_0p5__seed_0042,0,trot,trot,0.5,forward,42,valid,,cells/gait_00_trot/vx_pos_0p5/seed_0042,476,5.22,14.74,9.52,20,True,0.4758754074573517,recorded_joint_effort_limits,1000000000.0,1000000000.0,0.5,0.4897670738962518,0.03602032582623765,0.026469232785984842,0.175,0.05,True,True,True,4.651778221130371,4.662582543492317,-0.010804322361946284,commanded-sign world-x displacement across the same sample intervals as effort integration,True,789.5357876589237,724.9867603882149,1514.5225480471386,4.262005036104606,4.262005036104606,159.08850294612802,325.57926798133406,7.895357876589236e-16,7.249867603882148e-16,1.5145225480471385e-15,4.262005036104604,4.262005036104604,1.59088502946128e-16,3.25579267981334e-16,123.18723529341565,126.2946662272267,249.48190152064234,-1.245553651335279,1.245553651335279,26.20608209250445,53.63151243698347,876.412805734195,823.52940484183,1699.942210576025,3.1108940388300295,3.1108940388300295,178.56535825378415,365.43922125396233
gait_00_trot__vx_pos_1p0__seed_0042,0,trot,trot,1.0,forward,42,valid,,cells/gait_00_trot/vx_pos_1p0/seed_0042,480,5.36,14.96,9.6,25,True,0.3838850259780884,recorded_joint_effort_limits,1000000000.0,1000000000.0,1.0,0.9970715530216694,0.03382289124420087,0.03740440863535542,0.3,0.05,True,True,True,9.554750442504883,9.571886909008027,-0.017136466503144376,commanded-sign world-x displacement across the same sample intervals as effort integration,True,963.4273731174029,957.4952025847637,1920.9225757021666,0.30881882527049925,0.30881882527049925,200.09610163564236,201.04372032123695,9.634273731174028e-16,9.574952025847638e-16,1.9209225757021667e-15,0.30881882527048454,0.30881882527048454,2.0009610163564237e-16,2.0104372032123696e-16,245.26479289092887,328.8557541906763,574.1205470816052,-14.559827500454507,14.559827500454507,59.804223654333875,60.08744556295216,853.1619885371902,829.609119874872,1682.7711084120622,1.3996477919414525,1.3996477919414525,175.28865712625648,176.11879227385717
gait_00_trot__vx_pos_1p5__seed_0042,0,trot,trot,1.5,forward,42,valid,,cells/gait_00_trot/vx_pos_1p5/seed_0042,480,5.26,14.86,9.6,31,True,0.3096770942211151,recorded_joint_effort_limits,1000000000.0,1000000000.0,1.5,1.5204582082728544,0.03346931946046701,0.029136754425357056,0.425,0.05,True,True,True,14.57775592803955,14.596398799419404,-0.018642871379853432,commanded-sign world-x displacement across the same sample intervals as effort integration,True,1187.4181208739221,1202.0992527302549,2389.517373604177,-0.6143973682094963,0.6143973682094963,248.90805975043511,163.91530942070895,1.1874181208739222e-15,1.2020992527302552e-15,2.3895173736041776e-15,-0.6143973682095051,0.6143973682095051,2.4890805975043517e-16,1.6391530942070898e-16,389.85672045242575,549.9092314121872,939.7659518646129,-17.03110339784042,17.03110339784042,97.89228665256385,64.46574880959712,778.7146588170665,834.3581589250205,1613.072817742087,-3.4495342985099366,3.4495342985099366,168.02841851480073,110.6530268242059
gait_01_bound__vx_neg_1p5__seed_0042,1,bound,bound,-1.5,backward,42,valid,,cells/gait_01_bound/vx_neg_1p5/seed_0042,480,5.26,14.86,9.6,31,True,0.3096770942211151,recorded_joint_effort_limits,1000000000.0,1000000000.0,-1.5,-1.5178941667079926,0.03474428605907053,0.03745979891945421,0.425,0.05,True,True,True,14.54529094696045,14.571784000396729,-0.026493053436279723,commanded-sign world-x displacement across the same sample intervals as effort integration,True,2347.1594265514495,2662.256528492919,5009.415955044369,-6.290096585494641,6.290096585494641,521.8141619837885,344.4012205263721,2.3471594265514498e-15,2.6622565284929197e-15,5.0094159550443695e-15,-6.290096585494648,6.290096585494648,5.218141619837885e-16,3.444012205263721e-16,1118.4150508602863,1958.0600892864873,3076.475140146774,-27.29243696687706,27.29243696687706,320.46616043195564,211.51004482242203,872.5457907470752,700.3819277869916,1572.9277185340668,10.94544020881878,10.94544020881878,163.84663734729864,108.13999694263687
gait_01_bound__vx_neg_1p0__seed_0042,1,bound,bound,-1.0,backward,42,valid,,cells/gait_01_bound/vx_neg_1p0/seed_0042,480,5.36,14.96,9.6,25,True,0.3838850259780884,recorded_joint_effort_limits,1000000000.0,1000000000.0,-1.0,-1.0022879208127657,0.03629558292911844,0.034929839253617596,0.3,0.05,True,True,True,9.528614044189453,9.62196403980255,-0.09334999561309765,commanded-sign world-x displacement across the same sample intervals as effort integration,True,2066.8252229117393,2297.81712101084,4364.642343922579,-5.292344249483319,5.292344249483319,454.650244158602,458.056368290427,2.0668252229117394e-15,2.2978171210108397e-15,4.3646423439225795e-15,-5.292344249483312,5.292344249483312,4.546502441586021e-16,4.58056368290427e-16,1132.7219046260705,1907.6606667317558,3040.3825713578262,-25.488199064356557,25.488199064356557,316.7065178497736,319.0792026267294,846.2563463142816,755.3304726682082,1601.5868189824898,5.6772366360906865,5.6772366360906865,166.83196031067604,168.0818229760431
gait_01_bound__vx_neg_0p5__seed_0042,1,bound,bound,-0.5,backward,42,valid,,cells/gait_01_bound/vx_neg_0p5/seed_0042,476,5.22,14.74,9.52,20,True,0.4758754074573517,recorded_joint_effort_limits,1000000000.0,1000000000.0,-0.5,-0.49352006952301797,0.033051901522882295,0.03343496774166171,0.175,0.05,True,True,True,4.601293563842773,4.698311061859131,-0.09701749801635717,commanded-sign world-x displacement across the same sample intervals as effort integration,True,1895.9041492943286,1818.315408322998,3714.2195576173267,2.0889648489467243,2.0889648489467243,390.14911319509736,807.2120385458288,1.8959041492943284e-15,1.8183154083229984e-15,3.714219557617327e-15,2.088964848946709,2.088964848946709,3.901491131950974e-16,8.072120385458288e-16,1330.6259848657035,1553.7185696574713,2884.344554523175,-7.7346024573214835,7.7346024573214835,302.9773691726024,626.8551472543544,847.0040687894822,777.4520860037513,1624.4561547932335,4.2815549425883805,4.2815549425883805,170.63615071357495,353.0433631877571
gait_01_bound__vx_pos_0p5__seed_0042,1,bound,bound,0.5,forward,42,valid,,cells/gait_01_bound/vx_pos_0p5/seed_0042,476,5.22,14.74,9.52,20,True,0.4758754074573517,recorded_joint_effort_limits,1000000000.0,1000000000.0,0.5,0.5013313947104606,0.026040676015704995,0.02466348936539396,0.175,0.05,True,True,True,4.716803073883057,4.772674877643586,-0.055871803760529026,commanded-sign world-x displacement across the same sample intervals as effort integration,True,2226.040777853908,1578.1218141647848,3804.1625920186925,17.031842041885557,17.031842041885557,399.5969109263333,806.5129140290687,2.226040777853908e-15,1.578121814164785e-15,3.804162592018693e-15,17.03184204188555,17.03184204188555,3.995969109263333e-16,8.065129140290687e-16,1822.9773615225079,1228.4330270117362,3051.410388534244,19.48424691561607,19.48424691561607,320.52630131662227,646.9234226524966,837.2258498981738,755.9707249456659,1593.1965748438397,5.100131787596411,5.100131787596411,167.35258139115965,337.7704241386228
gait_01_bound__vx_pos_1p0__seed_0042,1,bound,bound,1.0,forward,42,valid,,cells/gait_01_bound/vx_pos_1p0/seed_0042,480,5.36,14.96,9.6,25,True,0.3838850259780884,recorded_joint_effort_limits,1000000000.0,1000000000.0,1.0,1.0029390330115955,0.032460527066712166,0.027145951629140387,0.3,0.05,True,True,True,9.534040927886963,9.628214716911316,-0.09417378902435303,commanded-sign world-x displacement across the same sample intervals as effort integration,True,2379.8620140415233,1765.1244683217694,4144.986482363292,14.830869734688664,14.830869734688664,431.7694252461763,434.75652283380214,2.3798620140415234e-15,1.7651244683217692e-15,4.1449864823632925e-15,14.830869734688672,14.830869734688672,4.3176942524617634e-16,4.3475652283380213e-16,1867.3256880550543,1038.3765933766736,2905.702281431728,28.528356121533978,28.528356121533978,302.67732098247166,304.7713245002527,833.7189974989216,783.8725170111657,1617.591514510087,3.081524602510832,3.081524602510832,168.49911609480074,169.66483852388865
gait_01_bound__vx_pos_1p5__seed_0042,1,bound,bound,1.5,forward,42,valid,,cells/gait_01_bound/vx_pos_1p5/seed_0042,480,5.26,14.86,9.6,31,True,0.3096770942211151,recorded_joint_effort_limits,1000000000.0,1000000000.0,1.5,1.5149996931354204,0.03469084748224276,0.021675719155175462,0.425,0.05,True,True,True,14.510859966278076,14.543997054100037,-0.03313708782196123,commanded-sign world-x displacement across the same sample intervals as effort integration,True,2563.2671958540336,2032.6198350186746,4595.887030872708,11.546135866063594,11.546135866063594,478.7382323825738,316.72051425988076,2.5632671958540335e-15,2.0326198350186746e-15,4.5958870308727085e-15,11.54613586606359,11.54613586606359,4.787382323825738e-16,3.167205142598808e-16,1781.9611212576733,1037.6740259315409,2819.635147189214,26.396574608884546,26.396574608884546,293.7119944988765,194.3120637744276,798.2363094226994,758.5759036089271,1556.8122130316265,2.5475394836825185,2.5475394836825185,162.1679388574611,107.28600624976859
gait_02_half_bound__vx_neg_1p5__seed_0042,2,half_bound_front_a,half_bound,-1.5,backward,42,valid,,cells/gait_02_half_bound/vx_neg_1p5/seed_0042,480,5.26,14.86,9.6,31,True,0.3096770942211151,recorded_joint_effort_limits,1000000000.0,1000000000.0,-1.5,-1.5043889989455541,0.044303022494317744,0.062112628235772814,0.425,0.05,True,False,False,14.414405822753906,14.44213438987732,-0.027728567123412873,commanded-sign world-x displacement across the same sample intervals as effort integration,True,2322.5340674544086,2419.798536255074,4742.332603709483,-2.0509837020833257,2.0509837020833257,493.99297955307117,328.9995204813409,2.3225340674544085e-15,2.4197985362550736e-15,4.742332603709482e-15,-2.0509837020833213,2.0509837020833213,4.939929795530711e-16,3.289995204813408e-16,1234.0532636119553,1776.0057512326282,3010.0590148445835,-18.004713028812663,18.004713028812663,313.5478140463108,208.82296862303164,945.563755929746,677.7442942712711,1623.308050201017,16.498375747308735,16.498375747308735,169.09458856260596,112.61706310769598
gait_02_half_bound__vx_neg_1p0__seed_0042,2,half_bound_front_a,half_bound,-1.0,backward,42,valid,,cells/gait_02_half_bound/vx_neg_1p0/seed_0042,480,5.36,14.96,9.6,25,True,0.3838850259780884,recorded_joint_effort_limits,1000000000.0,1000000000.0,-1.0,-0.9919085043172041,0.051868943854477635,0.04160784579323054,0.3,0.05,True,True,True,9.38644552230835,9.52232164144516,-0.1358761191368103,commanded-sign world-x displacement across the same sample intervals as effort integration,True,1986.3204447541218,2060.8996756208307,4047.220120374953,-1.84272732019823,1.84272732019823,421.58542920572427,431.17707451197623,1.986320444754122e-15,2.060899675620831e-15,4.047220120374953e-15,-1.8427273201982244,1.8427273201982244,4.215854292057243e-16,4.3117707451197625e-16,1221.0332137834096,1662.5192164431023,2883.552430226512,-15.310489867701579,15.310489867701579,300.3700448152617,307.2038742858839,935.7466269665007,719.2725192267824,1655.0191461932832,13.079855193073225,13.079855193073225,172.397827728467,176.3201141752618
gait_02_half_bound__vx_neg_0p5__seed_0042,2,half_bound_front_a,half_bound,-0.5,backward,42,valid,,cells/gait_02_half_bound/vx_neg_0p5/seed_0042,476,5.22,14.74,9.52,20,True,0.4758754074573517,recorded_joint_effort_limits,1000000000.0,1000000000.0,-0.5,-0.48408595084392725,0.05727293301958588,0.05001805829916078,0.175,0.05,True,False,False,4.495330810546875,4.608498252034187,-0.11316744148731228,commanded-sign world-x displacement across the same sample intervals as effort integration,True,1511.4034832372902,1768.2171014645621,3279.6205847018523,-7.830589289053955,7.830589289053955,344.49796057792565,729.5615657489005,1.5114034832372901e-15,1.7682171014645622e-15,3.2796205847018525e-15,-7.8305892890539575,7.8305892890539575,3.444979605779257e-16,7.295615657489005e-16,982.4514253955292,1514.427260264383,2496.878685659912,-21.305634027159606,21.305634027159606,262.2771728634362,555.4382515746727,878.3159585476559,770.3516858553394,1648.6676444029954,6.548577153123656,6.548577153123656,173.17937441207937,366.7511277556964
gait_02_half_bound__vx_pos_0p5__seed_0042,2,half_bound_front_a,half_bound,0.5,forward,42,valid,,cells/gait_02_half_bound/vx_pos_0p5/seed_0042,476,5.22,14.74,9.52,20,True,0.4758754074573517,recorded_joint_effort_limits,1000000000.0,1000000000.0,0.5,0.4975256845981133,0.03903863574991839,0.04075926061748177,0.175,0.05,True,True,True,4.632976770401001,4.736444517374038,-0.1034677469730374,commanded-sign world-x displacement across the same sample intervals as effort integration,True,1740.3609067189493,1315.4523930338362,3055.8132997527855,13.904923894384781,13.904923894384781,320.9887919908388,659.5788088720103,1.7403609067189494e-15,1.3154523930338362e-15,3.0558132997527856e-15,13.904923894384781,13.904923894384781,3.2098879199083884e-16,6.595788088720103e-16,1086.2927770034416,784.1542121089967,1870.4469891124384,16.153281362858365,16.153281362858365,196.4755240664326,403.72466381922834,896.5047758130161,707.1716240374788,1603.6763998504948,11.80619430411199,11.80619430411199,168.45340334564023,346.1438464565603
gait_02_half_bound__vx_pos_1p0__seed_0042,2,half_bound_front_a,half_bound,1.0,forward,42,valid,,cells/gait_02_half_bound/vx_pos_1p0/seed_0042,480,5.36,14.96,9.6,25,True,0.3838850259780884,recorded_joint_effort_limits,1000000000.0,1000000000.0,1.0,0.9892083992560704,0.058681782285338095,0.046971251486253696,0.3,0.05,True,True,True,9.342798233032227,9.496400632858277,-0.15360239982605073,commanded-sign world-x displacement across the same sample intervals as effort integration,True,2213.9894633065437,1524.127769144149,3738.1172324506924,18.45479023968771,18.45479023968771,389.3872117136138,400.10681374176244,2.2139894633065436e-15,1.5241277691441488e-15,3.7381172324506924e-15,18.454790239687714,18.454790239687714,3.893872117136138e-16,4.0010681374176246e-16,1343.078717270242,828.9283664055508,2172.0070836757927,23.671670075521554,23.671670075521554,226.2507378828951,232.47928827109678,887.4396919104335,709.9381383817226,1597.377830292156,11.112058159480421,11.112058159480421,166.39352398876625,170.9742403131961
gait_02_half_bound__vx_pos_1p5__seed_0042,2,half_bound_front_a,half_bound,1.5,forward,42,valid,,cells/gait_02_half_bound/vx_pos_1p5/seed_0042,480,5.26,14.86,9.6,31,True,0.3096770942211151,recorded_joint_effort_limits,1000000000.0,1000000000.0,1.5,1.4961552356680234,0.06322713079844303,0.045830687446033226,0.425,0.05,True,True,True,14.301074028015137,14.363090262413024,-0.062016234397887615,commanded-sign world-x displacement across the same sample intervals as effort integration,True,2482.185693483422,1899.0846963152578,4381.270389798679,13.308947982892185,13.308947982892185,456.38233227069577,306.3595350402337,2.482185693483422e-15,1.899084696315258e-15,4.38127038979868e-15,13.308947982892184,13.308947982892184,4.563823322706958e-16,3.0635953504023373e-16,1465.7604346471578,950.5708880339962,2416.3313226811542,21.321146722607097,21.321146722607097,251.70117944595358,168.96152820044662,818.1503577965469,745.6438891049137,1563.7942469014606,4.636573438948205,4.636573438948205,162.89523405223548,109.34802825564434
gait_03_half_bound__vx_neg_1p5__seed_0042,3,half_bound_front_b,half_bound,-1.5,backward,42,valid,,cells/gait_03_half_bound/vx_neg_1p5/seed_0042,480,5.26,14.86,9.6,31,True,0.3096770942211151,recorded_joint_effort_limits,1000000000.0,1000000000.0,-1.5,-1.5067884303629397,0.03971132586122306,0.04566397623722021,0.425,0.05,True,True,True,14.398522853851318,14.465168931484223,-0.06664607763290498,commanded-sign world-x displacement across the same sample intervals as effort integration,True,2178.3039438662654,2848.998914198568,5027.302858064833,-13.341049649642038,13.341049649642038,523.6773810484202,349.1540701149167,2.1783039438662653e-15,2.8489989141985687e-15,5.027302858064834e-15,-13.341049649642054,13.341049649642054,5.236773810484202e-16,3.4915407011491674e-16,1223.1482768333683,1978.942140523627,3202.090417356995,-23.603139361507807,23.603139361507807,333.55108514135367,222.39020279087168,874.3344790266393,755.1721438141534,1629.5066228407927,7.312786185842241,7.312786185842241,169.7402732125826,113.17179125808256
gait_03_half_bound__vx_neg_1p0__seed_0042,3,half_bound_front_b,half_bound,-1.0,backward,42,valid,,cells/gait_03_half_bound/vx_neg_1p0/seed_0042,480,5.36,14.96,9.6,25,True,0.3838850259780884,recorded_joint_effort_limits,1000000000.0,1000000000.0,-1.0,-0.9918506880601247,0.04595759697991664,0.04635986551505115,0.3,0.05,True,True,True,9.398355484008789,9.521766605377197,-0.1234111213684077,commanded-sign world-x displacement across the same sample intervals as effort integration,True,1822.3776093761899,2296.559329015352,4118.936938391542,-11.512235480457042,11.512235480457042,429.0559310824523,438.2614538681659,1.82237760937619e-15,2.296559329015352e-15,4.118936938391542e-15,-11.512235480457035,11.512235480457035,4.290559310824523e-16,4.382614538681659e-16,1118.3214713478217,1744.3601648442097,2862.6816361920314,-21.86895970482946,21.86895970482946,298.1960037700033,304.59388784163957,841.9499846234246,781.7950264434356,1623.7450110668601,3.704704727035001,3.704704727035001,169.1401053194646,172.76905665354397
gait_03_half_bound__vx_neg_0p5__seed_0042,3,half_bound_front_b,half_bound,-0.5,backward,42,valid,,cells/gait_03_half_bound/vx_neg_0p5/seed_0042,476,5.22,14.74,9.52,20,True,0.4758754074573517,recorded_joint_effort_limits,1000000000.0,1000000000.0,-0.5,-0.48470695103917805,0.05060839212676897,0.05255787596847006,0.175,0.05,True,False,False,4.524358510971069,4.614410173892975,-0.0900516629219057,commanded-sign world-x displacement across the same sample intervals as effort integration,True,1515.622624741433,1972.2990028426882,3487.921627584121,-13.093080259878668,13.093080259878668,366.3783222252228,770.9206993933607,1.515622624741433e-15,1.972299002842688e-15,3.487921627584121e-15,-13.093080259878665,13.093080259878665,3.6637832222522284e-16,7.709206993933608e-16,994.8597174334727,1560.2895431381055,2555.1492605715785,-22.129033103066078,22.129033103066078,268.3980315726448,564.7539323808279,810.0311661966093,807.3392836634597,1617.3704498600691,0.16643574348613321,0.16643574348613321,169.89185397689803,357.48061209962134
gait_03_half_bound__vx_pos_0p5__seed_0042,3,half_bound_front_b,half_bound,0.5,forward,42,valid,,cells/gait_03_half_bound/vx_pos_0p5/seed_0042,476,5.22,14.74,9.52,20,True,0.4758754074573517,recorded_joint_effort_limits,1000000000.0,1000000000.0,0.5,0.5002390343476745,0.04253670995753398,0.0424688504299089,0.175,0.05,True,True,True,4.700483322143555,4.762275606989861,-0.06179228484630617,commanded-sign world-x displacement across the same sample intervals as effort integration,True,1769.0494848332214,1607.7799562513046,3376.829441084526,4.775767665959533,4.775767665959533,354.7089749038368,718.4004728144839,1.7690494848332213e-15,1.6077799562513045e-15,3.3768294410845258e-15,4.775767665959534,4.775767665959534,3.5470897490383676e-16,7.184004728144839e-16,1334.395354291133,1347.01013039277,2681.4054846839026,-0.47045387852349213,0.47045387852349213,281.6602399878049,570.4531429889438,820.1197691834043,788.4634784318389,1608.5832476152432,1.9679609866941283,1.9679609866941283,168.96882853101295,342.2165631430606
gait_03_half_bound__vx_pos_1p0__seed_0042,3,half_bound_front_b,half_bound,1.0,forward,42,valid,,cells/gait_03_half_bound/vx_pos_1p0/seed_0042,480,5.36,14.96,9.6,25,True,0.3838850259780884,recorded_joint_effort_limits,1000000000.0,1000000000.0,1.0,1.0073188122361898,0.04219503663239621,0.037024721581971544,0.3,0.05,True,True,True,9.610675811767578,9.670260597467422,-0.059584785699843934,commanded-sign world-x displacement across the same sample intervals as effort integration,True,2204.2985785680357,1605.000967031683,3809.299545599719,15.732488463098848,15.732488463098848,396.8020359999707,396.36125702372635,2.204298578568036e-15,1.6050009670316831e-15,3.809299545599719e-15,15.73248846309885,15.73248846309885,3.968020359999707e-16,3.9636125702372633e-16,1681.2790612219121,915.075254559262,2596.354315781174,29.510756756329677,29.510756756329677,270.453574560539,270.15314704530203,836.3906757580316,756.2142611516628,1592.6049369096945,5.034293988937643,5.034293988937643,165.89634759475985,165.71206521810515
gait_03_half_bound__vx_pos_1p5__seed_0042,3,half_bound_front_b,half_bound,1.5,forward,42,valid,,cells/gait_03_half_bound/vx_pos_1p5/seed_0042,480,5.26,14.86,9.6,31,True,0.3096770942211151,recorded_joint_effort_limits,1000000000.0,1000000000.0,1.5,1.5084635781745115,0.04487208615758953,0.032747168080068,0.425,0.05,True,True,True,14.491981029510498,14.481250350475312,0.010730679035185986,commanded-sign world-x displacement across the same sample intervals as effort integration,True,2315.8287621829827,1967.5863798142773,4283.41514199726,8.130017073393633,8.130017073393633,446.1890772913813,295.5714014029415,2.315828762182983e-15,1.9675863798142772e-15,4.283415141997261e-15,8.130017073393642,8.130017073393642,4.461890772913813e-16,2.955714014029415e-16,1300.890603915074,1071.1378041819655,2372.0284080970396,9.685921085465743,9.685921085465743,247.0862925101083,163.67868569982255,812.0025743608666,731.7613794637256,1543.7639538245921,5.197763213627818,5.197763213627818,160.8087451900617,106.52539157213737
gait_04_half_bound__vx_neg_1p5__seed_0042,4,half_bound_hind_a,half_bound,-1.5,backward,42,valid,,cells/gait_04_half_bound/vx_neg_1p5/seed_0042,480,5.26,14.86,9.6,31,True,0.3096770942211151,recorded_joint_effort_limits,1000000000.0,1000000000.0,-1.5,-1.5199890375137328,0.04300608699526297,0.030027515128261163,0.425,0.05,True,True,True,14.524933815002441,14.591894760131837,-0.0669609451293951,commanded-sign world-x displacement across the same sample intervals as effort integration,True,2253.999435872667,2562.8791385689915,4816.878574441658,-6.412445278052866,6.412445278052866,501.75818483767273,331.62826321910154,2.253999435872667e-15,2.5628791385689914e-15,4.816878574441658e-15,-6.412445278052864,6.412445278052864,5.017581848376728e-16,3.3162826321910154e-16,1075.1663279421243,1612.3359190145723,2687.5022469566966,-19.987689003078376,19.987689003078376,279.94815072465593,185.02681534981195,870.6257427604596,753.7594705998192,1624.3852133602788,7.194492488569592,7.194492488569592,169.2067930583624,111.83425921586588
gait_04_half_bound__vx_neg_1p0__seed_0042,4,half_bound_hind_a,half_bound,-1.0,backward,42,valid,,cells/gait_04_half_bound/vx_neg_1p0/seed_0042,480,5.36,14.96,9.6,25,True,0.3838850259780884,recorded_joint_effort_limits,1000000000.0,1000000000.0,-1.0,-1.003929456944267,0.0406691830204244,0.03196912870431682,0.3,0.05,True,True,True,9.414219379425049,9.637722786664963,-0.2235034072399138,commanded-sign world-x displacement across the same sample intervals as effort integration,True,1894.7044347450865,2246.855256017698,4141.559690762784,-8.502855145563608,8.502855145563608,431.41246778779004,439.9259804603916,1.894704434745087e-15,2.2468552560176985e-15,4.141559690762785e-15,-8.502855145563604,8.502855145563604,4.3141246778779016e-16,4.3992598046039176e-16,945.843378203855,1600.0913969135472,2545.9347751174023,-25.697752554541484,25.697752554541484,265.2015390747294,270.43503794712814,861.8488340165978,767.2670732617639,1629.1159072783616,5.8057109584574835,5.8057109584574835,169.69957367482934,173.04843254862158
gait_04_half_bound__vx_neg_0p5__seed_0042,4,half_bound_hind_a,half_bound,-0.5,backward,42,valid,,cells/gait_04_half_bound/vx_neg_0p5/seed_0042,476,5.22,14.74,9.52,20,True,0.4758754074573517,recorded_joint_effort_limits,1000000000.0,1000000000.0,-0.5,-0.5061053093366262,0.03616611303480264,0.03374463724730501,0.175,0.05,True,True,True,4.555313348770142,4.818122544884682,-0.26280919611454046,commanded-sign world-x displacement across the same sample intervals as effort integration,True,1444.1252217785006,1722.198177370092,3166.3233991485927,-8.782203222398689,8.782203222398689,332.5969957088858,695.0835555590148,1.4441252217785006e-15,1.7221981773700922e-15,3.1663233991485926e-15,-8.782203222398692,8.782203222398692,3.325969957088858e-16,6.950835555590148e-16,696.8919322791376,1265.2527918506057,1962.1447241297433,-28.966306744959876,28.966306744959876,206.10763908925875,430.73759671428303,799.1150135437013,813.5907738572307,1612.705787400932,-0.89760701713974,0.89760701713974,169.40186842446766,354.027410175051
gait_04_half_bound__vx_pos_0p5__seed_0042,4,half_bound_hind_a,half_bound,0.5,forward,42,valid,,cells/gait_04_half_bound/vx_pos_0p5/seed_0042,476,5.22,14.74,9.52,20,True,0.4758754074573517,recorded_joint_effort_limits,1000000000.0,1000000000.0,0.5,0.48725796785174297,0.05553761363560731,0.041058899902904664,0.175,0.05,True,True,True,4.6018595695495605,4.638695853948593,-0.036836284399032415,commanded-sign world-x displacement across the same sample intervals as effort integration,True,1892.0322436643173,1205.2381026701173,3097.2703463344346,22.174174811927827,22.174174811927827,325.3435237746255,673.047558171707,1.8920322436643174e-15,1.2052381026701172e-15,3.0972703463344346e-15,22.17417481192783,22.17417481192783,3.253435237746255e-16,6.730475581717071e-16,1401.5059743919753,632.8119282364668,2034.317902628442,37.78632853608164,37.78632853608164,213.68885531811367,442.0643159320842,822.0036940055542,803.1402230685791,1625.1439170741332,1.1607261817732668,1.1607261817732668,170.70839465064427,353.1493937424096
gait_04_half_bound__vx_pos_1p0__seed_0042,4,half_bound_hind_a,half_bound,1.0,forward,42,valid,,cells/gait_04_half_bound/vx_pos_1p0/seed_0042,480,5.36,14.96,9.6,25,True,0.3838850259780884,recorded_joint_effort_limits,1000000000.0,1000000000.0,1.0,0.9947025737414757,0.04828581421837683,0.03484770075273991,0.3,0.05,True,True,True,9.423842906951904,9.549144707918167,-0.12530180096626253,commanded-sign world-x displacement across the same sample intervals as effort integration,True,2093.321029034337,1516.9736942360207,3610.2947232703573,15.963996819523818,15.963996819523818,376.0723670073289,383.1021759294255,2.093321029034337e-15,1.5169736942360206e-15,3.6102947232703575e-15,15.963996819523823,15.963996819523823,3.7607236700732893e-16,3.831021759294255e-16,1536.4791984328733,836.3417000638409,2372.820898496714,29.506546356389567,29.506546356389567,247.16884359340773,251.7890972849622,829.7703530317743,801.5504351774789,1631.3207882092534,1.729881581738024,1.729881581738024,169.92924877179723,173.1056856864453
gait_04_half_bound__vx_pos_1p5__seed_0042,4,half_bound_hind_a,half_bound,1.5,forward,42,valid,,cells/gait_04_half_bound/vx_pos_1p5/seed_0042,480,5.26,14.86,9.6,31,True,0.3096770942211151,recorded_joint_effort_limits,1000000000.0,1000000000.0,1.5,1.5107196688652038,0.047514531185105534,0.03963963172027414,0.425,0.05,True,True,True,14.437100887298584,14.502908821105958,-0.06580793380737404,commanded-sign world-x displacement across the same sample intervals as effort integration,True,2325.651992675746,1807.9628964300675,4133.614889105814,12.523883093465082,12.523883093465082,430.58488428185564,286.3189030383842,2.3256519926757462e-15,1.8079628964300677e-15,4.133614889105814e-15,12.523883093465084,12.523883093465084,4.3058488428185564e-16,2.863189030383842e-16,1547.3152738753636,923.0184306204192,2470.3337044957825,25.271761548602967,25.271761548602967,257.32642755164403,171.1100950100808,804.6254496656131,835.4182816519868,1640.0437313175998,-1.87756164048351,1.87756164048351,170.83788867891667,113.59924295884578
gait_05_half_bound__vx_neg_1p5__seed_0042,5,half_bound_hind_b,half_bound,-1.5,backward,42,valid,,cells/gait_05_half_bound/vx_neg_1p5/seed_0042,480,5.26,14.86,9.6,31,True,0.3096770942211151,recorded_joint_effort_limits,1000000000.0,1000000000.0,-1.5,-1.498932960877816,0.04211166853295671,0.04982842432329686,0.425,0.05,True,True,True,14.357455253601074,14.389756424427032,-0.03230117082595818,commanded-sign world-x displacement across the same sample intervals as effort integration,True,2131.4948505120615,2763.244145170364,4894.738995682425,-12.906700341234924,12.906700341234924,509.868645383586,340.9196761699639,2.1314948505120616e-15,2.7632441451703647e-15,4.894738995682426e-15,-12.906700341234936,12.906700341234936,5.098686453835861e-16,3.4091967616996393e-16,1032.528490235007,1602.2366591512762,2634.765149386283,-21.622730551486594,21.622730551486594,274.4547030610712,183.51198752476995,848.2513124931709,736.5618192547082,1584.8131317478792,7.047486609054097,7.047486609054097,165.08470122373743,110.38259244098172
gait_05_half_bound__vx_neg_1p0__seed_0042,5,half_bound_hind_b,half_bound,-1.0,backward,42,valid,,cells/gait_05_half_bound/vx_neg_1p0/seed_0042,480,5.36,14.96,9.6,25,True,0.3838850259780884,recorded_joint_effort_limits,1000000000.0,1000000000.0,-1.0,-0.9881087540338437,0.04880545495608604,0.05773979787580075,0.3,0.05,True,False,False,9.392345905303955,9.485844038724899,-0.09349813342094393,commanded-sign world-x displacement across the same sample intervals as effort integration,True,1945.0226999724364,2388.2470101681374,4333.269710140574,-10.228403488443893,10.228403488443893,451.38226147297644,461.361810332553,1.9450226999724365e-15,2.3882470101681373e-15,4.333269710140574e-15,-10.228403488443888,10.228403488443888,4.513822614729765e-16,4.613618103325529e-16,1125.3575587428898,1462.8296739825046,2588.187232725394,-13.038937483833129,13.038937483833129,269.6028367422286,275.5634490914371,783.5074289775547,786.8633358460736,1570.3707648236282,-0.21370156294878614,0.21370156294878614,163.5802880024613,167.19686228089444
gait_05_half_bound__vx_neg_0p5__seed_0042,5,half_bound_hind_b,half_bound,-0.5,backward,42,valid,,cells/gait_05_half_bound/vx_neg_0p5/seed_0042,476,5.22,14.74,9.52,20,True,0.4758754074573517,recorded_joint_effort_limits,1000000000.0,1000000000.0,-0.5,-0.4924447172704865,0.03970169446808682,0.056283744444285425,0.175,0.05,True,False,False,4.564547777175903,4.688073708415032,-0.12352593123912836,commanded-sign world-x displacement across the same sample intervals as effort integration,True,1876.2494525471366,2132.909814161274,4009.1592667084105,-6.401849977510622,6.401849977510622,421.1301750744129,878.3256222566887,1.8762494525471366e-15,2.132909814161274e-15,4.00915926670841e-15,-6.4018499775106195,6.4018499775106195,4.2113017507441282e-16,8.783256222566886e-16,1314.9190636738174,1685.2480834365451,3000.1671471103627,-12.34361292568027,12.34361292568027,315.143607889744,657.2758778234486,768.5192350866186,798.8368349768652,1567.356070063484,-1.9343147654392736,1.9343147654392736,164.6382426537273,343.3759808366407
gait_05_half_bound__vx_pos_0p5__seed_0042,5,half_bound_hind_b,half_bound,0.5,forward,42,valid,,cells/gait_05_half_bound/vx_pos_0p5/seed_0042,476,5.22,14.74,9.52,20,True,0.4758754074573517,recorded_joint_effort_limits,1000000000.0,1000000000.0,0.5,0.5017223763240486,0.038395650033681214,0.04303161430951847,0.175,0.05,True,True,True,4.698729753494263,4.776397022604942,-0.07766726911067945,commanded-sign world-x displacement across the same sample intervals as effort integration,True,2113.1701126907055,1435.2788959992488,3548.449008689954,19.10387369330485,19.10387369330485,372.73624040860864,755.1932532512878,2.113170112690706e-15,1.4352788959992487e-15,3.5484490086899546e-15,19.10387369330486,19.10387369330486,3.727362404086087e-16,7.551932532512879e-16,1629.075424700603,1000.7589657086015,2629.8343904092044,23.891864114463683,23.891864114463683,276.243108236261,559.6904968738623,846.1390126958676,764.6244173589212,1610.7634300547888,5.060618698934191,5.060618698934191,169.19783929146942,342.80827256705425
gait_05_half_bound__vx_pos_1p0__seed_0042,5,half_bound_hind_b,half_bound,1.0,forward,42,valid,,cells/gait_05_half_bound/vx_pos_1p0/seed_0042,480,5.36,14.96,9.6,25,True,0.3838850259780884,recorded_joint_effort_limits,1000000000.0,1000000000.0,1.0,1.003129731491208,0.03980559437568434,0.04250647694553823,0.3,0.05,True,True,True,9.573766231536865,9.630045422315598,-0.056279190778733224,commanded-sign world-x displacement across the same sample intervals as effort integration,True,2228.029955195428,1660.7885814759518,3888.8185366713797,14.586470630357686,14.586470630357686,405.0852642366021,406.1952676326328,2.228029955195428e-15,1.6607885814759518e-15,3.88881853667138e-15,14.586470630357683,14.586470630357683,4.0508526423660215e-16,4.061952676326329e-16,1747.2698687601253,1033.3489522297857,2780.618820989911,25.67489334176991,25.67489334176991,289.64779385311573,290.44147869730693,821.0827277477896,811.9566626239106,1633.0393903717002,0.5588392526038095,0.5588392526038095,170.10826983038544,170.57439578922643
gait_05_half_bound__vx_pos_1p5__seed_0042,5,half_bound_hind_b,half_bound,1.5,forward,42,valid,,cells/gait_05_half_bound/vx_pos_1p5/seed_0042,480,5.26,14.86,9.6,31,True,0.3096770942211151,recorded_joint_effort_limits,1000000000.0,1000000000.0,1.5,1.5209520526230336,0.04599544912624754,0.045416689493360814,0.425,0.05,True,True,True,14.607710838317871,14.601139705181122,0.006571133136748841,commanded-sign world-x displacement across the same sample intervals as effort integration,True,2490.18224939415,1958.19662027983,4448.37886967398,11.959089922421759,11.959089922421759,463.37279892437294,304.5226537484108,2.4901822493941506e-15,1.95819662027983e-15,4.4483788696739805e-15,11.959089922421777,11.959089922421777,4.63372798924373e-16,3.0452265374841077e-16,1757.0133064378635,1141.0386703090767,2898.0519767469405,21.25478221478338,21.25478221478338,301.880414244473,198.39193209828497,786.4370160450927,842.3671787679123,1628.8041948130049,-3.433817453376624,3.433817453376624,169.66710362635467,111.50304197838074
gait_06_gallop__vx_neg_1p5__seed_0042,6,gallop_a,gallop,-1.5,backward,42,valid,,cells/gait_06_gallop/vx_neg_1p5/seed_0042,480,5.26,14.86,9.6,31,True,0.3096770942211151,recorded_joint_effort_limits,1000000000.0,1000000000.0,-1.5,-1.518121921767791,0.05688560547835098,0.041079635128724284,0.425,0.05,True,True,True,14.546658515930176,14.573970448970796,-0.027311933040619962,commanded-sign world-x displacement across the same sample intervals as effort integration,True,2060.0166983708204,2497.339018606428,4557.355716977248,-9.595966332109573,9.595966332109573,474.7245538517967,313.2922734101751,2.0600166983708205e-15,2.4973390186064285e-15,4.557355716977249e-15,-9.595966332109581,9.595966332109581,4.747245538517968e-16,3.132922734101751e-16,1018.8734240494971,1849.2184712139024,2868.0918952633992,-28.95113118710404,28.95113118710404,298.75957242327075,197.16499786686586,857.9581852301878,743.5036847592992,1601.461869989487,7.14687640184902,7.14687640184902,166.81894479057158,110.09139097035322
gait_06_gallop__vx_neg_1p0__seed_0042,6,gallop_a,gallop,-1.0,backward,42,valid,,cells/gait_06_gallop/vx_neg_1p0/seed_0042,480,5.36,14.96,9.6,25,True,0.3838850259780884,recorded_joint_effort_limits,1000000000.0,1000000000.0,-1.0,-1.0021460936715205,0.06746124017932417,0.030979892887158453,0.3,0.05,True,True,True,9.489936828613281,9.620602499246598,-0.13066567063331647,commanded-sign world-x displacement across the same sample intervals as effort integration,True,1695.759823034384,2156.474637414745,3852.234460449129,-11.959677405685387,11.959677405685387,401.27442296345095,405.9283565338588,1.6957598230343842e-15,2.1564746374147455e-15,3.85223446044913e-15,-11.959677405685394,11.959677405685394,4.0127442296345105e-16,4.0592835653385885e-16,795.5767156670964,1679.4878422431616,2475.064557910258,-35.71264934286673,35.71264934286673,257.81922478231854,260.80938183356983,811.4080343752189,817.9295620357567,1629.3375964109755,-0.40025637872121156,0.40025637872121156,169.72266629280995,171.69108981825147
gait_06_gallop__vx_neg_0p5__seed_0042,6,gallop_a,gallop,-0.5,backward,42,valid,,cells/gait_06_gallop/vx_neg_0p5/seed_0042,476,5.22,14.74,9.52,20,True,0.4758754074573517,recorded_joint_effort_limits,1000000000.0,1000000000.0,-0.5,-0.4979540469015346,0.07707087952059832,0.04109960683525548,0.175,0.05,True,True,True,4.519545316696167,4.740522526502609,-0.22097720980644198,commanded-sign world-x displacement across the same sample intervals as effort integration,True,1420.4710110493197,2014.1214889017615,3434.592499951081,-17.284451586640834,17.284451586640834,360.7765231041052,759.9420426791522,1.4204710110493195e-15,2.0141214889017615e-15,3.434592499951081e-15,-17.284451586640838,17.284451586640838,3.607765231041052e-16,7.599420426791523e-16,705.3660759020329,1583.538136292007,2288.90421219404,-38.36648365237609,38.36648365237609,240.43111472626472,506.4456824314469,750.5755323907733,861.2042253358251,1611.7797577265983,-6.863759916000718,6.863759916000718,169.30459639985276,356.62431611700833
gait_06_gallop__vx_pos_0p5__seed_0042,6,gallop_a,gallop,0.5,forward,42,valid,,cells/gait_06_gallop/vx_pos_0p5/seed_0042,476,5.22,14.74,9.52,20,True,0.4758754074573517,recorded_joint_effort_limits,1000000000.0,1000000000.0,0.5,0.48126728018792736,0.0896579034270509,0.03385839180630878,0.175,0.05,True,True,True,4.513747930526733,4.5816645073890685,-0.0679165768623351,commanded-sign world-x displacement across the same sample intervals as effort integration,True,1749.9909411148483,1171.3100497504931,2921.300990865341,19.80901294231032,19.80901294231032,306.85934777997284,647.2007377967248,1.7499909411148485e-15,1.1713100497504932e-15,2.921300990865342e-15,19.80901294231032,19.80901294231032,3.068593477799729e-16,6.472007377967249e-16,1132.59218009412,541.5872280249442,1674.1794081190642,35.301171977331165,35.301171977331165,175.85918152511178,370.9067129771456,851.8576547589544,769.8426523537237,1621.700307112678,5.05734641878761,5.05734641878761,170.34667091519728,359.28021060835647
gait_06_gallop__vx_pos_1p0__seed_0042,6,gallop_a,gallop,1.0,forward,42,valid,,cells/gait_06_gallop/vx_pos_1p0/seed_0042,480,5.36,14.96,9.6,25,True,0.3838850259780884,recorded_joint_effort_limits,1000000000.0,1000000000.0,1.0,0.985535325234135,0.0748915128380674,0.031193592095929666,0.3,0.05,True,True,True,9.404290676116943,9.461139122247696,-0.05684844613075235,commanded-sign world-x displacement across the same sample intervals as effort integration,True,1952.0231274043474,1306.1737603877084,3258.196887792056,19.822294025156477,19.822294025156477,339.3955091450058,346.45854748689817,1.9520231274043478e-15,1.3061737603877084e-15,3.258196887792056e-15,19.822294025156488,19.822294025156488,3.3939550914500585e-16,3.4645854748689823e-16,1183.515027525347,625.6157510689641,1809.130778594311,30.83797385227556,30.83797385227556,188.45112277024074,192.37291156777664,823.7244310594051,781.1925477928802,1604.9169788522854,2.650098654756614,2.650098654756614,167.17885196377975,170.65795115501044
gait_06_gallop__vx_pos_1p5__seed_0042,6,gallop_a,gallop,1.5,forward,42,valid,,cells/gait_06_gallop/vx_pos_1p5/seed_0042,480,5.26,14.86,9.6,31,True,0.3096770942211151,recorded_joint_effort_limits,1000000000.0,1000000000.0,1.5,1.5052697891990343,0.06194752850944066,0.035280301709502845,0.425,0.05,True,True,True,14.439430236816406,14.45058997631073,-0.011159739494324583,commanded-sign world-x displacement across the same sample intervals as effort integration,True,2107.5524123274345,1696.1812993903945,3803.733711717829,10.814929332980514,10.814929332980514,396.22226163727385,263.4268561386445,2.1075524123274344e-15,1.6961812993903948e-15,3.803733711717829e-15,10.814929332980503,10.814929332980503,3.962222616372739e-16,2.634268561386445e-16,1179.9505133363086,845.4703109830572,2025.4208243193657,16.514108986000583,16.514108986000583,210.9813358666006,140.2701347006839,820.2327586353774,794.0628919691471,1614.2956506045246,1.6211322044032113,1.6211322044032113,168.1557969379713,111.79773883934378
gait_07_gallop__vx_neg_1p5__seed_0042,7,gallop_b,gallop,-1.5,backward,42,valid,,cells/gait_07_gallop/vx_neg_1p5/seed_0042,480,5.26,14.86,9.6,31,True,0.3096770942211151,recorded_joint_effort_limits,1000000000.0,1000000000.0,-1.5,-1.5097883068025113,0.04588849858866902,0.06051391378361279,0.425,0.05,True,False,False,14.419668197631836,14.493967745304108,-0.07429954767227187,commanded-sign world-x displacement across the same sample intervals as effort integration,True,2087.4958853995727,2206.8554777119584,4294.351363111531,-2.779455666755273,2.779455666755273,447.3282669907845,297.8120789087782,2.0874958853995727e-15,2.2068554777119584e-15,4.2943513631115315e-15,-2.7794556667552714,2.7794556667552714,4.473282669907846e-16,2.978120789087782e-16,1072.3472251124672,1067.2206596939793,2139.5678848064463,0.239607513970123,0.239607513970123,222.87165466733816,148.37844085468143,940.8288111483151,712.9239780087073,1653.7527891570226,13.781070220040515,13.781070220040515,172.26591553718987,114.68729838240112
gait_07_gallop__vx_neg_1p0__seed_0042,7,gallop_b,gallop,-1.0,backward,42,valid,,cells/gait_07_gallop/vx_neg_1p0/seed_0042,480,5.36,14.96,9.6,25,True,0.3838850259780884,recorded_joint_effort_limits,1000000000.0,1000000000.0,-1.0,-1.0082447813202937,0.04265277592267864,0.05314484227776625,0.3,0.05,True,False,False,9.57319688796997,9.67914990067482,-0.10595301270485002,commanded-sign world-x displacement across the same sample intervals as effort integration,True,1611.723578020869,1634.9917315464525,3246.715309567321,-0.7166675025992478,0.7166675025992478,338.19951141326266,339.1464050684325,1.611723578020869e-15,1.6349917315464526e-15,3.2467153095673217e-15,-0.7166675025992516,0.7166675025992516,3.381995114132627e-16,3.3914640506843255e-16,827.0474227080728,949.652391417019,1776.6998141250917,-6.900713769102358,6.900713769102358,185.07289730469705,185.59106585990702,904.2883011683025,755.1541205591496,1659.4424217274523,8.987005433662869,8.987005433662869,172.85858559660963,173.342556425719
gait_07_gallop__vx_neg_0p5__seed_0042,7,gallop_b,gallop,-0.5,backward,42,valid,,cells/gait_07_gallop/vx_neg_0p5/seed_0042,476,5.22,14.74,9.52,20,True,0.4758754074573517,recorded_joint_effort_limits,1000000000.0,1000000000.0,-0.5,-0.5058529104004387,0.039217624400135306,0.05279156035411801,0.175,0.05,True,False,False,4.73111891746521,4.815719707012176,-0.08460078954696648,commanded-sign world-x displacement across the same sample intervals as effort integration,True,1162.9547192922378,1248.0756359964298,2411.0303552886676,-3.53047884766265,3.53047884766265,253.2594911017508,509.6110238083858,1.1629547192922378e-15,1.2480756359964299e-15,2.411030355288668e-15,-3.530478847662652,3.530478847662652,2.5325949110175084e-16,5.096110238083859e-16,516.9270079519313,726.6670925797131,1243.5941005316445,-16.865638437663588,16.865638437663588,130.6296324087862,262.8541201830379,876.0526745325482,769.3943059358762,1645.4469804684245,6.482030102623455,6.482030102623455,172.84106937693537,347.792352966263
gait_07_gallop__vx_pos_0p5__seed_0042,7,gallop_b,gallop,0.5,forward,42,valid,,cells/gait_07_gallop/vx_pos_0p5/seed_0042,476,5.22,14.74,9.52,20,True,0.4758754074573517,recorded_joint_effort_limits,1000000000.0,1000000000.0,0.5,0.48738849933157447,0.044425029358263236,0.05584899568142991,0.175,0.05,True,False,False,4.5700531005859375,4.639938513636589,-0.06988541305065166,commanded-sign world-x displacement across the same sample intervals as effort integration,True,1299.5490445349365,1022.045178332923,2321.5942228678596,11.953159749821122,11.953159749821122,243.864939376876,508.0015859269124,1.2995490445349363e-15,1.0220451783329231e-15,2.3215942228678596e-15,11.953159749821108,11.953159749821108,2.4386493937687604e-16,5.080015859269124e-16,648.4631169424905,405.70708198832887,1054.1701989308194,23.02816330800987,23.02816330800987,110.73216375323734,230.66913572528549,869.2962905191322,766.1551710097815,1635.4514615289136,6.306583957736567,6.306583957736567,171.79111990849933,357.8626824531269
gait_07_gallop__vx_pos_1p0__seed_0042,7,gallop_b,gallop,1.0,forward,42,valid,,cells/gait_07_gallop/vx_pos_1p0/seed_0042,480,5.36,14.96,9.6,25,True,0.3838850259780884,recorded_joint_effort_limits,1000000000.0,1000000000.0,1.0,0.9964526368925969,0.06498768016581545,0.045685034932901096,0.3,0.05,True,True,True,9.49208927154541,9.56594531416893,-0.07385604262351997,commanded-sign world-x displacement across the same sample intervals as effort integration,True,1788.920994871109,1236.910126245313,3025.831121116422,18.243280822034908,18.243280822034908,315.19074178296063,318.773984794581,1.7889209948711093e-15,1.2369101262453128e-15,3.0258311211164223e-15,18.243280822034922,18.243280822034922,3.1519074178296065e-16,3.1877398479458104e-16,951.35261785921,587.0673684582179,1538.4199863174279,23.679180759539864,23.679180759539864,160.2520819080654,162.07390620831754,876.81907428863,784.5717977286414,1661.3908720172712,5.552412626896243,5.552412626896243,173.06154916846577,175.02899777793385
gait_07_gallop__vx_pos_1p5__seed_0042,7,gallop_b,gallop,1.5,forward,42,valid,,cells/gait_07_gallop/vx_pos_1p5/seed_0042,480,5.26,14.86,9.6,31,True,0.3096770942211151,recorded_joint_effort_limits,1000000000.0,1000000000.0,1.5,1.507753990838925,0.0697229458754588,0.03966084939468813,0.425,0.05,True,True,True,14.400662899017334,14.47443831205368,-0.07377541303634594,commanded-sign world-x displacement across the same sample intervals as effort integration,True,2208.4153314885357,1708.397875585828,3916.8132070743636,12.76592549778988,12.76592549778988,408.0013757369129,271.9883962662328,2.208415331488536e-15,1.7083978755858277e-15,3.916813207074364e-15,12.765925497789894,12.765925497789894,4.0800137573691296e-16,2.7198839626623284e-16,1081.434201799973,855.6372895452333,1937.0714913452061,11.656612224360089,11.656612224360089,201.778280348459,134.51266132181922,865.8666647596347,763.2513225953246,1629.1179873549593,6.298828136500821,6.298828136500821,169.69979034947494,113.12798575863658
gait_08_gallop__vx_neg_1p5__seed_0042,8,gallop_c,gallop,-1.5,backward,42,valid,,cells/gait_08_gallop/vx_neg_1p5/seed_0042,480,5.26,14.86,9.6,31,True,0.3096770942211151,recorded_joint_effort_limits,1000000000.0,1000000000.0,-1.5,-1.4956956878304482,0.059544990659874404,0.06315082153773921,0.425,0.05,True,False,False,14.348623752593994,14.358678603172303,-0.01005485057830846,commanded-sign world-x displacement across the same sample intervals as effort integration,True,2102.0083232480283,2247.227198226415,4349.235521474444,-3.3389517367216714,3.3389517367216714,453.04536682025457,303.11168488811853,2.102008323248028e-15,2.2472271982264156e-15,4.349235521474443e-15,-3.338951736721696,3.338951736721696,4.530453668202545e-16,3.0311168488811847e-16,1033.4500942899474,1416.1028911641147,2449.552985454062,-15.621331693841142,15.621331693841142,255.16176931813146,170.71692921150176,929.6078116692903,702.8964871526882,1632.5042988219784,13.887333998458557,13.887333998458557,170.05253112728943,113.77427737812475
gait_08_gallop__vx_neg_1p0__seed_0042,8,gallop_c,gallop,-1.0,backward,42,valid,,cells/gait_08_gallop/vx_neg_1p0/seed_0042,480,5.36,14.96,9.6,25,True,0.3838850259780884,recorded_joint_effort_limits,1000000000.0,1000000000.0,-1.0,-0.9791354928165674,0.07570929547056184,0.052460722845616474,0.3,0.05,True,False,False,9.318361282348633,9.399700731039047,-0.08133944869041443,commanded-sign world-x displacement across the same sample intervals as effort integration,True,1823.8340819379603,2131.1046682928813,3954.938750230842,-7.769288116964803,7.769288116964803,411.9727864823794,424.4242770155854,1.8238340819379606e-15,2.1311046682928815e-15,3.954938750230842e-15,-7.769288116964799,7.769288116964799,4.1197278648237935e-16,4.244242770155854e-16,1055.5655710221151,1348.7095241928055,2404.275095214921,-12.192612806833814,12.192612806833814,250.44532241822094,258.0147970619292,864.6540972734041,792.6082282734448,1657.2623255468488,4.3472821344796015,4.3472821344796015,172.63149224446343,177.84911695644695
gait_08_gallop__vx_neg_0p5__seed_0042,8,gallop_c,gallop,-0.5,backward,42,valid,,cells/gait_08_gallop/vx_neg_0p5/seed_0042,476,5.22,14.74,9.52,20,True,0.4758754074573517,recorded_joint_effort_limits,1000000000.0,1000000000.0,-0.5,-0.48286504429929394,0.08388301429070075,0.07171353971271133,0.175,0.05,True,False,False,4.473658561706543,4.596875221729278,-0.12321666002273535,commanded-sign world-x displacement across the same sample intervals as effort integration,True,1568.22465029097,2007.7292395177117,3575.9538898086817,-12.290555269163601,12.290555269163601,375.62540859334894,799.335452289095,1.5682246502909702e-15,2.007729239517712e-15,3.5759538898086824e-15,-12.290555269163598,12.290555269163598,3.7562540859334903e-16,7.993354522890952e-16,953.2791905302136,1519.1601232500761,2472.43931378029,-22.88755600859002,22.88755600859002,259.7100119517111,552.6660740146297,828.4477051220007,806.240297933578,1634.6880030555785,1.3585104403355492,1.3585104403355492,171.71092469071203,365.4029426939553
gait_08_gallop__vx_pos_0p5__seed_0042,8,gallop_c,gallop,0.5,forward,42,valid,,cells/gait_08_gallop/vx_pos_0p5/seed_0042,476,5.22,14.74,9.52,20,True,0.4758754074573517,recorded_joint_effort_limits,1000000000.0,1000000000.0,0.5,0.49876480987843347,0.07236340314179797,0.043693226894752614,0.175,0.05,True,True,True,4.662760257720947,4.748240990042687,-0.0854807323217397,commanded-sign world-x displacement across the same sample intervals as effort integration,True,1835.6377929284145,1345.4747279388234,3181.112520867238,15.408542193155817,15.408542193155817,334.15047488101237,682.2380618003497,1.8356377929284146e-15,1.3454747279388233e-15,3.181112520867238e-15,15.408542193155826,15.408542193155826,3.341504748810124e-16,6.822380618003497e-16,1076.6060376532282,765.6973251353184,1842.3033627885466,16.876086685708067,16.876086685708067,193.51926079711623,395.110033748341,884.8135739576528,704.5966486752939,1589.4102226329467,11.338603635241476,11.338603635241476,166.95485531858685,340.87324562764775
gait_08_gallop__vx_pos_1p0__seed_0042,8,gallop_c,gallop,1.0,forward,42,valid,,cells/gait_08_gallop/vx_pos_1p0/seed_0042,480,5.36,14.96,9.6,25,True,0.3838850259780884,recorded_joint_effort_limits,1000000000.0,1000000000.0,1.0,0.9966745983809233,0.06691580272520677,0.04294607313115766,0.3,0.05,True,True,True,9.530442714691162,9.568076144456864,-0.03763342976570172,commanded-sign world-x displacement across the same sample intervals as effort integration,True,2085.15659593095,1410.130553797668,3495.287149728618,19.312463131553944,19.312463131553944,364.0924114300644,366.7497150306185,2.08515659593095e-15,1.4101305537976685e-15,3.4952871497286186e-15,19.312463131553926,19.312463131553926,3.6409241143006443e-16,3.667497150306186e-16,1242.9165916065288,703.7496595659989,1946.6662511725276,27.696937352038425,27.696937352038425,202.7777344971383,204.25769394445283,867.081153469508,752.9623602093508,1620.0435136788587,7.044180745553662,7.044180745553662,168.75453267488112,169.9861761071775
gait_08_gallop__vx_pos_1p5__seed_0042,8,gallop_c,gallop,1.5,forward,42,valid,,cells/gait_08_gallop/vx_pos_1p5/seed_0042,480,5.26,14.86,9.6,31,True,0.3096770942211151,recorded_joint_effort_limits,1000000000.0,1000000000.0,1.5,1.510435654471318,0.05620213972229003,0.053425634349659204,0.425,0.05,True,False,False,14.509590148925781,14.500182282924653,0.009407866001128085,commanded-sign world-x displacement across the same sample intervals as effort integration,True,2352.3692515210832,1704.7001052109124,4057.069356731996,15.963965349408616,15.963965349408616,422.6113913262496,279.612953576939,2.352369251521083e-15,1.7047001052109127e-15,4.057069356731996e-15,15.963965349408603,15.963965349408603,4.226113913262496e-16,2.79612953576939e-16,1458.0625768914902,888.5676949376183,2346.6302718291086,24.26862419660053,24.26862419660053,244.44065331553216,161.72960419580434,800.3504730103043,803.272096498271,1603.6225695085755,-0.18218897286173977,0.18218897286173977,167.04401765714329,110.52156215641278
gait_09_gallop__vx_neg_1p5__seed_0042,9,gallop_d,gallop,-1.5,backward,42,valid,,cells/gait_09_gallop/vx_neg_1p5/seed_0042,480,5.26,14.86,9.6,31,True,0.3096770942211151,recorded_joint_effort_limits,1000000000.0,1000000000.0,-1.5,-1.496726659933726,0.05234194100947958,0.056623893466055494,0.425,0.05,True,False,False,14.298679828643799,14.36857593536377,-0.06989610671997148,commanded-sign world-x displacement across the same sample intervals as effort integration,True,2098.887423105065,3140.519043954099,5239.406467059163,-19.88071792860334,19.88071792860334,545.7715069853296,366.42588895258245,2.098887423105065e-15,3.140519043954099e-15,5.239406467059164e-15,-19.88071792860334,19.88071792860334,5.457715069853296e-16,3.664258889525825e-16,1208.6342006219961,1292.0612250703189,2500.695425692315,-3.336152959340343,3.336152959340343,260.48910684294947,174.88995177602357,817.1435278890524,817.8316661233505,1634.9751940124029,-0.042088603962811805,0.042088603962811805,170.30991604295863,114.34448589702264
gait_09_gallop__vx_neg_1p0__seed_0042,9,gallop_d,gallop,-1.0,backward,42,valid,,cells/gait_09_gallop/vx_neg_1p0/seed_0042,480,5.36,14.96,9.6,25,True,0.3838850259780884,recorded_joint_effort_limits,1000000000.0,1000000000.0,-1.0,-0.987572564681371,0.04994855869792442,0.06342483387776111,0.3,0.05,True,False,False,9.39587116241455,9.480696620941162,-0.08482545852661083,commanded-sign world-x displacement across the same sample intervals as effort integration,True,1737.1629437808053,2600.1178825484694,4337.2808263292745,-19.89622008169574,19.89622008169574,451.80008607596614,461.61561300236906,1.7371629437808053e-15,2.600117882548469e-15,4.337280826329274e-15,-19.89622008169573,19.89622008169573,4.518000860759661e-16,4.61615613002369e-16,983.1856215448614,1263.6474275819294,2246.8330491267907,-12.482538751424661,12.482538751424661,234.0451092840407,239.12982737721998,821.2989437321244,825.4437511197339,1646.7426948518582,-0.25169732955653756,0.25169732955653756,171.5356973804019,175.26237497159107
gait_09_gallop__vx_neg_0p5__seed_0042,9,gallop_d,gallop,-0.5,backward,42,valid,,cells/gait_09_gallop/vx_neg_0p5/seed_0042,476,5.22,14.74,9.52,20,True,0.4758754074573517,recorded_joint_effort_limits,1000000000.0,1000000000.0,-0.5,-0.4876269568540469,0.03152362243302104,0.05500805709998279,0.175,0.05,True,False,False,4.541995525360107,4.6422086292505265,-0.10021310389041904,commanded-sign world-x displacement across the same sample intervals as effort integration,True,1441.3079710051452,2334.658938439604,3775.966909444749,-23.658866427031924,23.658866427031924,396.63517956352405,831.3453609458093,1.4413079710051454e-15,2.334658938439604e-15,3.7759669094447495e-15,-23.65886642703192,23.65886642703192,3.966351795635241e-16,8.313453609458094e-16,821.8150017642006,1666.0468875266222,2487.8618892908225,-33.93403345243872,33.93403345243872,261.33003038769147,547.7464421529951,793.7586782318435,824.2621463190188,1618.0208245508625,-1.885233343374464,1.885233343374464,169.96017064609902,356.23567119709554
gait_09_gallop__vx_pos_0p5__seed_0042,9,gallop_d,gallop,0.5,forward,42,valid,,cells/gait_09_gallop/vx_pos_0p5/seed_0042,476,5.22,14.74,9.52,20,True,0.4758754074573517,recorded_joint_effort_limits,1000000000.0,1000000000.0,0.5,0.5006714847032764,0.03019533999768138,0.043294381680360094,0.175,0.05,True,True,True,4.734310626983643,4.766392534375191,-0.03208190739154837,commanded-sign world-x displacement across the same sample intervals as effort integration,True,1524.3371620231683,1271.2584420656885,2795.595604088857,9.052765699993415,9.052765699993415,293.6550004295018,590.4968694185592,1.5243371620231684e-15,1.2712584420656884e-15,2.795595604088857e-15,9.052765699993424,9.052765699993424,2.9365500042950176e-16,5.904968694185591e-16,875.1980012365026,797.8704533768899,1673.0684546133925,4.621899818049062,4.621899818049062,175.74248472829754,353.3922014068075,857.6962251493616,802.7211554483671,1660.4173805977287,3.310918708957634,3.310918708957634,174.4135903989211,350.7199910234081
gait_09_gallop__vx_pos_1p0__seed_0042,9,gallop_d,gallop,1.0,forward,42,valid,,cells/gait_09_gallop/vx_pos_1p0/seed_0042,480,5.36,14.96,9.6,25,True,0.3838850259780884,recorded_joint_effort_limits,1000000000.0,1000000000.0,1.0,1.01505979411304,0.03796831797580315,0.04068523550152573,0.3,0.05,True,True,True,9.761523246765137,9.744574023485184,0.016949223279953074,commanded-sign world-x displacement across the same sample intervals as effort integration,True,1793.6930734299012,1475.5536904734943,3269.2467639033957,9.731274692050373,9.731274692050373,340.54653790660376,334.91153801091326,1.793693073429901e-15,1.4755536904734942e-15,3.2692467639033952e-15,9.731274692050368,9.731274692050368,3.4054653790660367e-16,3.3491153801091323e-16,1005.2639272788098,898.7045008318418,1903.9684281106515,5.596701335678619,5.596701335678619,198.33004459485954,195.0482911303424,868.4435307203198,808.5691953972736,1677.0127261175935,3.570297016270096,3.570297016270096,174.68882563724932,171.7982617798239
gait_09_gallop__vx_pos_1p5__seed_0042,9,gallop_d,gallop,1.5,forward,42,valid,,cells/gait_09_gallop/vx_pos_1p5/seed_0042,480,5.26,14.86,9.6,31,True,0.3096770942211151,recorded_joint_effort_limits,1000000000.0,1000000000.0,1.5,1.5167522728443146,0.04144425936068831,0.03985557098213676,0.425,0.05,True,True,True,14.583108901977539,14.56082181930542,0.02228708267211843,commanded-sign world-x displacement across the same sample intervals as effort integration,True,2267.7629739197996,1892.660502885654,4160.423476805454,9.015968521602634,9.015968521602634,433.3774455005681,285.2905717683615,2.2677629739197996e-15,1.892660502885654e-15,4.160423476805453e-15,9.01596852160263,9.01596852160263,4.3337744550056806e-16,2.8529057176836143e-16,1096.479088552692,1182.3293458463484,2278.8084343990404,-3.7673310313289443,3.7673310313289443,237.37587858323337,156.26355461763185,809.1386695213415,798.7818051932574,1607.9204747145989,0.6441154578818626,0.6441154578818626,167.49171611610404,110.25910082153725
