scope,family,velocity_mps,expected_cells,valid_cells,coverage_fraction,complete,tracking_success_cells,tracking_success_fraction,tracking_qualified_complete,torque_squared_valid_cells,torque_squared_coverage_fraction,torque_squared_complete,torque_squared_tracking_success_cells,torque_squared_tracking_qualified_complete,torque_squared_observed_mean_signed_imbalance_percent,torque_squared_observed_mean_abs_imbalance_percent,torque_squared_mean_signed_imbalance_percent,torque_squared_mean_abs_imbalance_percent,torque_squared_tracking_qualified_observed_mean_signed_imbalance_percent,torque_squared_tracking_qualified_observed_mean_abs_imbalance_percent,torque_squared_tracking_qualified_mean_signed_imbalance_percent,torque_squared_tracking_qualified_mean_abs_imbalance_percent,torque_squared_observed_mean_total_integral,torque_squared_mean_total_integral,torque_squared_tracking_qualified_observed_mean_total_integral,torque_squared_tracking_qualified_mean_total_integral,torque_squared_observed_mean_total_per_s,torque_squared_mean_total_per_s,torque_squared_tracking_qualified_observed_mean_total_per_s,torque_squared_tracking_qualified_mean_total_per_s,torque_squared_observed_mean_total_per_directed_m,torque_squared_mean_total_per_directed_m,torque_squared_tracking_qualified_observed_mean_total_per_directed_m,torque_squared_tracking_qualified_mean_total_per_directed_m,normalized_torque_utilization_valid_cells,normalized_torque_utilization_coverage_fraction,normalized_torque_utilization_complete,normalized_torque_utilization_tracking_success_cells,normalized_torque_utilization_tracking_qualified_complete,normalized_torque_utilization_observed_mean_signed_imbalance_percent,normalized_torque_utilization_observed_mean_abs_imbalance_percent,normalized_torque_utilization_mean_signed_imbalance_percent,normalized_torque_utilization_mean_abs_imbalance_percent,normalized_torque_utilization_tracking_qualified_observed_mean_signed_imbalance_percent,normalized_torque_utilization_tracking_qualified_observed_mean_abs_imbalance_percent,normalized_torque_utilization_tracking_qualified_mean_signed_imbalance_percent,normalized_torque_utilization_tracking_qualified_mean_abs_imbalance_percent,normalized_torque_utilization_observed_mean_total_integral,normalized_torque_utilization_mean_total_integral,normalized_torque_utilization_tracking_qualified_observed_mean_total_integral,normalized_torque_utilization_tracking_qualified_mean_total_integral,normalized_torque_utilization_observed_mean_total_per_s,normalized_torque_utilization_mean_total_per_s,normalized_torque_utilization_tracking_qualified_observed_mean_total_per_s,normalized_torque_utilization_tracking_qualified_mean_total_per_s,normalized_torque_utilization_observed_mean_total_per_directed_m,normalized_torque_utilization_mean_total_per_directed_m,normalized_torque_utilization_tracking_qualified_observed_mean_total_per_directed_m,normalized_torque_utilization_tracking_qualified_mean_total_per_directed_m,absolute_work_valid_cells,absolute_work_coverage_fraction,absolute_work_complete,absolute_work_tracking_success_cells,absolute_work_tracking_qualified_complete,absolute_work_observed_mean_signed_imbalance_percent,absolute_work_observed_mean_abs_imbalance_percent,absolute_work_mean_signed_imbalance_percent,absolute_work_mean_abs_imbalance_percent,absolute_work_tracking_qualified_observed_mean_signed_imbalance_percent,absolute_work_tracking_qualified_observed_mean_abs_imbalance_percent,absolute_work_tracking_qualified_mean_signed_imbalance_percent,absolute_work_tracking_qualified_mean_abs_imbalance_percent,absolute_work_observed_mean_total_integral,absolute_work_mean_total_integral,absolute_work_tracking_qualified_observed_mean_total_integral,absolute_work_tracking_qualified_mean_total_integral,absolute_work_observed_mean_total_per_s,absolute_work_mean_total_per_s,absolute_work_tracking_qualified_observed_mean_total_per_s,absolute_work_tracking_qualified_mean_total_per_s,absolute_work_observed_mean_total_per_directed_m,absolute_work_mean_total_per_directed_m,absolute_work_tracking_qualified_observed_mean_total_per_directed_m,absolute_work_tracking_qualified_mean_total_per_directed_m,vertical_grf_impulse_valid_cells,vertical_grf_impulse_coverage_fraction,vertical_grf_impulse_complete,vertical_grf_impulse_tracking_success_cells,vertical_grf_impulse_tracking_qualified_complete,vertical_grf_impulse_observed_mean_signed_imbalance_percent,vertical_grf_impulse_observed_mean_abs_imbalance_percent,vertical_grf_impulse_mean_signed_imbalance_percent,vertical_grf_impulse_mean_abs_imbalance_percent,vertical_grf_impulse_tracking_qualified_observed_mean_signed_imbalance_percent,vertical_grf_impulse_tracking_qualified_observed_mean_abs_imbalance_percent,vertical_grf_impulse_tracking_qualified_mean_signed_imbalance_percent,vertical_grf_impulse_tracking_qualified_mean_abs_imbalance_percent,vertical_grf_impulse_observed_mean_total_integral,vertical_grf_impulse_mean_total_integral,vertical_grf_impulse_tracking_qualified_observed_mean_total_integral,vertical_grf_impulse_tracking_qualified_mean_total_integral,vertical_grf_impulse_observed_mean_total_per_s,vertical_grf_impulse_mean_total_per_s,vertical_grf_impulse_tracking_qualified_observed_mean_total_per_s,vertical_grf_impulse_tracking_qualified_mean_total_per_s,vertical_grf_impulse_observed_mean_total_per_directed_m,vertical_grf_impulse_mean_total_per_directed_m,vertical_grf_impulse_tracking_qualified_observed_mean_total_per_directed_m,vertical_grf_impulse_tracking_qualified_mean_total_per_directed_m
family_velocity,trot,-1.5,1,1,1.0,True,0,0.0,False,1,1.0,True,0,False,32.83357424193075,32.83357424193075,32.83357424193075,32.83357424193075,,,,,3373.0376842277587,3373.0376842277587,,,351.3580921070582,351.3580921070582,,,234.20251697836113,234.20251697836113,,,1,1.0,True,0,False,37.753316579325876,37.753316579325876,37.753316579325876,37.753316579325876,,,,,4.428140475898923,4.428140475898923,,,0.46126463290613773,0.46126463290613773,,,0.30746221716960165,0.30746221716960165,,,1,1.0,True,0,False,-1.0140504703168014,1.0140504703168014,-1.0140504703168014,1.0140504703168014,,,,,1707.4862621924128,1707.4862621924128,,,177.86315231170965,177.86315231170965,,,118.55710423318071,118.55710423318071,,,1,1.0,True,0,False,32.061287721456395,32.061287721456395,32.061287721456395,32.061287721456395,,,,,1487.5713320234418,1487.5713320234418,,,154.9553470857752,154.9553470857752,,,103.28759496931215,103.28759496931215,,
family_velocity,trot,-1.0,1,1,1.0,True,0,0.0,False,1,1.0,True,0,False,27.571347480440863,27.571347480440863,27.571347480440863,27.571347480440863,,,,,2721.531272497937,2721.531272497937,,,278.8454172641329,278.8454172641329,,,282.326999812849,282.326999812849,,,1,1.0,True,0,False,32.32984871900969,32.32984871900969,32.32984871900969,32.32984871900969,,,,,3.5331646962513883,3.5331646962513883,,,0.36200457953395365,0.36200457953395365,,,0.36652446312761827,0.36652446312761827,,,1,1.0,True,0,False,-0.7725578130710788,0.7725578130710788,-0.7725578130710788,0.7725578130710788,,,,,1114.7407218010385,1114.7407218010385,,,114.21523788945066,114.21523788945066,,,115.64129603641565,115.64129603641565,,,1,1.0,True,0,False,27.700935191849986,27.700935191849986,27.700935191849986,27.700935191849986,,,,,1480.7889565968512,1480.7889565968512,,,151.72017997918562,151.72017997918562,,,153.61451389396262,153.61451389396262,,
family_velocity,trot,-0.5,1,1,1.0,True,0,0.0,False,1,1.0,True,0,False,13.411530512351165,13.411530512351165,13.411530512351165,13.411530512351165,,,,,2135.7127856755114,2135.7127856755114,,,221.08828009063265,221.08828009063265,,,456.6522852504119,456.6522852504119,,,1,1.0,True,0,False,15.903090147363464,15.903090147363464,15.903090147363464,15.903090147363464,,,,,2.7758998266787636,2.7758998266787636,,,0.287360230505048,0.287360230505048,,,0.5935353330191071,0.5935353330191071,,,1,1.0,True,0,False,9.540245405224276,9.540245405224276,9.540245405224276,9.540245405224276,,,,,682.1039313242234,682.1039313242234,,,70.61117301492996,70.61117301492996,,,145.84560297932398,145.84560297932398,,,1,1.0,True,0,False,19.859648245593167,19.859648245593167,19.859648245593167,19.859648245593167,,,,,1450.5592446368933,1450.5592446368933,,,150.16141248829126,150.16141248829126,,,310.1546230360913,310.1546230360913,,
family_velocity,trot,0.5,1,1,1.0,True,0,0.0,False,1,1.0,True,0,False,1.948822781811855,1.948822781811855,1.948822781811855,1.948822781811855,,,,,2497.870936446656,2497.870936446656,,,258.5787718888878,258.5787718888878,,,521.2878701217323,521.2878701217323,,,1,1.0,True,0,False,7.364687823069964,7.364687823069964,7.364687823069964,7.364687823069964,,,,,3.030820026933972,3.030820026933972,,,0.31374948518985213,0.31374948518985213,,,0.6325105486876073,0.6325105486876073,,,1,1.0,True,0,False,-38.64708227832576,38.64708227832576,-38.64708227832576,38.64708227832576,,,,,1142.8218103016843,1142.8218103016843,,,118.30453522791763,118.30453522791763,,,238.49877058431838,238.49877058431838,,,1,1.0,True,0,False,14.646631390199353,14.646631390199353,14.646631390199353,14.646631390199353,,,,,1450.8979420232774,1450.8979420232774,,,150.1964743295318,150.1964743295318,,,302.7920646041238,302.7920646041238,,
family_velocity,trot,1.0,1,1,1.0,True,0,0.0,False,1,1.0,True,0,False,-6.229321963558227,6.229321963558227,-6.229321963558227,6.229321963558227,,,,,2669.574465693526,2669.574465693526,,,273.5219739440088,273.5219739440088,,,272.13810296055107,272.13810296055107,,,1,1.0,True,0,False,2.1173959079175533,2.1173959079175533,2.1173959079175533,2.1173959079175533,,,,,3.105622267820022,3.105622267820022,,,0.3181990028504121,0.3181990028504121,,,0.3165890906350958,0.3165890906350958,,,1,1.0,True,0,False,-27.326425936124,27.326425936124,-27.326425936124,27.326425936124,,,,,1429.6743357330176,1429.6743357330176,,,146.48302620215344,146.48302620215344,,,145.74190253078166,145.74190253078166,,,1,1.0,True,0,False,7.927866980729545,7.927866980729545,7.927866980729545,7.927866980729545,,,,,1486.1076575806737,1486.1076575806737,,,152.26512885047887,152.26512885047887,,,151.4947509149505,151.4947509149505,,
family_velocity,trot,1.5,1,1,1.0,True,0,0.0,False,1,1.0,True,0,False,-6.749940949821146,6.749940949821146,-6.749940949821146,6.749940949821146,,,,,3127.436505206665,3127.436505206665,,,325.77463595902765,325.77463595902765,,,213.7255661099857,213.7255661099857,,,1,1.0,True,0,False,0.16963285703477507,0.16963285703477507,0.16963285703477507,0.16963285703477507,,,,,3.7211043532938572,3.7211043532938572,,,0.3876150368014435,0.3876150368014435,,,0.25429617296403195,0.25429617296403195,,,1,1.0,True,0,False,-5.863743906178598,5.863743906178598,-5.863743906178598,5.863743906178598,,,,,1574.4413264430361,1574.4413264430361,,,164.00430483781628,164.00430483781628,,,107.59558611047113,107.59558611047113,,,1,1.0,True,0,False,2.0355791121722637,2.0355791121722637,2.0355791121722637,2.0355791121722637,,,,,1490.9766449952126,1490.9766449952126,,,155.31006718700132,155.31006718700132,,,101.89170171092297,101.89170171092297,,
family,trot,,6,6,1.0,True,0,0.0,False,6,1.0,True,0,False,10.464335350525877,14.790756321652333,10.464335350525877,14.790756321652333,,,,,2754.1939416246755,2754.1939416246755,,,284.861195208958,284.861195208958,,,330.0555568723152,330.0555568723152,,,6,1.0,True,0,False,15.939662005620221,15.939662005620221,15.939662005620221,15.939662005620221,,,,,3.432458607812821,3.432458607812821,,,0.35503216129780785,0.35503216129780785,,,0.4118196376005103,0.4118196376005103,,,6,1.0,True,0,False,-10.68060249979866,13.860684301540084,-10.68060249979866,13.860684301540084,,,,,1275.2113979659023,1275.2113979659023,,,131.91357158066293,131.91357158066293,,,145.3133770790819,145.3133770790819,,,6,1.0,True,0,False,17.371991440333453,17.371991440333453,17.371991440333453,17.371991440333453,,,,,1474.483629642725,1474.483629642725,,,152.43476832004401,152.43476832004401,,,187.2058748548939,187.2058748548939,,
family_velocity,bound,-1.5,1,1,1.0,True,0,0.0,False,1,1.0,True,0,False,38.57787529886507,38.57787529886507,38.57787529886507,38.57787529886507,,,,,5096.545990651664,5096.545990651664,,,530.8902073595484,530.8902073595484,,,362.01960213008147,362.01960213008147,,,1,1.0,True,0,False,44.762299300042585,44.762299300042585,44.762299300042585,44.762299300042585,,,,,5.737209246951813,5.737209246951813,,,0.5976259632241471,0.5976259632241471,,,0.4075274141993857,0.4075274141993857,,,1,1.0,True,0,False,0.44999303496821996,0.44999303496821996,0.44999303496821996,0.44999303496821996,,,,,2329.4316876722005,2329.4316876722005,,,242.64913413252086,242.64913413252086,,,165.46499027127712,165.46499027127712,,,1,1.0,True,0,False,35.203666720342504,35.203666720342504,35.203666720342504,35.203666720342504,,,,,1409.6257095615938,1409.6257095615938,,,146.83601141266604,146.83601141266604,,,100.12901668382109,100.12901668382109,,
family_velocity,bound,-1.0,1,1,1.0,True,0,0.0,False,1,1.0,True,0,False,36.333642048726524,36.333642048726524,36.333642048726524,36.333642048726524,,,,,5335.054959725456,5335.054959725456,,,546.6244835784279,546.6244835784279,,,570.9249104275682,570.9249104275682,,,1,1.0,True,0,False,40.80573212112927,40.80573212112927,40.80573212112927,40.80573212112927,,,,,5.422496783668122,5.422496783668122,,,0.555583686851242,0.555583686851242,,,0.5802823989406124,0.5802823989406124,,,1,1.0,True,0,False,0.8568483791864194,0.8568483791864194,0.8568483791864194,0.8568483791864194,,,,,2268.1699568715917,2268.1699568715917,,,232.39446279422046,232.39446279422046,,,242.72565873024365,242.72565873024365,,,1,1.0,True,0,False,31.644117674472152,31.644117674472152,31.644117674472152,31.644117674472152,,,,,1402.652937296629,1402.652937296629,,,143.71444029678577,143.71444029678577,,,150.10332763811928,150.10332763811928,,
family_velocity,bound,-0.5,1,1,1.0,True,0,0.0,False,1,1.0,True,0,False,29.295480063485932,29.295480063485932,29.295480063485932,29.295480063485932,,,,,5029.175217059599,5029.175217059599,,,520.6185524906417,520.6185524906417,,,1156.5666715929449,1156.5666715929449,,,1,1.0,True,0,False,31.141490466877652,31.141490466877652,31.141490466877652,31.141490466877652,,,,,4.951751142238977,4.951751142238977,,,0.5126036379129376,0.5126036379129376,,,1.1387613455401364,1.1387613455401364,,,1,1.0,True,0,False,10.290572755590604,10.290572755590604,10.290572755590604,10.290572755590604,,,,,2268.505969310316,2268.505969310316,,,234.8349864710472,234.8349864710472,,,521.6915866271888,521.6915866271888,,,1,1.0,True,0,False,25.00937771734576,25.00937771734576,25.00937771734576,25.00937771734576,,,,,1383.8060482966157,1383.8060482966157,,,143.25114371600574,143.25114371600574,,,318.235870959442,318.235870959442,,
family_velocity,bound,0.5,1,1,1.0,True,0,0.0,False,1,1.0,True,0,False,-11.15694780079795,11.15694780079795,-11.15694780079795,11.15694780079795,,,,,5353.257834724974,5353.257834724974,,,554.1674777148006,554.1674777148006,,,1126.2120607854565,1126.2120607854565,,,1,1.0,True,0,False,-17.472322356796518,17.472322356796518,-17.472322356796518,17.472322356796518,,,,,5.395086935938203,5.395086935938203,,,0.5584976124159631,0.5584976124159631,,,1.1350120176962888,1.1350120176962888,,,1,1.0,True,0,False,8.952166936559165,8.952166936559165,8.952166936559165,8.952166936559165,,,,,1989.127493659941,1989.127493659941,,,205.9138192194556,205.9138192194556,,,418.4702928501598,418.4702928501598,,,1,1.0,True,0,False,-3.234389964648732,3.234389964648732,-3.234389964648732,3.234389964648732,,,,,1431.1621885448694,1431.1621885448694,,,148.15343566717075,148.15343566717075,,,301.08621094693603,301.08621094693603,,
family_velocity,bound,1.0,1,1,1.0,True,0,0.0,False,1,1.0,True,0,False,-18.57290986053531,18.57290986053531,-18.57290986053531,18.57290986053531,,,,,5083.5301877494085,5083.5301877494085,,,520.8535028431772,520.8535028431772,,,532.5272680386174,532.5272680386174,,,1,1.0,True,0,False,-18.62026583456804,18.62026583456804,-18.62026583456804,18.62026583456804,,,,,4.929962488349529,4.929962488349529,,,0.5051191074128616,0.5051191074128616,,,0.5164402213604115,0.5164402213604115,,,1,1.0,True,0,False,-9.55079759145522,9.55079759145522,-9.55079759145522,9.55079759145522,,,,,2133.959337853978,2133.959337853978,,,218.6433747801207,218.6433747801207,,,223.54377653375977,223.54377653375977,,,1,1.0,True,0,False,-2.667312143276656,2.667312143276656,-2.667312143276656,2.667312143276656,,,,,1471.9578037956358,1471.9578037956358,,,150.8153487495528,150.8153487495528,,,154.19553715101355,154.19553715101355,,
family_velocity,bound,1.5,1,1,1.0,True,0,0.0,False,1,1.0,True,0,False,-17.112415351866836,17.112415351866836,-17.112415351866836,17.112415351866836,,,,,4777.90510980723,4777.90510980723,,,497.6984489382531,497.6984489382531,,,333.93815250767227,333.93815250767227,,,1,1.0,True,0,False,-12.426310561690675,12.426310561690675,-12.426310561690675,12.426310561690675,,,,,4.856810273942553,4.856810273942553,,,0.505917736869016,0.505917736869016,,,0.3394530055926738,0.3394530055926738,,,1,1.0,True,0,False,-18.113590051160408,18.113590051160408,-18.113590051160408,18.113590051160408,,,,,2223.774104501209,2223.774104501209,,,231.64313588554265,231.64313588554265,,,155.42439604488052,155.42439604488052,,,1,1.0,True,0,False,-4.002839451088038,4.002839451088038,-4.002839451088038,4.002839451088038,,,,,1431.288119763136,1431.288119763136,,,149.09251247532669,149.09251247532669,,,100.03583148581316,100.03583148581316,,
family,bound,,6,6,1.0,True,0,0.0,False,6,1.0,True,0,False,9.560787399646237,25.174878404046268,9.560787399646237,25.174878404046268,,,,,5112.578216619721,5112.578216619721,,,528.4754454874748,528.4754454874748,,,680.3647775803901,680.3647775803901,,,6,1.0,True,0,False,11.365103855832379,27.538070106850792,11.365103855832379,27.538070106850792,,,,,5.215552811848199,5.215552811848199,,,0.5392246241143612,0.5392246241143612,,,0.6862460672215848,0.6862460672215848,,,6,1.0,True,0,False,-1.1858010893852031,8.03566145815334,-1.1858010893852031,8.03566145815334,,,,,2202.161424978206,2202.161424978206,,,227.6798188804846,227.6798188804846,,,287.886783509585,287.886783509585,,,6,1.0,True,0,False,13.658770092191164,16.96028394519564,13.658770092191164,16.96028394519564,,,,,1421.7488012097465,1421.7488012097465,,,146.97714871958462,146.97714871958462,,,187.2976324775242,187.2976324775242,,
family_velocity,half_bound,-1.5,4,4,1.0,True,0,0.0,False,4,1.0,True,0,False,33.429901568550356,33.429901568550356,33.429901568550356,33.429901568550356,,,,,5118.075743014237,5118.075743014237,,,533.1328898973164,533.1328898973164,,,362.3678223479334,362.3678223479334,,,4,1.0,True,0,False,38.82643663110143,38.82643663110143,38.82643663110143,38.82643663110143,,,,,5.946975043927919,5.946975043927919,,,0.6194765670758249,0.6194765670758249,,,0.42098701335432237,0.42098701335432237,,,4,1.0,True,0,False,-8.453278522999213,8.453278522999213,-8.453278522999213,8.453278522999213,,,,,2447.2927655636618,2447.2927655636618,,,254.92632974621478,254.92632974621478,,,173.3355398276372,173.3355398276372,,,4,1.0,True,0,False,37.085889333774084,37.085889333774084,37.085889333774084,37.085889333774084,,,,,1413.9555477756262,1413.9555477756262,,,147.28703622662775,147.28703622662775,,,100.0957534994059,100.0957534994059,,
family_velocity,half_bound,-1.0,4,4,1.0,True,0,0.0,False,4,1.0,True,0,False,38.02828615422719,38.02828615422719,38.02828615422719,38.02828615422719,,,,,5140.194342542562,5140.194342542562,,,526.6592564080494,526.6592564080494,,,549.2873359924549,549.2873359924549,,,4,1.0,True,0,False,42.33002578236189,42.33002578236189,42.33002578236189,42.33002578236189,,,,,5.364069650635746,5.364069650635746,,,0.5495973002700559,0.5495973002700559,,,0.5731439082468803,0.5731439082468803,,,4,1.0,True,0,False,1.0522134518337647,5.599535345374401,1.0522134518337647,5.599535345374401,,,,,2230.39738616657,2230.39738616657,,,228.52432235313213,228.52432235313213,,,238.44803482023545,238.44803482023545,,,4,1.0,True,0,False,32.47985845058249,32.47985845058249,32.47985845058249,32.47985845058249,,,,,1410.1665005914099,1410.1665005914099,,,144.48427260157888,144.48427260157888,,,150.6796584201497,150.6796584201497,,
family_velocity,half_bound,-0.5,4,4,1.0,True,0,0.0,False,4,1.0,True,0,False,33.66364765930381,33.66364765930381,33.66364765930381,33.66364765930381,,,,,4981.076892858565,4981.076892858565,,,515.6394299025428,515.6394299025428,,,1139.088758574118,1139.088758574118,,,4,1.0,True,0,False,34.56947876483411,34.56947876483411,34.56947876483411,34.56947876483411,,,,,4.997173335814507,4.997173335814507,,,0.5173057283451871,0.5173057283451871,,,1.142276168501479,1.142276168501479,,,4,1.0,True,0,False,15.246435704799413,15.246435704799413,15.246435704799413,15.246435704799413,,,,,2428.603962966765,2428.603962966765,,,251.4082777398307,251.4082777398307,,,555.7014269839655,555.7014269839655,,,4,1.0,True,0,False,26.205806615443258,26.205806615443258,26.205806615443258,26.205806615443258,,,,,1378.7883113839105,1378.7883113839105,,,142.7317092529928,142.7317092529928,,,315.36041041983316,315.36041041983316,,
family_velocity,half_bound,0.5,4,4,1.0,True,0,0.0,False,4,1.0,True,0,False,0.930164169429602,3.7941694180759975,0.930164169429602,3.7941694180759975,,,,,4654.539482596749,4654.539482596749,,,481.83638536198225,481.83638536198225,,,977.3898114671905,977.3898114671905,,,4,1.0,True,0,False,-3.7553464447432914,3.7553464447432914,-3.7553464447432914,3.7553464447432914,,,,,4.7296791594271514,4.7296791594271514,,,0.48961481981647526,0.48961481981647526,,,0.9936271844011718,0.9936271844011718,,,4,1.0,True,0,False,11.253493983288669,11.253493983288669,11.253493983288669,11.253493983288669,,,,,1888.5673405285156,1888.5673405285156,,,195.5038654791424,195.5038654791424,,,395.7276952739942,395.7276952739942,,,4,1.0,True,0,False,2.411236913282213,2.411236913282213,2.411236913282213,2.411236913282213,,,,,1427.14611936111,1427.14611936111,,,147.73769351564286,147.73769351564286,,,300.02812317196174,300.02812317196174,,
family_velocity,half_bound,1.0,4,4,1.0,True,0,0.0,False,4,1.0,True,0,False,-11.33719758245706,11.33719758245706,-11.33719758245706,11.33719758245706,,,,,4700.7258895153545,4700.7258895153545,,,481.6317509749339,481.6317509749339,,,488.1878366007352,488.1878366007352,,,4,1.0,True,0,False,-11.315651290261657,11.315651290261657,-11.315651290261657,11.315651290261657,,,,,4.6562427966990905,4.6562427966990905,,,0.4770740570388412,0.4770740570388412,,,0.4836571398700334,0.4836571398700334,,,4,1.0,True,0,False,-8.746219142689677,8.746219142689677,-8.746219142689677,8.746219142689677,,,,,1974.6921935021344,1974.6921935021344,,,202.32501982603839,202.32501982603839,,,205.04241701955885,205.04241701955885,,,4,1.0,True,0,False,-1.3341998734080205,1.4768940902734793,-1.3341998734080205,1.4768940902734793,,,,,1456.3487492110953,1456.3487492110953,,,149.2160603699893,149.2160603699893,,,151.34793142305534,151.34793142305534,,
family_velocity,half_bound,1.5,4,4,1.0,True,0,0.0,False,4,1.0,True,0,False,-14.531447130949001,14.531447130949001,-14.531447130949001,14.531447130949001,,,,,4510.833274275661,4510.833274275661,,,469.8784660703813,469.8784660703813,,,313.44634548030626,313.44634548030626,,,4,1.0,True,0,False,-10.337542186190511,10.337542186190511,-10.337542186190511,10.337542186190511,,,,,4.654900641181991,4.654900641181991,,,0.4848854834564573,0.4848854834564573,,,0.3234963622220756,0.3234963622220756,,,4,1.0,True,0,False,-17.012622256182794,17.012622256182794,-17.012622256182794,17.012622256182794,,,,,2200.1274818569586,2200.1274818569586,,,229.17994602676652,229.17994602676652,,,152.87341479395062,152.87341479395062,,,4,1.0,True,0,False,-4.434277990540536,4.434277990540536,-4.434277990540536,4.434277990540536,,,,,1452.6313147350074,1452.6313147350074,,,151.3157619515633,151.3157619515633,,,100.97493186280693,100.97493186280693,,
family,half_bound,,24,24,1.0,True,0,0.0,False,24,1.0,True,0,False,13.363892473017485,22.46410825226057,13.363892473017485,22.46410825226057,,,,,4850.907604133855,4850.907604133855,,,501.46302976920106,501.46302976920106,,,638.2946517437897,638.2946517437897,,,24,1.0,True,0,False,15.052900209516997,23.522413516582148,15.052900209516997,23.522413516582148,,,,,5.058173437947734,5.058173437947734,,,0.5229923260004736,0.5229923260004736,,,0.6561979627659937,0.6561979627659937,,,24,1.0,True,0,False,-1.109996130324973,11.051930825889029,-1.109996130324973,11.051930825889029,,,,,2194.9468550974343,2194.9468550974343,,,226.97796019518748,226.97796019518748,,,286.85475478655695,286.85475478655695,,,24,1.0,True,0,False,15.40238557485558,17.348993898982677,15.40238557485558,17.348993898982677,,,,,1423.1727571763597,1423.1727571763597,,,147.1287556530658,147.1287556530658,,,186.4144681328688,186.4144681328688,,
family_velocity,gallop,-1.5,4,4,1.0,True,0,0.0,False,4,1.0,True,0,False,30.970117816533655,30.970117816533655,30.970117816533655,30.970117816533655,,,,,5160.86450802624,5160.86450802624,,,537.5900529194,537.5900529194,,,365.9238729669893,365.9238729669893,,,4,1.0,True,0,False,36.482551825325764,36.482551825325764,36.482551825325764,36.482551825325764,,,,,6.08308862109008,6.08308862109008,,,0.6336550646968834,0.6336550646968834,,,0.43121679155575426,0.43121679155575426,,,4,1.0,True,0,False,-14.05904538244701,15.435199113297262,-14.05904538244701,15.435199113297262,,,,,2597.3994822026107,2597.3994822026107,,,270.5624460627719,270.5624460627719,,,184.23935561549482,184.23935561549482,,,4,1.0,True,0,False,37.79947829323841,37.79947829323841,37.79947829323841,37.79947829323841,,,,,1421.2530494095386,1421.2530494095386,,,148.04719264682694,148.04719264682694,,,100.74037776160384,100.74037776160384,,
family_velocity,gallop,-1.0,4,4,1.0,True,0,0.0,False,4,1.0,True,0,False,36.77200434347656,36.77200434347656,36.77200434347656,36.77200434347656,,,,,5126.912731291243,5126.912731291243,,,525.2984355831193,525.2984355831193,,,546.1921208631011,546.1921208631011,,,4,1.0,True,0,False,41.63689545166041,41.63689545166041,41.63689545166041,41.63689545166041,,,,,5.374938805046135,5.374938805046135,,,0.5507109431399728,0.5507109431399728,,,0.5725862958538053,0.5725862958538053,,,4,1.0,True,0,False,-3.918394787379133,7.884155880595821,-3.918394787379133,7.884155880595821,,,,,2386.07043015421,2386.07043015421,,,244.47442931907892,244.47442931907892,,,254.37372245471389,254.37372245471389,,,4,1.0,True,0,False,32.82015045195551,32.82015045195551,32.82015045195551,32.82015045195551,,,,,1409.7381178548467,1409.7381178548467,,,144.44038092775068,144.44038092775068,,,150.1089123636895,150.1089123636895,,
family_velocity,gallop,-0.5,4,4,1.0,True,0,0.0,False,4,1.0,True,0,False,37.92049214603013,37.92049214603013,37.92049214603013,37.92049214603013,,,,,4984.715899225411,4984.715899225411,,,516.0161386361709,516.0161386361709,,,1099.235587170764,1099.235587170764,,,4,1.0,True,0,False,38.48616184463958,38.48616184463958,38.48616184463958,38.48616184463958,,,,,4.980118290026285,4.980118290026285,,,0.515540195654895,0.515540195654895,,,1.0985587239779924,1.0985587239779924,,,4,1.0,True,0,False,20.883980121060286,20.92661123926938,20.883980121060286,20.92661123926938,,,,,2454.7235352830867,2454.7235352830867,,,254.11216721357002,254.11216721357002,,,543.0302844130458,543.0302844130458,,,4,1.0,True,0,False,26.128356874377623,26.128356874377623,26.128356874377623,26.128356874377623,,,,,1386.2857402553689,1386.2857402553689,,,143.50784060614583,143.50784060614583,,,305.57052141404915,305.57052141404915,,
family_velocity,gallop,0.5,4,4,1.0,True,0,0.0,False,4,1.0,True,0,False,6.575952412548743,6.575952412548743,6.575952412548743,6.575952412548743,,,,,3908.9816273334654,3908.9816273334654,,,404.6564831608142,404.6564831608142,,,857.6481148886392,857.6481148886392,,,4,1.0,True,0,False,-0.5596405463052216,4.4033561375452255,-0.5596405463052216,4.4033561375452255,,,,,4.294446115993489,4.294446115993489,,,0.4445596393368001,0.4445596393368001,,,0.9495999037428847,0.9495999037428847,,,4,1.0,True,0,False,9.43482124971781,16.617802486386502,9.43482124971781,16.617802486386502,,,,,1290.6666199527722,1290.6666199527722,,,133.60938094749193,133.60938094749193,,,277.9232009368772,277.9232009368772,,,4,1.0,True,0,False,9.017016770000664,9.331023826426975,9.017016770000664,9.331023826426975,,,,,1440.13979116885,1440.13979116885,,,149.08279411685817,149.08279411685817,,,318.99227537272344,318.99227537272344,,
family_velocity,gallop,1.0,4,4,1.0,True,0,0.0,False,4,1.0,True,0,False,-7.187879610558415,7.187879610558415,-7.187879610558415,7.187879610558415,,,,,4328.302665231006,4328.302665231006,,,443.473633732685,443.473633732685,,,448.7061101412138,448.7061101412138,,,4,1.0,True,0,False,-5.977618084453923,6.186029550826859,-5.977618084453923,6.186029550826859,,,,,4.370201601978402,4.370201601978402,,,0.44776655757975437,0.44776655757975437,,,0.45308711246072236,0.45308711246072236,,,4,1.0,True,0,False,-6.90004361366283,10.164898374441416,-6.90004361366283,10.164898374441416,,,,,1858.7519839152849,1858.7519839152849,,,190.44589999132018,190.44589999132018,,,192.68115424779018,192.68115424779018,,,4,1.0,True,0,False,1.9244516489817942,3.6146097658071543,1.9244516489817942,3.6146097658071543,,,,,1457.63692873016,1457.63692873016,,,149.3480459764508,149.3480459764508,,,151.1286805777121,151.1286805777121,,
family_velocity,gallop,1.5,4,4,1.0,True,0,0.0,False,4,1.0,True,0,False,-8.965498878942633,12.54899321452705,-8.965498878942633,12.54899321452705,,,,,4006.4299583268253,4006.4299583268253,,,417.33645399237764,417.33645399237764,,,277.68440068914816,277.68440068914816,,,4,1.0,True,0,False,-3.376219701627903,9.627031744164567,-3.376219701627903,9.627031744164567,,,,,4.406108316910405,4.406108316910405,,,0.4589696163448339,0.4589696163448339,,,0.3053359744380819,0.3053359744380819,,,4,1.0,True,0,False,-11.302556515936041,11.302556515936041,-11.302556515936041,11.302556515936041,,,,,2045.0219413921707,2045.0219413921707,,,213.0231188950178,213.0231188950178,,,141.69641840396883,141.69641840396883,,,4,1.0,True,0,False,-1.069332018303021,4.158000191017636,-1.069332018303021,4.158000191017636,,,,,1462.4565144120065,1462.4565144120065,,,152.33922025125068,152.33922025125068,,,101.35989451174619,101.35989451174619,,
family,gallop,,24,24,1.0,True,0,0.0,False,24,1.0,True,0,False,16.01419803818134,21.995906590612424,16.01419803818134,21.995906590612424,,,,,4586.034564905699,4586.034564905699,,,474.06186633742783,474.06186633742783,,,599.2317011199758,599.2317011199758,,,24,1.0,True,0,False,17.78202179820645,22.8036710923604,17.78202179820645,22.8036710923604,,,,,4.918150291840799,4.918150291840799,,,0.5085336694588566,0.5085336694588566,,,0.6350641336715401,0.6350641336715401,,,24,1.0,True,0,False,-0.9768731547744864,13.721870601654404,-0.9768731547744864,13.721870601654404,,,,,2105.438998816689,2105.438998816689,,,217.70457373820844,217.70457373820844,,,265.6573560119818,265.6573560119818,,,24,1.0,True,0,False,17.770020336708498,18.975269900470554,17.770020336708498,18.975269900470554,,,,,1429.585023638462,1429.585023638462,,,147.79424575421385,147.79424575421385,,,187.9834436669207,187.9834436669207,,
