cell_id,gait_index,family,velocity_mps,seed,status,reason,positive_directed_progress,tracking_rmse_mps,yaw_tracking_rmse_radps,tracking_success_threshold_mps,yaw_tracking_success_threshold_radps,planar_tracking_success,yaw_tracking_success,tracking_success,relative_output_dir
gait_00_trot__vx_neg_1p5__seed_0042,0,trot,-1.5,42,valid,,True,0.05585811704141185,0.06488287693582885,0.425,0.05,True,False,False,cells/gait_00_trot/vx_neg_1p5/seed_0042
gait_00_trot__vx_neg_1p0__seed_0042,0,trot,-1.0,42,valid,,True,0.05084279945611785,0.08193839163995079,0.3,0.05,True,False,False,cells/gait_00_trot/vx_neg_1p0/seed_0042
gait_00_trot__vx_neg_0p5__seed_0042,0,trot,-0.5,42,valid,,True,0.04042992692359097,0.09094066809626884,0.175,0.05,True,False,False,cells/gait_00_trot/vx_neg_0p5/seed_0042
gait_00_trot__vx_pos_0p5__seed_0042,0,trot,0.5,42,valid,,True,0.036918748178086706,0.06907230020062143,0.175,0.05,True,False,False,cells/gait_00_trot/vx_pos_0p5/seed_0042
gait_00_trot__vx_pos_1p0__seed_0042,0,trot,1.0,42,valid,,True,0.039594754400355356,0.08545791177757014,0.3,0.05,True,False,False,cells/gait_00_trot/vx_pos_1p0/seed_0042
gait_00_trot__vx_pos_1p5__seed_0042,0,trot,1.5,42,valid,,True,0.05079890273690376,0.08222105892497009,0.425,0.05,True,False,False,cells/gait_00_trot/vx_pos_1p5/seed_0042
gait_01_bound__vx_neg_1p5__seed_0042,1,bound,-1.5,42,valid,,True,0.06606844897723259,0.08182399365274529,0.425,0.05,True,False,False,cells/gait_01_bound/vx_neg_1p5/seed_0042
gait_01_bound__vx_neg_1p0__seed_0042,1,bound,-1.0,42,valid,,True,0.05423339112360232,0.09986045360509983,0.3,0.05,True,False,False,cells/gait_01_bound/vx_neg_1p0/seed_0042
gait_01_bound__vx_neg_0p5__seed_0042,1,bound,-0.5,42,valid,,True,0.046909097595313295,0.10844176582597953,0.175,0.05,True,False,False,cells/gait_01_bound/vx_neg_0p5/seed_0042
gait_01_bound__vx_pos_0p5__seed_0042,1,bound,0.5,42,valid,,True,0.07289772466830707,0.07971047676935883,0.175,0.05,True,False,False,cells/gait_01_bound/vx_pos_0p5/seed_0042
gait_01_bound__vx_pos_1p0__seed_0042,1,bound,1.0,42,valid,,True,0.05851505978036273,0.07691013436350298,0.3,0.05,True,False,False,cells/gait_01_bound/vx_pos_1p0/seed_0042
gait_01_bound__vx_pos_1p5__seed_0042,1,bound,1.5,42,valid,,True,0.0497453401262763,0.08241646424858994,0.425,0.05,True,False,False,cells/gait_01_bound/vx_pos_1p5/seed_0042
gait_02_half_bound__vx_neg_1p5__seed_0042,2,half_bound,-1.5,42,valid,,True,0.09601351548510029,0.07079309719679404,0.425,0.05,True,False,False,cells/gait_02_half_bound/vx_neg_1p5/seed_0042
gait_02_half_bound__vx_neg_1p0__seed_0042,2,half_bound,-1.0,42,valid,,True,0.05267033394526335,0.10626424072383124,0.3,0.05,True,False,False,cells/gait_02_half_bound/vx_neg_1p0/seed_0042
gait_02_half_bound__vx_neg_0p5__seed_0042,2,half_bound,-0.5,42,valid,,True,0.04267137946373255,0.0922269391423291,0.175,0.05,True,False,False,cells/gait_02_half_bound/vx_neg_0p5/seed_0042
gait_02_half_bound__vx_pos_0p5__seed_0042,2,half_bound,0.5,42,valid,,True,0.0679445346361777,0.08091648026791978,0.175,0.05,True,False,False,cells/gait_02_half_bound/vx_pos_0p5/seed_0042
gait_02_half_bound__vx_pos_1p0__seed_0042,2,half_bound,1.0,42,valid,,True,0.06704284071770462,0.092996207186674,0.3,0.05,True,False,False,cells/gait_02_half_bound/vx_pos_1p0/seed_0042
gait_02_half_bound__vx_pos_1p5__seed_0042,2,half_bound,1.5,42,valid,,True,0.05062587514866898,0.08189236826760801,0.425,0.05,True,False,False,cells/gait_02_half_bound/vx_pos_1p5/seed_0042
gait_03_half_bound__vx_neg_1p5__seed_0042,3,half_bound,-1.5,42,valid,,True,0.04065155051005552,0.09129430074227167,0.425,0.05,True,False,False,cells/gait_03_half_bound/vx_neg_1p5/seed_0042
gait_03_half_bound__vx_neg_1p0__seed_0042,3,half_bound,-1.0,42,valid,,True,0.04839606645513949,0.09118465047658397,0.3,0.05,True,False,False,cells/gait_03_half_bound/vx_neg_1p0/seed_0042
gait_03_half_bound__vx_neg_0p5__seed_0042,3,half_bound,-0.5,42,valid,,True,0.07973326401212047,0.12400206729969931,0.175,0.05,True,False,False,cells/gait_03_half_bound/vx_neg_0p5/seed_0042
gait_03_half_bound__vx_pos_0p5__seed_0042,3,half_bound,0.5,42,valid,,True,0.06506850494881156,0.06934217753613665,0.175,0.05,True,False,False,cells/gait_03_half_bound/vx_pos_0p5/seed_0042
gait_03_half_bound__vx_pos_1p0__seed_0042,3,half_bound,1.0,42,valid,,True,0.06902038796729117,0.08551127815529402,0.3,0.05,True,False,False,cells/gait_03_half_bound/vx_pos_1p0/seed_0042
gait_03_half_bound__vx_pos_1p5__seed_0042,3,half_bound,1.5,42,valid,,True,0.041977789063175,0.08087334813315615,0.425,0.05,True,False,False,cells/gait_03_half_bound/vx_pos_1p5/seed_0042
gait_04_half_bound__vx_neg_1p5__seed_0042,4,half_bound,-1.5,42,valid,,True,0.09694812267210585,0.0979938149040605,0.425,0.05,True,False,False,cells/gait_04_half_bound/vx_neg_1p5/seed_0042
gait_04_half_bound__vx_neg_1p0__seed_0042,4,half_bound,-1.0,42,valid,,True,0.06317286432211104,0.10822018376341237,0.3,0.05,True,False,False,cells/gait_04_half_bound/vx_neg_1p0/seed_0042
gait_04_half_bound__vx_neg_0p5__seed_0042,4,half_bound,-0.5,42,valid,,True,0.0576987589250842,0.1156152617596718,0.175,0.05,True,False,False,cells/gait_04_half_bound/vx_neg_0p5/seed_0042
gait_04_half_bound__vx_pos_0p5__seed_0042,4,half_bound,0.5,42,valid,,True,0.09501276434886975,0.10726875574035455,0.175,0.05,True,False,False,cells/gait_04_half_bound/vx_pos_0p5/seed_0042
gait_04_half_bound__vx_pos_1p0__seed_0042,4,half_bound,1.0,42,valid,,True,0.07589476688672717,0.09598304561129725,0.3,0.05,True,False,False,cells/gait_04_half_bound/vx_pos_1p0/seed_0042
gait_04_half_bound__vx_pos_1p5__seed_0042,4,half_bound,1.5,42,valid,,True,0.060347230202308984,0.08326809688099357,0.425,0.05,True,False,False,cells/gait_04_half_bound/vx_pos_1p5/seed_0042
gait_05_half_bound__vx_neg_1p5__seed_0042,5,half_bound,-1.5,42,valid,,True,0.03951368439725543,0.08987074387858661,0.425,0.05,True,False,False,cells/gait_05_half_bound/vx_neg_1p5/seed_0042
gait_05_half_bound__vx_neg_1p0__seed_0042,5,half_bound,-1.0,42,valid,,True,0.04202518942176374,0.10704264967980782,0.3,0.05,True,False,False,cells/gait_05_half_bound/vx_neg_1p0/seed_0042
gait_05_half_bound__vx_neg_0p5__seed_0042,5,half_bound,-0.5,42,valid,,True,0.05517327883775167,0.1305758422070737,0.175,0.05,True,False,False,cells/gait_05_half_bound/vx_neg_0p5/seed_0042
gait_05_half_bound__vx_pos_0p5__seed_0042,5,half_bound,0.5,42,valid,,True,0.06487423063101803,0.07257452184831396,0.175,0.05,True,False,False,cells/gait_05_half_bound/vx_pos_0p5/seed_0042
gait_05_half_bound__vx_pos_1p0__seed_0042,5,half_bound,1.0,42,valid,,True,0.03856027564173461,0.07779254904528954,0.3,0.05,True,False,False,cells/gait_05_half_bound/vx_pos_1p0/seed_0042
gait_05_half_bound__vx_pos_1p5__seed_0042,5,half_bound,1.5,42,valid,,True,0.04921760698293327,0.08851206478038731,0.425,0.05,True,False,False,cells/gait_05_half_bound/vx_pos_1p5/seed_0042
gait_06_gallop__vx_neg_1p5__seed_0042,6,gallop,-1.5,42,valid,,True,0.06813091175115482,0.0911821606719014,0.425,0.05,True,False,False,cells/gait_06_gallop/vx_neg_1p5/seed_0042
gait_06_gallop__vx_neg_1p0__seed_0042,6,gallop,-1.0,42,valid,,True,0.0651922876917535,0.1076502640101621,0.3,0.05,True,False,False,cells/gait_06_gallop/vx_neg_1p0/seed_0042
gait_06_gallop__vx_neg_0p5__seed_0042,6,gallop,-0.5,42,valid,,True,0.07813353138365849,0.09314672338691718,0.175,0.05,True,False,False,cells/gait_06_gallop/vx_neg_0p5/seed_0042
gait_06_gallop__vx_pos_0p5__seed_0042,6,gallop,0.5,42,valid,,True,0.07700242356039352,0.08572238087737628,0.175,0.05,True,False,False,cells/gait_06_gallop/vx_pos_0p5/seed_0042
gait_06_gallop__vx_pos_1p0__seed_0042,6,gallop,1.0,42,valid,,True,0.08348325928008135,0.09898281475853474,0.3,0.05,True,False,False,cells/gait_06_gallop/vx_pos_1p0/seed_0042
gait_06_gallop__vx_pos_1p5__seed_0042,6,gallop,1.5,42,valid,,True,0.0453590337934405,0.0938856146910491,0.425,0.05,True,False,False,cells/gait_06_gallop/vx_pos_1p5/seed_0042
gait_07_gallop__vx_neg_1p5__seed_0042,7,gallop,-1.5,42,valid,,True,0.08693720219152609,0.11226394421531817,0.425,0.05,True,False,False,cells/gait_07_gallop/vx_neg_1p5/seed_0042
gait_07_gallop__vx_neg_1p0__seed_0042,7,gallop,-1.0,42,valid,,True,0.06421987092374655,0.08535077933682121,0.3,0.05,True,False,False,cells/gait_07_gallop/vx_neg_1p0/seed_0042
gait_07_gallop__vx_neg_0p5__seed_0042,7,gallop,-0.5,42,valid,,True,0.06958333137384032,0.10615664920304527,0.175,0.05,True,False,False,cells/gait_07_gallop/vx_neg_0p5/seed_0042
gait_07_gallop__vx_pos_0p5__seed_0042,7,gallop,0.5,42,valid,,True,0.06474739275066754,0.08030534154370417,0.175,0.05,True,False,False,cells/gait_07_gallop/vx_pos_0p5/seed_0042
gait_07_gallop__vx_pos_1p0__seed_0042,7,gallop,1.0,42,valid,,True,0.06880511063924799,0.07721654787540548,0.3,0.05,True,False,False,cells/gait_07_gallop/vx_pos_1p0/seed_0042
gait_07_gallop__vx_pos_1p5__seed_0042,7,gallop,1.5,42,valid,,True,0.10183122235790673,0.10241991002573692,0.425,0.05,True,False,False,cells/gait_07_gallop/vx_pos_1p5/seed_0042
gait_08_gallop__vx_neg_1p5__seed_0042,8,gallop,-1.5,42,valid,,True,0.05185187959235148,0.0751185678301258,0.425,0.05,True,False,False,cells/gait_08_gallop/vx_neg_1p5/seed_0042
gait_08_gallop__vx_neg_1p0__seed_0042,8,gallop,-1.0,42,valid,,True,0.04452259689553803,0.11124383349960376,0.3,0.05,True,False,False,cells/gait_08_gallop/vx_neg_1p0/seed_0042
gait_08_gallop__vx_neg_0p5__seed_0042,8,gallop,-0.5,42,valid,,True,0.07385417120299512,0.1476355026254668,0.175,0.05,True,False,False,cells/gait_08_gallop/vx_neg_0p5/seed_0042
gait_08_gallop__vx_pos_0p5__seed_0042,8,gallop,0.5,42,valid,,True,0.08002737275427917,0.07705155821756071,0.175,0.05,True,False,False,cells/gait_08_gallop/vx_pos_0p5/seed_0042
gait_08_gallop__vx_pos_1p0__seed_0042,8,gallop,1.0,42,valid,,True,0.06904989009386397,0.07845800190243436,0.3,0.05,True,False,False,cells/gait_08_gallop/vx_pos_1p0/seed_0042
gait_08_gallop__vx_pos_1p5__seed_0042,8,gallop,1.5,42,valid,,True,0.055432089618884926,0.08621920713062574,0.425,0.05,True,False,False,cells/gait_08_gallop/vx_pos_1p5/seed_0042
gait_09_gallop__vx_neg_1p5__seed_0042,9,gallop,-1.5,42,valid,,True,0.03594698637425792,0.06690613112273214,0.425,0.05,True,False,False,cells/gait_09_gallop/vx_neg_1p5/seed_0042
gait_09_gallop__vx_neg_1p0__seed_0042,9,gallop,-1.0,42,valid,,True,0.03520057389585839,0.09357580574080082,0.3,0.05,True,False,False,cells/gait_09_gallop/vx_neg_1p0/seed_0042
gait_09_gallop__vx_neg_0p5__seed_0042,9,gallop,-0.5,42,valid,,True,0.06242517374632222,0.14089427333087162,0.175,0.05,True,False,False,cells/gait_09_gallop/vx_neg_0p5/seed_0042
gait_09_gallop__vx_pos_0p5__seed_0042,9,gallop,0.5,42,valid,,True,0.05436439419917872,0.09144654642597742,0.175,0.05,True,False,False,cells/gait_09_gallop/vx_pos_0p5/seed_0042
gait_09_gallop__vx_pos_1p0__seed_0042,9,gallop,1.0,42,valid,,True,0.05856576899991358,0.07771040020003142,0.3,0.05,True,False,False,cells/gait_09_gallop/vx_pos_1p0/seed_0042
gait_09_gallop__vx_pos_1p5__seed_0042,9,gallop,1.5,42,valid,,True,0.03479637016868063,0.07150445383492574,0.425,0.05,True,False,False,cells/gait_09_gallop/vx_pos_1p5/seed_0042
