cell_id,gait_index,family,velocity_mps,seed,status,reason,positive_directed_progress,tracking_rmse_mps,yaw_tracking_rmse_radps,tracking_success_threshold_mps,yaw_tracking_success_threshold_radps,vx_relative_tracking_success_threshold,vx_relative_tracking_success,planar_tracking_success,yaw_tracking_success,tracking_success,velocity_metric_valid,velocity_metric_reason,heading_metric_valid,heading_metric_reason,recording_manifest_valid,recording_manifest_reason,gait_metric_valid,gait_metric_reason,load_metric_valid,load_metric_reason,raw_load_metric_valid,raw_load_metric_reason,grf_load_metric_valid,grf_load_metric_reason,normalized_load_metric_valid,normalized_load_metric_reason,velocity_success_domain_valid,gait_success_domain_valid,joint_success_domain_valid,velocity_only_success,gait_only_success,joint_velocity_and_gait_success,gait_row_correct,gait_family_correct,gait_classification_available,success,success_failed_checks,relative_output_dir
gait_00_trot__vx_neg_1p5__seed_4242,0,trot,-1.5,4242,valid,,True,0.03144163063580053,0.020402420827420675,0.425,0.05,0.2,True,True,True,True,True,,True,,True,,True,,True,,True,,True,,True,,True,True,True,True,True,True,True,True,True,True,[],cells/gait_00_trot/vx_neg_1p5/seed_4242
gait_00_trot__vx_neg_1p0__seed_4242,0,trot,-1.0,4242,valid,,True,0.03330628583431986,0.015095808419969348,0.3,0.05,0.2,True,True,True,True,True,,True,,True,,True,,True,,True,,True,,True,,True,True,True,True,True,True,True,True,True,True,[],cells/gait_00_trot/vx_neg_1p0/seed_4242
gait_00_trot__vx_neg_0p5__seed_4242,0,trot,-0.5,4242,valid,,True,0.029135669140745588,0.012902696861734324,0.175,0.05,0.2,True,True,True,True,True,,True,,True,,True,,True,,True,,True,,True,,True,True,True,True,True,True,True,True,True,True,[],cells/gait_00_trot/vx_neg_0p5/seed_4242
gait_00_trot__vx_pos_0p5__seed_4242,0,trot,0.5,4242,valid,,True,0.04230413235215432,0.017376317009326705,0.175,0.05,0.2,True,True,True,True,True,,True,,True,,True,,True,,True,,True,,True,,True,True,True,True,True,True,True,True,True,True,[],cells/gait_00_trot/vx_pos_0p5/seed_4242
gait_00_trot__vx_pos_1p0__seed_4242,0,trot,1.0,4242,valid,,True,0.0515636064739609,0.01619921696505409,0.3,0.05,0.2,True,True,True,True,True,,True,,True,,True,,True,,True,,True,,True,,True,True,True,True,True,True,True,True,True,True,[],cells/gait_00_trot/vx_pos_1p0/seed_4242
gait_00_trot__vx_pos_1p5__seed_4242,0,trot,1.5,4242,valid,,True,0.049304706123335096,0.022775230153802978,0.425,0.05,0.2,True,True,True,True,True,,True,,True,,True,,True,,True,,True,,True,,True,True,True,True,True,True,True,True,True,True,[],cells/gait_00_trot/vx_pos_1p5/seed_4242
gait_01_bound__vx_neg_1p5__seed_4242,1,bound,-1.5,4242,valid,,True,0.04561643980214802,0.020940356497834576,0.425,0.05,0.2,True,True,True,True,True,,True,,True,,True,,True,,True,,True,,True,,True,True,True,True,True,True,True,True,True,True,[],cells/gait_01_bound/vx_neg_1p5/seed_4242
gait_01_bound__vx_neg_1p0__seed_4242,1,bound,-1.0,4242,valid,,True,0.044417570249267666,0.01779163401503232,0.3,0.05,0.2,True,True,True,True,True,,True,,True,,True,,True,,True,,True,,True,,True,True,True,True,True,True,True,True,True,True,[],cells/gait_01_bound/vx_neg_1p0/seed_4242
gait_01_bound__vx_neg_0p5__seed_4242,1,bound,-0.5,4242,valid,,True,0.03877313286441472,0.018166335823077057,0.175,0.05,0.2,True,True,True,True,True,,True,,True,,True,,True,,True,,True,,True,,True,True,True,True,True,True,True,True,True,True,[],cells/gait_01_bound/vx_neg_0p5/seed_4242
gait_01_bound__vx_pos_0p5__seed_4242,1,bound,0.5,4242,valid,,True,0.04434784892784511,0.025205746065325014,0.175,0.05,0.2,True,True,True,True,True,,True,,True,,True,,True,,True,,True,,True,,True,True,True,True,True,True,True,True,True,True,[],cells/gait_01_bound/vx_pos_0p5/seed_4242
gait_01_bound__vx_pos_1p0__seed_4242,1,bound,1.0,4242,valid,,True,0.04445904494741517,0.021197518903036578,0.3,0.05,0.2,True,True,True,True,True,,True,,True,,True,,True,,True,,True,,True,,True,True,True,True,True,True,True,True,True,True,[],cells/gait_01_bound/vx_pos_1p0/seed_4242
gait_01_bound__vx_pos_1p5__seed_4242,1,bound,1.5,4242,valid,,True,0.036795973546146214,0.021140125246322725,0.425,0.05,0.2,True,True,True,True,True,,True,,True,,True,,True,,True,,True,,True,,True,True,True,True,True,True,True,True,True,True,[],cells/gait_01_bound/vx_pos_1p5/seed_4242
gait_02_half_bound__vx_neg_1p5__seed_4242,2,half_bound,-1.5,4242,valid,,True,0.04581953014533611,0.0387272595265612,0.425,0.05,0.2,True,True,True,True,True,,True,,True,,True,,True,,True,,True,,True,,True,True,True,True,True,True,True,True,True,True,[],cells/gait_02_half_bound/vx_neg_1p5/seed_4242
gait_02_half_bound__vx_neg_1p0__seed_4242,2,half_bound,-1.0,4242,valid,,True,0.04886479398636094,0.04789364121888535,0.3,0.05,0.2,True,True,True,True,True,,True,,True,,True,,True,,True,,True,,True,,True,True,True,True,True,True,True,True,True,True,[],cells/gait_02_half_bound/vx_neg_1p0/seed_4242
gait_02_half_bound__vx_neg_0p5__seed_4242,2,half_bound,-0.5,4242,valid,,True,0.05370140353393479,0.044793489672516826,0.175,0.05,0.2,True,True,True,True,True,,True,,True,,True,,True,,True,,True,,True,,True,True,True,True,True,True,True,True,True,True,[],cells/gait_02_half_bound/vx_neg_0p5/seed_4242
gait_02_half_bound__vx_pos_0p5__seed_4242,2,half_bound,0.5,4242,valid,,True,0.04204634904174557,0.03917183397507068,0.175,0.05,0.2,True,True,True,True,True,,True,,True,,True,,True,,True,,True,,True,,True,True,True,True,True,True,True,True,True,True,[],cells/gait_02_half_bound/vx_pos_0p5/seed_4242
gait_02_half_bound__vx_pos_1p0__seed_4242,2,half_bound,1.0,4242,valid,,True,0.05606036341234464,0.0369979765778316,0.3,0.05,0.2,True,True,True,True,True,,True,,True,,True,,True,,True,,True,,True,,True,True,True,True,True,True,True,True,True,True,[],cells/gait_02_half_bound/vx_pos_1p0/seed_4242
gait_02_half_bound__vx_pos_1p5__seed_4242,2,half_bound,1.5,4242,valid,,True,0.050534308461761816,0.025282307931747745,0.425,0.05,0.2,True,True,True,True,True,,True,,True,,True,,True,,True,,True,,True,,True,True,True,True,False,False,False,False,True,False,"[""correct_family""]",cells/gait_02_half_bound/vx_pos_1p5/seed_4242
gait_03_half_bound__vx_neg_1p5__seed_4242,3,half_bound,-1.5,4242,valid,,True,0.04920927334373011,0.052181714124984145,0.425,0.05,0.2,True,True,False,False,True,,True,,True,,True,,True,,True,,True,,True,,True,True,True,False,True,False,True,True,True,False,"[""yaw_rmse""]",cells/gait_03_half_bound/vx_neg_1p5/seed_4242
gait_03_half_bound__vx_neg_1p0__seed_4242,3,half_bound,-1.0,4242,valid,,True,0.04597153605205098,0.03972170542854313,0.3,0.05,0.2,True,True,True,True,True,,True,,True,,True,,True,,True,,True,,True,,True,True,True,True,True,True,True,True,True,True,[],cells/gait_03_half_bound/vx_neg_1p0/seed_4242
gait_03_half_bound__vx_neg_0p5__seed_4242,3,half_bound,-0.5,4242,valid,,True,0.0465001186221136,0.034070113153824244,0.175,0.05,0.2,True,True,True,True,True,,True,,True,,True,,True,,True,,True,,True,,True,True,True,True,True,True,True,True,True,True,[],cells/gait_03_half_bound/vx_neg_0p5/seed_4242
gait_03_half_bound__vx_pos_0p5__seed_4242,3,half_bound,0.5,4242,valid,,True,0.05120557810568733,0.05096785247991637,0.175,0.05,0.2,True,True,False,False,True,,True,,True,,True,,True,,True,,True,,True,,True,True,True,False,True,False,True,True,True,False,"[""yaw_rmse""]",cells/gait_03_half_bound/vx_pos_0p5/seed_4242
gait_03_half_bound__vx_pos_1p0__seed_4242,3,half_bound,1.0,4242,valid,,True,0.0585307314038485,0.042837121547925544,0.3,0.05,0.2,True,True,True,True,True,,True,,True,,True,,True,,True,,True,,True,,True,True,True,True,True,True,True,True,True,True,[],cells/gait_03_half_bound/vx_pos_1p0/seed_4242
gait_03_half_bound__vx_pos_1p5__seed_4242,3,half_bound,1.5,4242,valid,,True,0.05737570610128507,0.03228783283679787,0.425,0.05,0.2,True,True,True,True,True,,True,,True,,True,,True,,True,,True,,True,,True,True,True,True,True,True,True,True,True,True,[],cells/gait_03_half_bound/vx_pos_1p5/seed_4242
gait_04_half_bound__vx_neg_1p5__seed_4242,4,half_bound,-1.5,4242,valid,,True,0.05970350473627008,0.03006022400268039,0.425,0.05,0.2,True,True,True,True,True,,True,,True,,True,,True,,True,,True,,True,,True,True,True,True,True,True,True,True,True,True,[],cells/gait_04_half_bound/vx_neg_1p5/seed_4242
gait_04_half_bound__vx_neg_1p0__seed_4242,4,half_bound,-1.0,4242,valid,,True,0.06226726781682129,0.04181716548329326,0.3,0.05,0.2,True,True,True,True,True,,True,,True,,True,,True,,True,,True,,True,,True,True,True,True,True,True,True,True,True,True,[],cells/gait_04_half_bound/vx_neg_1p0/seed_4242
gait_04_half_bound__vx_neg_0p5__seed_4242,4,half_bound,-0.5,4242,valid,,True,0.04600372258513146,0.0390247554718479,0.175,0.05,0.2,True,True,True,True,True,,True,,True,,True,,True,,True,,True,,True,,True,True,True,True,False,False,False,False,True,False,"[""correct_family""]",cells/gait_04_half_bound/vx_neg_0p5/seed_4242
gait_04_half_bound__vx_pos_0p5__seed_4242,4,half_bound,0.5,4242,valid,,True,0.07306319515091528,0.037620093233237416,0.175,0.05,0.2,True,True,True,True,True,,True,,True,,True,,True,,True,,True,,True,,True,True,True,True,True,True,True,True,True,True,[],cells/gait_04_half_bound/vx_pos_0p5/seed_4242
gait_04_half_bound__vx_pos_1p0__seed_4242,4,half_bound,1.0,4242,valid,,True,0.07048485101544157,0.02798649657830105,0.3,0.05,0.2,True,True,True,True,True,,True,,True,,True,,True,,True,,True,,True,,True,True,True,True,True,True,True,True,True,True,[],cells/gait_04_half_bound/vx_pos_1p0/seed_4242
gait_04_half_bound__vx_pos_1p5__seed_4242,4,half_bound,1.5,4242,valid,,True,0.057988210894033596,0.04095594378780052,0.425,0.05,0.2,True,True,True,True,True,,True,,True,,True,,True,,True,,True,,True,,True,True,True,True,False,False,False,False,True,False,"[""correct_family""]",cells/gait_04_half_bound/vx_pos_1p5/seed_4242
gait_05_half_bound__vx_neg_1p5__seed_4242,5,half_bound,-1.5,4242,valid,,True,0.04751714467343536,0.02942667213877389,0.425,0.05,0.2,True,True,True,True,True,,True,,True,,True,,True,,True,,True,,True,,True,True,True,True,True,True,True,True,True,True,[],cells/gait_05_half_bound/vx_neg_1p5/seed_4242
gait_05_half_bound__vx_neg_1p0__seed_4242,5,half_bound,-1.0,4242,valid,,True,0.04737933523028097,0.02404588534635497,0.3,0.05,0.2,True,True,True,True,True,,True,,True,,True,,True,,True,,True,,True,,True,True,True,True,True,True,True,True,True,True,[],cells/gait_05_half_bound/vx_neg_1p0/seed_4242
gait_05_half_bound__vx_neg_0p5__seed_4242,5,half_bound,-0.5,4242,valid,,True,0.05110305701074755,0.0274068142467923,0.175,0.05,0.2,True,True,True,True,True,,True,,True,,True,,True,,True,,True,,True,,True,True,True,True,True,True,True,True,True,True,[],cells/gait_05_half_bound/vx_neg_0p5/seed_4242
gait_05_half_bound__vx_pos_0p5__seed_4242,5,half_bound,0.5,4242,valid,,True,0.04737309952736891,0.034615671604957446,0.175,0.05,0.2,True,True,True,True,True,,True,,True,,True,,True,,True,,True,,True,,True,True,True,True,True,True,True,True,True,True,[],cells/gait_05_half_bound/vx_pos_0p5/seed_4242
gait_05_half_bound__vx_pos_1p0__seed_4242,5,half_bound,1.0,4242,valid,,True,0.045588588084816625,0.030285513706459682,0.3,0.05,0.2,True,True,True,True,True,,True,,True,,True,,True,,True,,True,,True,,True,True,True,True,True,True,True,True,True,True,[],cells/gait_05_half_bound/vx_pos_1p0/seed_4242
gait_05_half_bound__vx_pos_1p5__seed_4242,5,half_bound,1.5,4242,valid,,True,0.046196807587183066,0.033900812169339704,0.425,0.05,0.2,True,True,True,True,True,,True,,True,,True,,True,,True,,True,,True,,True,True,True,True,True,True,True,True,True,True,[],cells/gait_05_half_bound/vx_pos_1p5/seed_4242
gait_06_gallop__vx_neg_1p5__seed_4242,6,gallop,-1.5,4242,valid,,True,0.07741965900364903,0.0579257630253067,0.425,0.05,0.2,True,True,False,False,True,,True,,True,,True,,True,,True,,True,,True,,True,True,True,False,False,False,False,False,True,False,"[""yaw_rmse"",""correct_family""]",cells/gait_06_gallop/vx_neg_1p5/seed_4242
gait_06_gallop__vx_neg_1p0__seed_4242,6,gallop,-1.0,4242,valid,,True,0.07529504197543327,0.041000142684297636,0.3,0.05,0.2,True,True,True,True,True,,True,,True,,True,,True,,True,,True,,True,,True,True,True,True,False,False,False,False,True,False,"[""correct_family""]",cells/gait_06_gallop/vx_neg_1p0/seed_4242
gait_06_gallop__vx_neg_0p5__seed_4242,6,gallop,-0.5,4242,valid,,True,0.08186202249344472,0.04781460504619311,0.175,0.05,0.2,True,True,True,True,True,,True,,True,,True,,True,,True,,True,,True,,True,True,True,True,False,False,False,False,True,False,"[""correct_family""]",cells/gait_06_gallop/vx_neg_0p5/seed_4242
gait_06_gallop__vx_pos_0p5__seed_4242,6,gallop,0.5,4242,valid,,True,0.10164907729940444,0.051714588802097554,0.175,0.05,0.2,True,True,False,False,True,,True,,True,,True,,True,,True,,True,,True,,True,True,True,False,True,False,True,True,True,False,"[""yaw_rmse""]",cells/gait_06_gallop/vx_pos_0p5/seed_4242
gait_06_gallop__vx_pos_1p0__seed_4242,6,gallop,1.0,4242,valid,,True,0.09326230560707481,0.04754487648017163,0.3,0.05,0.2,True,True,True,True,True,,True,,True,,True,,True,,True,,True,,True,,True,True,True,True,False,False,False,False,True,False,"[""correct_family""]",cells/gait_06_gallop/vx_pos_1p0/seed_4242
gait_06_gallop__vx_pos_1p5__seed_4242,6,gallop,1.5,4242,valid,,True,0.08593940087888656,0.05503118541291905,0.425,0.05,0.2,True,True,False,False,True,,True,,True,,True,,True,,True,,True,,True,,True,True,True,False,False,False,False,False,True,False,"[""yaw_rmse"",""correct_family""]",cells/gait_06_gallop/vx_pos_1p5/seed_4242
gait_07_gallop__vx_neg_1p5__seed_4242,7,gallop,-1.5,4242,valid,,True,0.05196085196710417,0.051003637233106136,0.425,0.05,0.2,True,True,False,False,True,,True,,True,,True,,True,,True,,True,,True,,True,True,True,False,True,False,True,True,True,False,"[""yaw_rmse""]",cells/gait_07_gallop/vx_neg_1p5/seed_4242
gait_07_gallop__vx_neg_1p0__seed_4242,7,gallop,-1.0,4242,valid,,True,0.03705123550189844,0.0566229877490372,0.3,0.05,0.2,True,True,False,False,True,,True,,True,,True,,True,,True,,True,,True,,True,True,True,False,True,False,True,True,True,False,"[""yaw_rmse""]",cells/gait_07_gallop/vx_neg_1p0/seed_4242
gait_07_gallop__vx_neg_0p5__seed_4242,7,gallop,-0.5,4242,valid,,True,0.02987157711216134,0.03830403819456112,0.175,0.05,0.2,True,True,True,True,True,,True,,True,,True,,True,,True,,True,,True,,True,True,True,True,True,True,True,True,True,True,[],cells/gait_07_gallop/vx_neg_0p5/seed_4242
gait_07_gallop__vx_pos_0p5__seed_4242,7,gallop,0.5,4242,valid,,True,0.034578058957411104,0.03465203369976066,0.175,0.05,0.2,True,True,True,True,True,,True,,True,,True,,True,,True,,True,,True,,True,True,True,True,True,True,True,True,True,True,[],cells/gait_07_gallop/vx_pos_0p5/seed_4242
gait_07_gallop__vx_pos_1p0__seed_4242,7,gallop,1.0,4242,valid,,True,0.03380596578141625,0.03968148683061144,0.3,0.05,0.2,True,True,True,True,True,,True,,True,,True,,True,,True,,True,,True,,True,True,True,True,True,True,True,True,True,True,[],cells/gait_07_gallop/vx_pos_1p0/seed_4242
gait_07_gallop__vx_pos_1p5__seed_4242,7,gallop,1.5,4242,valid,,True,0.05154270907903212,0.05107561353771109,0.425,0.05,0.2,True,True,False,False,True,,True,,True,,True,,True,,True,,True,,True,,True,True,True,False,True,False,True,True,True,False,"[""yaw_rmse""]",cells/gait_07_gallop/vx_pos_1p5/seed_4242
gait_08_gallop__vx_neg_1p5__seed_4242,8,gallop,-1.5,4242,valid,,True,0.06356044221258166,0.04381716225292,0.425,0.05,0.2,True,True,True,True,True,,True,,True,,True,,True,,True,,True,,True,,True,True,True,True,False,False,False,False,True,False,"[""correct_family""]",cells/gait_08_gallop/vx_neg_1p5/seed_4242
gait_08_gallop__vx_neg_1p0__seed_4242,8,gallop,-1.0,4242,valid,,True,0.06900506968119338,0.0428259474238706,0.3,0.05,0.2,True,True,True,True,True,,True,,True,,True,,True,,True,,True,,True,,True,True,True,True,False,False,False,False,True,False,"[""correct_family""]",cells/gait_08_gallop/vx_neg_1p0/seed_4242
gait_08_gallop__vx_neg_0p5__seed_4242,8,gallop,-0.5,4242,valid,,True,0.08415057791345795,0.03775031532073598,0.175,0.05,0.2,True,True,True,True,True,,True,,True,,True,,True,,True,,True,,True,,True,True,True,True,True,True,True,True,True,True,[],cells/gait_08_gallop/vx_neg_0p5/seed_4242
gait_08_gallop__vx_pos_0p5__seed_4242,8,gallop,0.5,4242,valid,,True,0.07130430218378273,0.04272389939469001,0.175,0.05,0.2,True,True,True,True,True,,True,,True,,True,,True,,True,,True,,True,,True,True,True,True,False,False,False,False,True,False,"[""correct_family""]",cells/gait_08_gallop/vx_pos_0p5/seed_4242
gait_08_gallop__vx_pos_1p0__seed_4242,8,gallop,1.0,4242,valid,,True,0.07475222707906154,0.035198445583262586,0.3,0.05,0.2,True,True,True,True,True,,True,,True,,True,,True,,True,,True,,True,,True,True,True,True,False,False,False,False,True,False,"[""correct_family""]",cells/gait_08_gallop/vx_pos_1p0/seed_4242
gait_08_gallop__vx_pos_1p5__seed_4242,8,gallop,1.5,4242,valid,,True,0.06855781978396779,0.04968333371043057,0.425,0.05,0.2,True,True,True,True,True,,True,,True,,True,,True,,True,,True,,True,,True,True,True,True,True,True,True,True,True,True,[],cells/gait_08_gallop/vx_pos_1p5/seed_4242
gait_09_gallop__vx_neg_1p5__seed_4242,9,gallop,-1.5,4242,valid,,True,0.04090079954619126,0.03981145612572382,0.425,0.05,0.2,True,True,True,True,True,,True,,True,,True,,True,,True,,True,,True,,True,True,True,True,True,True,True,True,True,True,[],cells/gait_09_gallop/vx_neg_1p5/seed_4242
gait_09_gallop__vx_neg_1p0__seed_4242,9,gallop,-1.0,4242,valid,,True,0.04246183046812837,0.037478007153075366,0.3,0.05,0.2,True,True,True,True,True,,True,,True,,True,,True,,True,,True,,True,,True,True,True,True,True,True,True,True,True,True,[],cells/gait_09_gallop/vx_neg_1p0/seed_4242
gait_09_gallop__vx_neg_0p5__seed_4242,9,gallop,-0.5,4242,valid,,True,0.04018304521287483,0.03435382224028501,0.175,0.05,0.2,True,True,True,True,True,,True,,True,,True,,True,,True,,True,,True,,True,True,True,True,True,True,True,True,True,True,[],cells/gait_09_gallop/vx_neg_0p5/seed_4242
gait_09_gallop__vx_pos_0p5__seed_4242,9,gallop,0.5,4242,valid,,True,0.039606860690712405,0.03187400468862845,0.175,0.05,0.2,True,True,True,True,True,,True,,True,,True,,True,,True,,True,,True,,True,True,True,True,True,True,True,True,True,True,[],cells/gait_09_gallop/vx_pos_0p5/seed_4242
gait_09_gallop__vx_pos_1p0__seed_4242,9,gallop,1.0,4242,valid,,True,0.044205589078967523,0.037962500536667144,0.3,0.05,0.2,True,True,True,True,True,,True,,True,,True,,True,,True,,True,,True,,True,True,True,True,True,True,True,True,True,True,[],cells/gait_09_gallop/vx_pos_1p0/seed_4242
gait_09_gallop__vx_pos_1p5__seed_4242,9,gallop,1.5,4242,valid,,True,0.05021050859060479,0.03422777949521759,0.425,0.05,0.2,True,True,True,True,True,,True,,True,,True,,True,,True,,True,,True,,True,True,True,True,True,True,True,True,True,True,[],cells/gait_09_gallop/vx_pos_1p5/seed_4242
