run_id,abbreviation,color,is_baseline,run,velocity_scope,aggregation,family,metric,source_metric,display_label,unit,lower_is_better,cells,families,value,delta_from_baseline
run_00,No TRS,#202124,True,logs/rsl_rl/good_runs/dobot_x1_symm_flat/legacy/gait_family_v2_analysis/2026-08-20_21-04-26_x1_72d_no_trs_gait_trclosed_v2,all,family,trot,torque_squared,torque_squared,Torque²,%,True,6,1,6.121153284896118,0.0
run_00,No TRS,#202124,True,logs/rsl_rl/good_runs/dobot_x1_symm_flat/legacy/gait_family_v2_analysis/2026-08-20_21-04-26_x1_72d_no_trs_gait_trclosed_v2,all,family,trot,normalized_torque_squared,normalized_torque_utilization,Normalized torque²,%,True,6,1,15.96280875205908,0.0
run_00,No TRS,#202124,True,logs/rsl_rl/good_runs/dobot_x1_symm_flat/legacy/gait_family_v2_analysis/2026-08-20_21-04-26_x1_72d_no_trs_gait_trclosed_v2,all,family,trot,absolute_work,absolute_work,Absolute work,%,True,6,1,6.890929729584642,0.0
run_00,No TRS,#202124,True,logs/rsl_rl/good_runs/dobot_x1_symm_flat/legacy/gait_family_v2_analysis/2026-08-20_21-04-26_x1_72d_no_trs_gait_trclosed_v2,all,family,trot,vertical_grf_impulse,vertical_grf_impulse,Vertical GRF impulse,%,True,6,1,5.393301175653203,0.0
run_00,No TRS,#202124,True,logs/rsl_rl/good_runs/dobot_x1_symm_flat/legacy/gait_family_v2_analysis/2026-08-20_21-04-26_x1_72d_no_trs_gait_trclosed_v2,all,family,bound,torque_squared,torque_squared,Torque²,%,True,6,1,29.127461354755507,0.0
run_00,No TRS,#202124,True,logs/rsl_rl/good_runs/dobot_x1_symm_flat/legacy/gait_family_v2_analysis/2026-08-20_21-04-26_x1_72d_no_trs_gait_trclosed_v2,all,family,bound,normalized_torque_squared,normalized_torque_utilization,Normalized torque²,%,True,6,1,31.443624179758572,0.0
run_00,No TRS,#202124,True,logs/rsl_rl/good_runs/dobot_x1_symm_flat/legacy/gait_family_v2_analysis/2026-08-20_21-04-26_x1_72d_no_trs_gait_trclosed_v2,all,family,bound,absolute_work,absolute_work,Absolute work,%,True,6,1,49.37590243933629,0.0
run_00,No TRS,#202124,True,logs/rsl_rl/good_runs/dobot_x1_symm_flat/legacy/gait_family_v2_analysis/2026-08-20_21-04-26_x1_72d_no_trs_gait_trclosed_v2,all,family,bound,vertical_grf_impulse,vertical_grf_impulse,Vertical GRF impulse,%,True,6,1,7.349411273311815,0.0
run_00,No TRS,#202124,True,logs/rsl_rl/good_runs/dobot_x1_symm_flat/legacy/gait_family_v2_analysis/2026-08-20_21-04-26_x1_72d_no_trs_gait_trclosed_v2,all,family,half_bound,torque_squared,torque_squared,Torque²,%,True,24,1,19.937044016808773,0.0
run_00,No TRS,#202124,True,logs/rsl_rl/good_runs/dobot_x1_symm_flat/legacy/gait_family_v2_analysis/2026-08-20_21-04-26_x1_72d_no_trs_gait_trclosed_v2,all,family,half_bound,normalized_torque_squared,normalized_torque_utilization,Normalized torque²,%,True,24,1,29.934529086933434,0.0
run_00,No TRS,#202124,True,logs/rsl_rl/good_runs/dobot_x1_symm_flat/legacy/gait_family_v2_analysis/2026-08-20_21-04-26_x1_72d_no_trs_gait_trclosed_v2,all,family,half_bound,absolute_work,absolute_work,Absolute work,%,True,24,1,25.46386290004354,0.0
run_00,No TRS,#202124,True,logs/rsl_rl/good_runs/dobot_x1_symm_flat/legacy/gait_family_v2_analysis/2026-08-20_21-04-26_x1_72d_no_trs_gait_trclosed_v2,all,family,half_bound,vertical_grf_impulse,vertical_grf_impulse,Vertical GRF impulse,%,True,24,1,8.494809593635976,0.0
run_00,No TRS,#202124,True,logs/rsl_rl/good_runs/dobot_x1_symm_flat/legacy/gait_family_v2_analysis/2026-08-20_21-04-26_x1_72d_no_trs_gait_trclosed_v2,all,family,gallop,torque_squared,torque_squared,Torque²,%,True,24,1,15.562474960450643,0.0
run_00,No TRS,#202124,True,logs/rsl_rl/good_runs/dobot_x1_symm_flat/legacy/gait_family_v2_analysis/2026-08-20_21-04-26_x1_72d_no_trs_gait_trclosed_v2,all,family,gallop,normalized_torque_squared,normalized_torque_utilization,Normalized torque²,%,True,24,1,27.254758449419402,0.0
run_00,No TRS,#202124,True,logs/rsl_rl/good_runs/dobot_x1_symm_flat/legacy/gait_family_v2_analysis/2026-08-20_21-04-26_x1_72d_no_trs_gait_trclosed_v2,all,family,gallop,absolute_work,absolute_work,Absolute work,%,True,24,1,13.93637593067942,0.0
run_00,No TRS,#202124,True,logs/rsl_rl/good_runs/dobot_x1_symm_flat/legacy/gait_family_v2_analysis/2026-08-20_21-04-26_x1_72d_no_trs_gait_trclosed_v2,all,family,gallop,vertical_grf_impulse,vertical_grf_impulse,Vertical GRF impulse,%,True,24,1,6.758093507100586,0.0
run_00,No TRS,#202124,True,logs/rsl_rl/good_runs/dobot_x1_symm_flat/legacy/gait_family_v2_analysis/2026-08-20_21-04-26_x1_72d_no_trs_gait_trclosed_v2,all,overall,all_family_balanced,torque_squared,torque_squared,Torque²,%,True,60,4,17.687033404227762,0.0
run_00,No TRS,#202124,True,logs/rsl_rl/good_runs/dobot_x1_symm_flat/legacy/gait_family_v2_analysis/2026-08-20_21-04-26_x1_72d_no_trs_gait_trclosed_v2,all,overall,all_family_balanced,normalized_torque_squared,normalized_torque_utilization,Normalized torque²,%,True,60,4,26.14893011704262,0.0
run_00,No TRS,#202124,True,logs/rsl_rl/good_runs/dobot_x1_symm_flat/legacy/gait_family_v2_analysis/2026-08-20_21-04-26_x1_72d_no_trs_gait_trclosed_v2,all,overall,all_family_balanced,absolute_work,absolute_work,Absolute work,%,True,60,4,23.916767749910974,0.0
run_00,No TRS,#202124,True,logs/rsl_rl/good_runs/dobot_x1_symm_flat/legacy/gait_family_v2_analysis/2026-08-20_21-04-26_x1_72d_no_trs_gait_trclosed_v2,all,overall,all_family_balanced,vertical_grf_impulse,vertical_grf_impulse,Vertical GRF impulse,%,True,60,4,6.998903887425395,0.0
run_00,No TRS,#202124,True,logs/rsl_rl/good_runs/dobot_x1_symm_flat/legacy/gait_family_v2_analysis/2026-08-20_21-04-26_x1_72d_no_trs_gait_trclosed_v2,negative,family,trot,torque_squared,torque_squared,Torque²,%,True,3,1,10.571592475578681,0.0
run_00,No TRS,#202124,True,logs/rsl_rl/good_runs/dobot_x1_symm_flat/legacy/gait_family_v2_analysis/2026-08-20_21-04-26_x1_72d_no_trs_gait_trclosed_v2,negative,family,trot,normalized_torque_squared,normalized_torque_utilization,Normalized torque²,%,True,3,1,26.75177796704699,0.0
run_00,No TRS,#202124,True,logs/rsl_rl/good_runs/dobot_x1_symm_flat/legacy/gait_family_v2_analysis/2026-08-20_21-04-26_x1_72d_no_trs_gait_trclosed_v2,negative,family,trot,absolute_work,absolute_work,Absolute work,%,True,3,1,7.211926792904969,0.0
run_00,No TRS,#202124,True,logs/rsl_rl/good_runs/dobot_x1_symm_flat/legacy/gait_family_v2_analysis/2026-08-20_21-04-26_x1_72d_no_trs_gait_trclosed_v2,negative,family,trot,vertical_grf_impulse,vertical_grf_impulse,Vertical GRF impulse,%,True,3,1,5.50518636835173,0.0
run_00,No TRS,#202124,True,logs/rsl_rl/good_runs/dobot_x1_symm_flat/legacy/gait_family_v2_analysis/2026-08-20_21-04-26_x1_72d_no_trs_gait_trclosed_v2,negative,family,bound,torque_squared,torque_squared,Torque²,%,True,3,1,35.24253816761674,0.0
run_00,No TRS,#202124,True,logs/rsl_rl/good_runs/dobot_x1_symm_flat/legacy/gait_family_v2_analysis/2026-08-20_21-04-26_x1_72d_no_trs_gait_trclosed_v2,negative,family,bound,normalized_torque_squared,normalized_torque_utilization,Normalized torque²,%,True,3,1,54.141425188422204,0.0
run_00,No TRS,#202124,True,logs/rsl_rl/good_runs/dobot_x1_symm_flat/legacy/gait_family_v2_analysis/2026-08-20_21-04-26_x1_72d_no_trs_gait_trclosed_v2,negative,family,bound,absolute_work,absolute_work,Absolute work,%,True,3,1,42.24867922460804,0.0
run_00,No TRS,#202124,True,logs/rsl_rl/good_runs/dobot_x1_symm_flat/legacy/gait_family_v2_analysis/2026-08-20_21-04-26_x1_72d_no_trs_gait_trclosed_v2,negative,family,bound,vertical_grf_impulse,vertical_grf_impulse,Vertical GRF impulse,%,True,3,1,7.745541724971049,0.0
run_00,No TRS,#202124,True,logs/rsl_rl/good_runs/dobot_x1_symm_flat/legacy/gait_family_v2_analysis/2026-08-20_21-04-26_x1_72d_no_trs_gait_trclosed_v2,negative,family,half_bound,torque_squared,torque_squared,Torque²,%,True,12,1,28.522175210952316,0.0
run_00,No TRS,#202124,True,logs/rsl_rl/good_runs/dobot_x1_symm_flat/legacy/gait_family_v2_analysis/2026-08-20_21-04-26_x1_72d_no_trs_gait_trclosed_v2,negative,family,half_bound,normalized_torque_squared,normalized_torque_utilization,Normalized torque²,%,True,12,1,50.117618343958526,0.0
run_00,No TRS,#202124,True,logs/rsl_rl/good_runs/dobot_x1_symm_flat/legacy/gait_family_v2_analysis/2026-08-20_21-04-26_x1_72d_no_trs_gait_trclosed_v2,negative,family,half_bound,absolute_work,absolute_work,Absolute work,%,True,12,1,21.51374617421807,0.0
run_00,No TRS,#202124,True,logs/rsl_rl/good_runs/dobot_x1_symm_flat/legacy/gait_family_v2_analysis/2026-08-20_21-04-26_x1_72d_no_trs_gait_trclosed_v2,negative,family,half_bound,vertical_grf_impulse,vertical_grf_impulse,Vertical GRF impulse,%,True,12,1,9.213605582091008,0.0
run_00,No TRS,#202124,True,logs/rsl_rl/good_runs/dobot_x1_symm_flat/legacy/gait_family_v2_analysis/2026-08-20_21-04-26_x1_72d_no_trs_gait_trclosed_v2,negative,family,gallop,torque_squared,torque_squared,Torque²,%,True,12,1,21.071956965958215,0.0
run_00,No TRS,#202124,True,logs/rsl_rl/good_runs/dobot_x1_symm_flat/legacy/gait_family_v2_analysis/2026-08-20_21-04-26_x1_72d_no_trs_gait_trclosed_v2,negative,family,gallop,normalized_torque_squared,normalized_torque_utilization,Normalized torque²,%,True,12,1,42.15401308613139,0.0
run_00,No TRS,#202124,True,logs/rsl_rl/good_runs/dobot_x1_symm_flat/legacy/gait_family_v2_analysis/2026-08-20_21-04-26_x1_72d_no_trs_gait_trclosed_v2,negative,family,gallop,absolute_work,absolute_work,Absolute work,%,True,12,1,16.38547989845409,0.0
run_00,No TRS,#202124,True,logs/rsl_rl/good_runs/dobot_x1_symm_flat/legacy/gait_family_v2_analysis/2026-08-20_21-04-26_x1_72d_no_trs_gait_trclosed_v2,negative,family,gallop,vertical_grf_impulse,vertical_grf_impulse,Vertical GRF impulse,%,True,12,1,7.412621695270534,0.0
run_00,No TRS,#202124,True,logs/rsl_rl/good_runs/dobot_x1_symm_flat/legacy/gait_family_v2_analysis/2026-08-20_21-04-26_x1_72d_no_trs_gait_trclosed_v2,negative,overall,all_family_balanced,torque_squared,torque_squared,Torque²,%,True,30,4,23.85206570502649,0.0
run_00,No TRS,#202124,True,logs/rsl_rl/good_runs/dobot_x1_symm_flat/legacy/gait_family_v2_analysis/2026-08-20_21-04-26_x1_72d_no_trs_gait_trclosed_v2,negative,overall,all_family_balanced,normalized_torque_squared,normalized_torque_utilization,Normalized torque²,%,True,30,4,43.29120864638978,0.0
run_00,No TRS,#202124,True,logs/rsl_rl/good_runs/dobot_x1_symm_flat/legacy/gait_family_v2_analysis/2026-08-20_21-04-26_x1_72d_no_trs_gait_trclosed_v2,negative,overall,all_family_balanced,absolute_work,absolute_work,Absolute work,%,True,30,4,21.83995802254629,0.0
run_00,No TRS,#202124,True,logs/rsl_rl/good_runs/dobot_x1_symm_flat/legacy/gait_family_v2_analysis/2026-08-20_21-04-26_x1_72d_no_trs_gait_trclosed_v2,negative,overall,all_family_balanced,vertical_grf_impulse,vertical_grf_impulse,Vertical GRF impulse,%,True,30,4,7.46923884267108,0.0
run_00,No TRS,#202124,True,logs/rsl_rl/good_runs/dobot_x1_symm_flat/legacy/gait_family_v2_analysis/2026-08-20_21-04-26_x1_72d_no_trs_gait_trclosed_v2,positive,family,trot,torque_squared,torque_squared,Torque²,%,True,3,1,1.6707140942135545,0.0
run_00,No TRS,#202124,True,logs/rsl_rl/good_runs/dobot_x1_symm_flat/legacy/gait_family_v2_analysis/2026-08-20_21-04-26_x1_72d_no_trs_gait_trclosed_v2,positive,family,trot,normalized_torque_squared,normalized_torque_utilization,Normalized torque²,%,True,3,1,5.173839537071173,0.0
run_00,No TRS,#202124,True,logs/rsl_rl/good_runs/dobot_x1_symm_flat/legacy/gait_family_v2_analysis/2026-08-20_21-04-26_x1_72d_no_trs_gait_trclosed_v2,positive,family,trot,absolute_work,absolute_work,Absolute work,%,True,3,1,6.569932666264315,0.0
run_00,No TRS,#202124,True,logs/rsl_rl/good_runs/dobot_x1_symm_flat/legacy/gait_family_v2_analysis/2026-08-20_21-04-26_x1_72d_no_trs_gait_trclosed_v2,positive,family,trot,vertical_grf_impulse,vertical_grf_impulse,Vertical GRF impulse,%,True,3,1,5.281415982954676,0.0
run_00,No TRS,#202124,True,logs/rsl_rl/good_runs/dobot_x1_symm_flat/legacy/gait_family_v2_analysis/2026-08-20_21-04-26_x1_72d_no_trs_gait_trclosed_v2,positive,family,bound,torque_squared,torque_squared,Torque²,%,True,3,1,23.012384541894267,0.0
run_00,No TRS,#202124,True,logs/rsl_rl/good_runs/dobot_x1_symm_flat/legacy/gait_family_v2_analysis/2026-08-20_21-04-26_x1_72d_no_trs_gait_trclosed_v2,positive,family,bound,normalized_torque_squared,normalized_torque_utilization,Normalized torque²,%,True,3,1,8.745823171094939,0.0
run_00,No TRS,#202124,True,logs/rsl_rl/good_runs/dobot_x1_symm_flat/legacy/gait_family_v2_analysis/2026-08-20_21-04-26_x1_72d_no_trs_gait_trclosed_v2,positive,family,bound,absolute_work,absolute_work,Absolute work,%,True,3,1,56.50312565406454,0.0
run_00,No TRS,#202124,True,logs/rsl_rl/good_runs/dobot_x1_symm_flat/legacy/gait_family_v2_analysis/2026-08-20_21-04-26_x1_72d_no_trs_gait_trclosed_v2,positive,family,bound,vertical_grf_impulse,vertical_grf_impulse,Vertical GRF impulse,%,True,3,1,6.953280821652579,0.0
run_00,No TRS,#202124,True,logs/rsl_rl/good_runs/dobot_x1_symm_flat/legacy/gait_family_v2_analysis/2026-08-20_21-04-26_x1_72d_no_trs_gait_trclosed_v2,positive,family,half_bound,torque_squared,torque_squared,Torque²,%,True,12,1,11.351912822665229,0.0
run_00,No TRS,#202124,True,logs/rsl_rl/good_runs/dobot_x1_symm_flat/legacy/gait_family_v2_analysis/2026-08-20_21-04-26_x1_72d_no_trs_gait_trclosed_v2,positive,family,half_bound,normalized_torque_squared,normalized_torque_utilization,Normalized torque²,%,True,12,1,9.751439829908334,0.0
run_00,No TRS,#202124,True,logs/rsl_rl/good_runs/dobot_x1_symm_flat/legacy/gait_family_v2_analysis/2026-08-20_21-04-26_x1_72d_no_trs_gait_trclosed_v2,positive,family,half_bound,absolute_work,absolute_work,Absolute work,%,True,12,1,29.41397962586902,0.0
run_00,No TRS,#202124,True,logs/rsl_rl/good_runs/dobot_x1_symm_flat/legacy/gait_family_v2_analysis/2026-08-20_21-04-26_x1_72d_no_trs_gait_trclosed_v2,positive,family,half_bound,vertical_grf_impulse,vertical_grf_impulse,Vertical GRF impulse,%,True,12,1,7.776013605180945,0.0
run_00,No TRS,#202124,True,logs/rsl_rl/good_runs/dobot_x1_symm_flat/legacy/gait_family_v2_analysis/2026-08-20_21-04-26_x1_72d_no_trs_gait_trclosed_v2,positive,family,gallop,torque_squared,torque_squared,Torque²,%,True,12,1,10.052992954943074,0.0
run_00,No TRS,#202124,True,logs/rsl_rl/good_runs/dobot_x1_symm_flat/legacy/gait_family_v2_analysis/2026-08-20_21-04-26_x1_72d_no_trs_gait_trclosed_v2,positive,family,gallop,normalized_torque_squared,normalized_torque_utilization,Normalized torque²,%,True,12,1,12.355503812707417,0.0
run_00,No TRS,#202124,True,logs/rsl_rl/good_runs/dobot_x1_symm_flat/legacy/gait_family_v2_analysis/2026-08-20_21-04-26_x1_72d_no_trs_gait_trclosed_v2,positive,family,gallop,absolute_work,absolute_work,Absolute work,%,True,12,1,11.487271962904751,0.0
run_00,No TRS,#202124,True,logs/rsl_rl/good_runs/dobot_x1_symm_flat/legacy/gait_family_v2_analysis/2026-08-20_21-04-26_x1_72d_no_trs_gait_trclosed_v2,positive,family,gallop,vertical_grf_impulse,vertical_grf_impulse,Vertical GRF impulse,%,True,12,1,6.103565318930637,0.0
run_00,No TRS,#202124,True,logs/rsl_rl/good_runs/dobot_x1_symm_flat/legacy/gait_family_v2_analysis/2026-08-20_21-04-26_x1_72d_no_trs_gait_trclosed_v2,positive,overall,all_family_balanced,torque_squared,torque_squared,Torque²,%,True,30,4,11.52200110342903,0.0
run_00,No TRS,#202124,True,logs/rsl_rl/good_runs/dobot_x1_symm_flat/legacy/gait_family_v2_analysis/2026-08-20_21-04-26_x1_72d_no_trs_gait_trclosed_v2,positive,overall,all_family_balanced,normalized_torque_squared,normalized_torque_utilization,Normalized torque²,%,True,30,4,9.006651587695465,0.0
run_00,No TRS,#202124,True,logs/rsl_rl/good_runs/dobot_x1_symm_flat/legacy/gait_family_v2_analysis/2026-08-20_21-04-26_x1_72d_no_trs_gait_trclosed_v2,positive,overall,all_family_balanced,absolute_work,absolute_work,Absolute work,%,True,30,4,25.993577477275657,0.0
run_00,No TRS,#202124,True,logs/rsl_rl/good_runs/dobot_x1_symm_flat/legacy/gait_family_v2_analysis/2026-08-20_21-04-26_x1_72d_no_trs_gait_trclosed_v2,positive,overall,all_family_balanced,vertical_grf_impulse,vertical_grf_impulse,Vertical GRF impulse,%,True,30,4,6.528568932179709,0.0
run_01,TRS m0.1/v0.05,#0072B2,False,logs/rsl_rl/good_runs/dobot_x1_symm_flat/legacy/gait_family_v2_analysis/2026-08-21_06-37-31_x1_72d_trs_m0p1_v0p05_w500_r0_gait_trclosed_v2,all,family,trot,torque_squared,torque_squared,Torque²,%,True,6,1,6.648791393047397,0.5276381081512795
run_01,TRS m0.1/v0.05,#0072B2,False,logs/rsl_rl/good_runs/dobot_x1_symm_flat/legacy/gait_family_v2_analysis/2026-08-21_06-37-31_x1_72d_trs_m0p1_v0p05_w500_r0_gait_trclosed_v2,all,family,trot,normalized_torque_squared,normalized_torque_utilization,Normalized torque²,%,True,6,1,17.68130266838006,1.7184939163209787
run_01,TRS m0.1/v0.05,#0072B2,False,logs/rsl_rl/good_runs/dobot_x1_symm_flat/legacy/gait_family_v2_analysis/2026-08-21_06-37-31_x1_72d_trs_m0p1_v0p05_w500_r0_gait_trclosed_v2,all,family,trot,absolute_work,absolute_work,Absolute work,%,True,6,1,9.555289801180274,2.664360071595632
run_01,TRS m0.1/v0.05,#0072B2,False,logs/rsl_rl/good_runs/dobot_x1_symm_flat/legacy/gait_family_v2_analysis/2026-08-21_06-37-31_x1_72d_trs_m0p1_v0p05_w500_r0_gait_trclosed_v2,all,family,trot,vertical_grf_impulse,vertical_grf_impulse,Vertical GRF impulse,%,True,6,1,4.123957473844409,-1.2693437018087943
run_01,TRS m0.1/v0.05,#0072B2,False,logs/rsl_rl/good_runs/dobot_x1_symm_flat/legacy/gait_family_v2_analysis/2026-08-21_06-37-31_x1_72d_trs_m0p1_v0p05_w500_r0_gait_trclosed_v2,all,family,bound,torque_squared,torque_squared,Torque²,%,True,6,1,7.031961010716674,-22.095500344038832
run_01,TRS m0.1/v0.05,#0072B2,False,logs/rsl_rl/good_runs/dobot_x1_symm_flat/legacy/gait_family_v2_analysis/2026-08-21_06-37-31_x1_72d_trs_m0p1_v0p05_w500_r0_gait_trclosed_v2,all,family,bound,normalized_torque_squared,normalized_torque_utilization,Normalized torque²,%,True,6,1,9.796355340773365,-21.647268838985205
run_01,TRS m0.1/v0.05,#0072B2,False,logs/rsl_rl/good_runs/dobot_x1_symm_flat/legacy/gait_family_v2_analysis/2026-08-21_06-37-31_x1_72d_trs_m0p1_v0p05_w500_r0_gait_trclosed_v2,all,family,bound,absolute_work,absolute_work,Absolute work,%,True,6,1,17.452794799121456,-31.923107640214837
run_01,TRS m0.1/v0.05,#0072B2,False,logs/rsl_rl/good_runs/dobot_x1_symm_flat/legacy/gait_family_v2_analysis/2026-08-21_06-37-31_x1_72d_trs_m0p1_v0p05_w500_r0_gait_trclosed_v2,all,family,bound,vertical_grf_impulse,vertical_grf_impulse,Vertical GRF impulse,%,True,6,1,2.0304290435936463,-5.318982229718168
run_01,TRS m0.1/v0.05,#0072B2,False,logs/rsl_rl/good_runs/dobot_x1_symm_flat/legacy/gait_family_v2_analysis/2026-08-21_06-37-31_x1_72d_trs_m0p1_v0p05_w500_r0_gait_trclosed_v2,all,family,half_bound,torque_squared,torque_squared,Torque²,%,True,24,1,6.731726846106823,-13.20531717070195
run_01,TRS m0.1/v0.05,#0072B2,False,logs/rsl_rl/good_runs/dobot_x1_symm_flat/legacy/gait_family_v2_analysis/2026-08-21_06-37-31_x1_72d_trs_m0p1_v0p05_w500_r0_gait_trclosed_v2,all,family,half_bound,normalized_torque_squared,normalized_torque_utilization,Normalized torque²,%,True,24,1,12.806838024971507,-17.127691061961926
run_01,TRS m0.1/v0.05,#0072B2,False,logs/rsl_rl/good_runs/dobot_x1_symm_flat/legacy/gait_family_v2_analysis/2026-08-21_06-37-31_x1_72d_trs_m0p1_v0p05_w500_r0_gait_trclosed_v2,all,family,half_bound,absolute_work,absolute_work,Absolute work,%,True,24,1,14.768228538944372,-10.695634361099168
run_01,TRS m0.1/v0.05,#0072B2,False,logs/rsl_rl/good_runs/dobot_x1_symm_flat/legacy/gait_family_v2_analysis/2026-08-21_06-37-31_x1_72d_trs_m0p1_v0p05_w500_r0_gait_trclosed_v2,all,family,half_bound,vertical_grf_impulse,vertical_grf_impulse,Vertical GRF impulse,%,True,24,1,5.13732917022904,-3.357480423406936
run_01,TRS m0.1/v0.05,#0072B2,False,logs/rsl_rl/good_runs/dobot_x1_symm_flat/legacy/gait_family_v2_analysis/2026-08-21_06-37-31_x1_72d_trs_m0p1_v0p05_w500_r0_gait_trclosed_v2,all,family,gallop,torque_squared,torque_squared,Torque²,%,True,24,1,6.156647752132514,-9.40582720831813
run_01,TRS m0.1/v0.05,#0072B2,False,logs/rsl_rl/good_runs/dobot_x1_symm_flat/legacy/gait_family_v2_analysis/2026-08-21_06-37-31_x1_72d_trs_m0p1_v0p05_w500_r0_gait_trclosed_v2,all,family,gallop,normalized_torque_squared,normalized_torque_utilization,Normalized torque²,%,True,24,1,9.406865704667595,-17.847892744751807
run_01,TRS m0.1/v0.05,#0072B2,False,logs/rsl_rl/good_runs/dobot_x1_symm_flat/legacy/gait_family_v2_analysis/2026-08-21_06-37-31_x1_72d_trs_m0p1_v0p05_w500_r0_gait_trclosed_v2,all,family,gallop,absolute_work,absolute_work,Absolute work,%,True,24,1,9.42456885734464,-4.511807073334779
run_01,TRS m0.1/v0.05,#0072B2,False,logs/rsl_rl/good_runs/dobot_x1_symm_flat/legacy/gait_family_v2_analysis/2026-08-21_06-37-31_x1_72d_trs_m0p1_v0p05_w500_r0_gait_trclosed_v2,all,family,gallop,vertical_grf_impulse,vertical_grf_impulse,Vertical GRF impulse,%,True,24,1,3.9327311736386457,-2.8253623334619404
run_01,TRS m0.1/v0.05,#0072B2,False,logs/rsl_rl/good_runs/dobot_x1_symm_flat/legacy/gait_family_v2_analysis/2026-08-21_06-37-31_x1_72d_trs_m0p1_v0p05_w500_r0_gait_trclosed_v2,all,overall,all_family_balanced,torque_squared,torque_squared,Torque²,%,True,60,4,6.642281750500852,-11.044751653726909
run_01,TRS m0.1/v0.05,#0072B2,False,logs/rsl_rl/good_runs/dobot_x1_symm_flat/legacy/gait_family_v2_analysis/2026-08-21_06-37-31_x1_72d_trs_m0p1_v0p05_w500_r0_gait_trclosed_v2,all,overall,all_family_balanced,normalized_torque_squared,normalized_torque_utilization,Normalized torque²,%,True,60,4,12.42284043469813,-13.72608968234449
run_01,TRS m0.1/v0.05,#0072B2,False,logs/rsl_rl/good_runs/dobot_x1_symm_flat/legacy/gait_family_v2_analysis/2026-08-21_06-37-31_x1_72d_trs_m0p1_v0p05_w500_r0_gait_trclosed_v2,all,overall,all_family_balanced,absolute_work,absolute_work,Absolute work,%,True,60,4,12.800220499147686,-11.116547250763288
run_01,TRS m0.1/v0.05,#0072B2,False,logs/rsl_rl/good_runs/dobot_x1_symm_flat/legacy/gait_family_v2_analysis/2026-08-21_06-37-31_x1_72d_trs_m0p1_v0p05_w500_r0_gait_trclosed_v2,all,overall,all_family_balanced,vertical_grf_impulse,vertical_grf_impulse,Vertical GRF impulse,%,True,60,4,3.806111715326435,-3.19279217209896
run_01,TRS m0.1/v0.05,#0072B2,False,logs/rsl_rl/good_runs/dobot_x1_symm_flat/legacy/gait_family_v2_analysis/2026-08-21_06-37-31_x1_72d_trs_m0p1_v0p05_w500_r0_gait_trclosed_v2,negative,family,trot,torque_squared,torque_squared,Torque²,%,True,3,1,3.423183217081201,-7.14840925849748
run_01,TRS m0.1/v0.05,#0072B2,False,logs/rsl_rl/good_runs/dobot_x1_symm_flat/legacy/gait_family_v2_analysis/2026-08-21_06-37-31_x1_72d_trs_m0p1_v0p05_w500_r0_gait_trclosed_v2,negative,family,trot,normalized_torque_squared,normalized_torque_utilization,Normalized torque²,%,True,3,1,14.9421837992627,-11.80959416778429
run_01,TRS m0.1/v0.05,#0072B2,False,logs/rsl_rl/good_runs/dobot_x1_symm_flat/legacy/gait_family_v2_analysis/2026-08-21_06-37-31_x1_72d_trs_m0p1_v0p05_w500_r0_gait_trclosed_v2,negative,family,trot,absolute_work,absolute_work,Absolute work,%,True,3,1,11.10768573781562,3.895758944910651
run_01,TRS m0.1/v0.05,#0072B2,False,logs/rsl_rl/good_runs/dobot_x1_symm_flat/legacy/gait_family_v2_analysis/2026-08-21_06-37-31_x1_72d_trs_m0p1_v0p05_w500_r0_gait_trclosed_v2,negative,family,trot,vertical_grf_impulse,vertical_grf_impulse,Vertical GRF impulse,%,True,3,1,3.274711543441178,-2.2304748249105515
run_01,TRS m0.1/v0.05,#0072B2,False,logs/rsl_rl/good_runs/dobot_x1_symm_flat/legacy/gait_family_v2_analysis/2026-08-21_06-37-31_x1_72d_trs_m0p1_v0p05_w500_r0_gait_trclosed_v2,negative,family,bound,torque_squared,torque_squared,Torque²,%,True,3,1,9.505494740710155,-25.737043426906588
run_01,TRS m0.1/v0.05,#0072B2,False,logs/rsl_rl/good_runs/dobot_x1_symm_flat/legacy/gait_family_v2_analysis/2026-08-21_06-37-31_x1_72d_trs_m0p1_v0p05_w500_r0_gait_trclosed_v2,negative,family,bound,normalized_torque_squared,normalized_torque_utilization,Normalized torque²,%,True,3,1,13.433281466162262,-40.70814372225994
run_01,TRS m0.1/v0.05,#0072B2,False,logs/rsl_rl/good_runs/dobot_x1_symm_flat/legacy/gait_family_v2_analysis/2026-08-21_06-37-31_x1_72d_trs_m0p1_v0p05_w500_r0_gait_trclosed_v2,negative,family,bound,absolute_work,absolute_work,Absolute work,%,True,3,1,20.336162695812437,-21.912516528795603
run_01,TRS m0.1/v0.05,#0072B2,False,logs/rsl_rl/good_runs/dobot_x1_symm_flat/legacy/gait_family_v2_analysis/2026-08-21_06-37-31_x1_72d_trs_m0p1_v0p05_w500_r0_gait_trclosed_v2,negative,family,bound,vertical_grf_impulse,vertical_grf_impulse,Vertical GRF impulse,%,True,3,1,2.458988481726896,-5.286553243244153
run_01,TRS m0.1/v0.05,#0072B2,False,logs/rsl_rl/good_runs/dobot_x1_symm_flat/legacy/gait_family_v2_analysis/2026-08-21_06-37-31_x1_72d_trs_m0p1_v0p05_w500_r0_gait_trclosed_v2,negative,family,half_bound,torque_squared,torque_squared,Torque²,%,True,12,1,5.595760512687811,-22.926414698264505
run_01,TRS m0.1/v0.05,#0072B2,False,logs/rsl_rl/good_runs/dobot_x1_symm_flat/legacy/gait_family_v2_analysis/2026-08-21_06-37-31_x1_72d_trs_m0p1_v0p05_w500_r0_gait_trclosed_v2,negative,family,half_bound,normalized_torque_squared,normalized_torque_utilization,Normalized torque²,%,True,12,1,16.314542201714033,-33.80307614224449
run_01,TRS m0.1/v0.05,#0072B2,False,logs/rsl_rl/good_runs/dobot_x1_symm_flat/legacy/gait_family_v2_analysis/2026-08-21_06-37-31_x1_72d_trs_m0p1_v0p05_w500_r0_gait_trclosed_v2,negative,family,half_bound,absolute_work,absolute_work,Absolute work,%,True,12,1,6.732209467193488,-14.781536707024582
run_01,TRS m0.1/v0.05,#0072B2,False,logs/rsl_rl/good_runs/dobot_x1_symm_flat/legacy/gait_family_v2_analysis/2026-08-21_06-37-31_x1_72d_trs_m0p1_v0p05_w500_r0_gait_trclosed_v2,negative,family,half_bound,vertical_grf_impulse,vertical_grf_impulse,Vertical GRF impulse,%,True,12,1,4.981421118642956,-4.232184463448052
run_01,TRS m0.1/v0.05,#0072B2,False,logs/rsl_rl/good_runs/dobot_x1_symm_flat/legacy/gait_family_v2_analysis/2026-08-21_06-37-31_x1_72d_trs_m0p1_v0p05_w500_r0_gait_trclosed_v2,negative,family,gallop,torque_squared,torque_squared,Torque²,%,True,12,1,6.423519594292962,-14.648437371665253
run_01,TRS m0.1/v0.05,#0072B2,False,logs/rsl_rl/good_runs/dobot_x1_symm_flat/legacy/gait_family_v2_analysis/2026-08-21_06-37-31_x1_72d_trs_m0p1_v0p05_w500_r0_gait_trclosed_v2,negative,family,gallop,normalized_torque_squared,normalized_torque_utilization,Normalized torque²,%,True,12,1,10.705747076238454,-31.44826600989294
run_01,TRS m0.1/v0.05,#0072B2,False,logs/rsl_rl/good_runs/dobot_x1_symm_flat/legacy/gait_family_v2_analysis/2026-08-21_06-37-31_x1_72d_trs_m0p1_v0p05_w500_r0_gait_trclosed_v2,negative,family,gallop,absolute_work,absolute_work,Absolute work,%,True,12,1,6.4400209945141995,-9.94545890393989
run_01,TRS m0.1/v0.05,#0072B2,False,logs/rsl_rl/good_runs/dobot_x1_symm_flat/legacy/gait_family_v2_analysis/2026-08-21_06-37-31_x1_72d_trs_m0p1_v0p05_w500_r0_gait_trclosed_v2,negative,family,gallop,vertical_grf_impulse,vertical_grf_impulse,Vertical GRF impulse,%,True,12,1,3.5007742806300572,-3.911847414640477
run_01,TRS m0.1/v0.05,#0072B2,False,logs/rsl_rl/good_runs/dobot_x1_symm_flat/legacy/gait_family_v2_analysis/2026-08-21_06-37-31_x1_72d_trs_m0p1_v0p05_w500_r0_gait_trclosed_v2,negative,overall,all_family_balanced,torque_squared,torque_squared,Torque²,%,True,30,4,6.236989516193033,-17.615076188833456
run_01,TRS m0.1/v0.05,#0072B2,False,logs/rsl_rl/good_runs/dobot_x1_symm_flat/legacy/gait_family_v2_analysis/2026-08-21_06-37-31_x1_72d_trs_m0p1_v0p05_w500_r0_gait_trclosed_v2,negative,overall,all_family_balanced,normalized_torque_squared,normalized_torque_utilization,Normalized torque²,%,True,30,4,13.848938635844362,-29.442270010545414
run_01,TRS m0.1/v0.05,#0072B2,False,logs/rsl_rl/good_runs/dobot_x1_symm_flat/legacy/gait_family_v2_analysis/2026-08-21_06-37-31_x1_72d_trs_m0p1_v0p05_w500_r0_gait_trclosed_v2,negative,overall,all_family_balanced,absolute_work,absolute_work,Absolute work,%,True,30,4,11.154019723833937,-10.685938298712355
run_01,TRS m0.1/v0.05,#0072B2,False,logs/rsl_rl/good_runs/dobot_x1_symm_flat/legacy/gait_family_v2_analysis/2026-08-21_06-37-31_x1_72d_trs_m0p1_v0p05_w500_r0_gait_trclosed_v2,negative,overall,all_family_balanced,vertical_grf_impulse,vertical_grf_impulse,Vertical GRF impulse,%,True,30,4,3.5539738561102716,-3.9152649865608087
run_01,TRS m0.1/v0.05,#0072B2,False,logs/rsl_rl/good_runs/dobot_x1_symm_flat/legacy/gait_family_v2_analysis/2026-08-21_06-37-31_x1_72d_trs_m0p1_v0p05_w500_r0_gait_trclosed_v2,positive,family,trot,torque_squared,torque_squared,Torque²,%,True,3,1,9.874399569013592,8.203685474800038
run_01,TRS m0.1/v0.05,#0072B2,False,logs/rsl_rl/good_runs/dobot_x1_symm_flat/legacy/gait_family_v2_analysis/2026-08-21_06-37-31_x1_72d_trs_m0p1_v0p05_w500_r0_gait_trclosed_v2,positive,family,trot,normalized_torque_squared,normalized_torque_utilization,Normalized torque²,%,True,3,1,20.420421537497422,15.246582000426248
run_01,TRS m0.1/v0.05,#0072B2,False,logs/rsl_rl/good_runs/dobot_x1_symm_flat/legacy/gait_family_v2_analysis/2026-08-21_06-37-31_x1_72d_trs_m0p1_v0p05_w500_r0_gait_trclosed_v2,positive,family,trot,absolute_work,absolute_work,Absolute work,%,True,3,1,8.002893864544928,1.432961198280613
run_01,TRS m0.1/v0.05,#0072B2,False,logs/rsl_rl/good_runs/dobot_x1_symm_flat/legacy/gait_family_v2_analysis/2026-08-21_06-37-31_x1_72d_trs_m0p1_v0p05_w500_r0_gait_trclosed_v2,positive,family,trot,vertical_grf_impulse,vertical_grf_impulse,Vertical GRF impulse,%,True,3,1,4.97320340424764,-0.3082125787070362
run_01,TRS m0.1/v0.05,#0072B2,False,logs/rsl_rl/good_runs/dobot_x1_symm_flat/legacy/gait_family_v2_analysis/2026-08-21_06-37-31_x1_72d_trs_m0p1_v0p05_w500_r0_gait_trclosed_v2,positive,family,bound,torque_squared,torque_squared,Torque²,%,True,3,1,4.558427280723192,-18.453957261171077
run_01,TRS m0.1/v0.05,#0072B2,False,logs/rsl_rl/good_runs/dobot_x1_symm_flat/legacy/gait_family_v2_analysis/2026-08-21_06-37-31_x1_72d_trs_m0p1_v0p05_w500_r0_gait_trclosed_v2,positive,family,bound,normalized_torque_squared,normalized_torque_utilization,Normalized torque²,%,True,3,1,6.159429215384467,-2.586393955710472
run_01,TRS m0.1/v0.05,#0072B2,False,logs/rsl_rl/good_runs/dobot_x1_symm_flat/legacy/gait_family_v2_analysis/2026-08-21_06-37-31_x1_72d_trs_m0p1_v0p05_w500_r0_gait_trclosed_v2,positive,family,bound,absolute_work,absolute_work,Absolute work,%,True,3,1,14.569426902430473,-41.93369875163407
run_01,TRS m0.1/v0.05,#0072B2,False,logs/rsl_rl/good_runs/dobot_x1_symm_flat/legacy/gait_family_v2_analysis/2026-08-21_06-37-31_x1_72d_trs_m0p1_v0p05_w500_r0_gait_trclosed_v2,positive,family,bound,vertical_grf_impulse,vertical_grf_impulse,Vertical GRF impulse,%,True,3,1,1.6018696054603963,-5.351411216192183
run_01,TRS m0.1/v0.05,#0072B2,False,logs/rsl_rl/good_runs/dobot_x1_symm_flat/legacy/gait_family_v2_analysis/2026-08-21_06-37-31_x1_72d_trs_m0p1_v0p05_w500_r0_gait_trclosed_v2,positive,family,half_bound,torque_squared,torque_squared,Torque²,%,True,12,1,7.867693179525834,-3.4842196431393946
run_01,TRS m0.1/v0.05,#0072B2,False,logs/rsl_rl/good_runs/dobot_x1_symm_flat/legacy/gait_family_v2_analysis/2026-08-21_06-37-31_x1_72d_trs_m0p1_v0p05_w500_r0_gait_trclosed_v2,positive,family,half_bound,normalized_torque_squared,normalized_torque_utilization,Normalized torque²,%,True,12,1,9.299133848228985,-0.45230598167934843
run_01,TRS m0.1/v0.05,#0072B2,False,logs/rsl_rl/good_runs/dobot_x1_symm_flat/legacy/gait_family_v2_analysis/2026-08-21_06-37-31_x1_72d_trs_m0p1_v0p05_w500_r0_gait_trclosed_v2,positive,family,half_bound,absolute_work,absolute_work,Absolute work,%,True,12,1,22.804247610695256,-6.609732015173762
run_01,TRS m0.1/v0.05,#0072B2,False,logs/rsl_rl/good_runs/dobot_x1_symm_flat/legacy/gait_family_v2_analysis/2026-08-21_06-37-31_x1_72d_trs_m0p1_v0p05_w500_r0_gait_trclosed_v2,positive,family,half_bound,vertical_grf_impulse,vertical_grf_impulse,Vertical GRF impulse,%,True,12,1,5.293237221815124,-2.482776383365821
run_01,TRS m0.1/v0.05,#0072B2,False,logs/rsl_rl/good_runs/dobot_x1_symm_flat/legacy/gait_family_v2_analysis/2026-08-21_06-37-31_x1_72d_trs_m0p1_v0p05_w500_r0_gait_trclosed_v2,positive,family,gallop,torque_squared,torque_squared,Torque²,%,True,12,1,5.889775909972065,-4.163217044971009
run_01,TRS m0.1/v0.05,#0072B2,False,logs/rsl_rl/good_runs/dobot_x1_symm_flat/legacy/gait_family_v2_analysis/2026-08-21_06-37-31_x1_72d_trs_m0p1_v0p05_w500_r0_gait_trclosed_v2,positive,family,gallop,normalized_torque_squared,normalized_torque_utilization,Normalized torque²,%,True,12,1,8.107984333096734,-4.247519479610682
run_01,TRS m0.1/v0.05,#0072B2,False,logs/rsl_rl/good_runs/dobot_x1_symm_flat/legacy/gait_family_v2_analysis/2026-08-21_06-37-31_x1_72d_trs_m0p1_v0p05_w500_r0_gait_trclosed_v2,positive,family,gallop,absolute_work,absolute_work,Absolute work,%,True,12,1,12.409116720175083,0.9218447572703319
run_01,TRS m0.1/v0.05,#0072B2,False,logs/rsl_rl/good_runs/dobot_x1_symm_flat/legacy/gait_family_v2_analysis/2026-08-21_06-37-31_x1_72d_trs_m0p1_v0p05_w500_r0_gait_trclosed_v2,positive,family,gallop,vertical_grf_impulse,vertical_grf_impulse,Vertical GRF impulse,%,True,12,1,4.3646880666472345,-1.7388772522834026
run_01,TRS m0.1/v0.05,#0072B2,False,logs/rsl_rl/good_runs/dobot_x1_symm_flat/legacy/gait_family_v2_analysis/2026-08-21_06-37-31_x1_72d_trs_m0p1_v0p05_w500_r0_gait_trclosed_v2,positive,overall,all_family_balanced,torque_squared,torque_squared,Torque²,%,True,30,4,7.047573984808671,-4.474427118620359
run_01,TRS m0.1/v0.05,#0072B2,False,logs/rsl_rl/good_runs/dobot_x1_symm_flat/legacy/gait_family_v2_analysis/2026-08-21_06-37-31_x1_72d_trs_m0p1_v0p05_w500_r0_gait_trclosed_v2,positive,overall,all_family_balanced,normalized_torque_squared,normalized_torque_utilization,Normalized torque²,%,True,30,4,10.996742233551903,1.9900906458564371
run_01,TRS m0.1/v0.05,#0072B2,False,logs/rsl_rl/good_runs/dobot_x1_symm_flat/legacy/gait_family_v2_analysis/2026-08-21_06-37-31_x1_72d_trs_m0p1_v0p05_w500_r0_gait_trclosed_v2,positive,overall,all_family_balanced,absolute_work,absolute_work,Absolute work,%,True,30,4,14.446421274461436,-11.547156202814222
run_01,TRS m0.1/v0.05,#0072B2,False,logs/rsl_rl/good_runs/dobot_x1_symm_flat/legacy/gait_family_v2_analysis/2026-08-21_06-37-31_x1_72d_trs_m0p1_v0p05_w500_r0_gait_trclosed_v2,positive,overall,all_family_balanced,vertical_grf_impulse,vertical_grf_impulse,Vertical GRF impulse,%,True,30,4,4.058249574542598,-2.470319357637111
run_02,TRS m0.2/v0.1,#56B4E9,False,logs/rsl_rl/good_runs/dobot_x1_symm_flat/legacy/gait_family_v2_analysis/2026-08-21_22-50-05_x1_72d_trs_m0p2_v0p1_w500_r0_gait_trclosed_v2,all,family,trot,torque_squared,torque_squared,Torque²,%,True,6,1,4.594162918482649,-1.526990366413469
run_02,TRS m0.2/v0.1,#56B4E9,False,logs/rsl_rl/good_runs/dobot_x1_symm_flat/legacy/gait_family_v2_analysis/2026-08-21_22-50-05_x1_72d_trs_m0p2_v0p1_w500_r0_gait_trclosed_v2,all,family,trot,normalized_torque_squared,normalized_torque_utilization,Normalized torque²,%,True,6,1,14.74964039591058,-1.2131683561485005
run_02,TRS m0.2/v0.1,#56B4E9,False,logs/rsl_rl/good_runs/dobot_x1_symm_flat/legacy/gait_family_v2_analysis/2026-08-21_22-50-05_x1_72d_trs_m0p2_v0p1_w500_r0_gait_trclosed_v2,all,family,trot,absolute_work,absolute_work,Absolute work,%,True,6,1,13.34502924610834,6.454099516523697
run_02,TRS m0.2/v0.1,#56B4E9,False,logs/rsl_rl/good_runs/dobot_x1_symm_flat/legacy/gait_family_v2_analysis/2026-08-21_22-50-05_x1_72d_trs_m0p2_v0p1_w500_r0_gait_trclosed_v2,all,family,trot,vertical_grf_impulse,vertical_grf_impulse,Vertical GRF impulse,%,True,6,1,1.684528776146011,-3.7087723995071924
run_02,TRS m0.2/v0.1,#56B4E9,False,logs/rsl_rl/good_runs/dobot_x1_symm_flat/legacy/gait_family_v2_analysis/2026-08-21_22-50-05_x1_72d_trs_m0p2_v0p1_w500_r0_gait_trclosed_v2,all,family,bound,torque_squared,torque_squared,Torque²,%,True,6,1,9.513375554427071,-19.614085800328436
run_02,TRS m0.2/v0.1,#56B4E9,False,logs/rsl_rl/good_runs/dobot_x1_symm_flat/legacy/gait_family_v2_analysis/2026-08-21_22-50-05_x1_72d_trs_m0p2_v0p1_w500_r0_gait_trclosed_v2,all,family,bound,normalized_torque_squared,normalized_torque_utilization,Normalized torque²,%,True,6,1,17.340949154182507,-14.102675025576065
run_02,TRS m0.2/v0.1,#56B4E9,False,logs/rsl_rl/good_runs/dobot_x1_symm_flat/legacy/gait_family_v2_analysis/2026-08-21_22-50-05_x1_72d_trs_m0p2_v0p1_w500_r0_gait_trclosed_v2,all,family,bound,absolute_work,absolute_work,Absolute work,%,True,6,1,22.487402689098285,-26.888499750238008
run_02,TRS m0.2/v0.1,#56B4E9,False,logs/rsl_rl/good_runs/dobot_x1_symm_flat/legacy/gait_family_v2_analysis/2026-08-21_22-50-05_x1_72d_trs_m0p2_v0p1_w500_r0_gait_trclosed_v2,all,family,bound,vertical_grf_impulse,vertical_grf_impulse,Vertical GRF impulse,%,True,6,1,5.272939304972368,-2.0764719683394466
run_02,TRS m0.2/v0.1,#56B4E9,False,logs/rsl_rl/good_runs/dobot_x1_symm_flat/legacy/gait_family_v2_analysis/2026-08-21_22-50-05_x1_72d_trs_m0p2_v0p1_w500_r0_gait_trclosed_v2,all,family,half_bound,torque_squared,torque_squared,Torque²,%,True,24,1,11.396814476872313,-8.54022953993646
run_02,TRS m0.2/v0.1,#56B4E9,False,logs/rsl_rl/good_runs/dobot_x1_symm_flat/legacy/gait_family_v2_analysis/2026-08-21_22-50-05_x1_72d_trs_m0p2_v0p1_w500_r0_gait_trclosed_v2,all,family,half_bound,normalized_torque_squared,normalized_torque_utilization,Normalized torque²,%,True,24,1,13.760950530331378,-16.173578556602056
run_02,TRS m0.2/v0.1,#56B4E9,False,logs/rsl_rl/good_runs/dobot_x1_symm_flat/legacy/gait_family_v2_analysis/2026-08-21_22-50-05_x1_72d_trs_m0p2_v0p1_w500_r0_gait_trclosed_v2,all,family,half_bound,absolute_work,absolute_work,Absolute work,%,True,24,1,21.169933514585583,-4.293929385457957
run_02,TRS m0.2/v0.1,#56B4E9,False,logs/rsl_rl/good_runs/dobot_x1_symm_flat/legacy/gait_family_v2_analysis/2026-08-21_22-50-05_x1_72d_trs_m0p2_v0p1_w500_r0_gait_trclosed_v2,all,family,half_bound,vertical_grf_impulse,vertical_grf_impulse,Vertical GRF impulse,%,True,24,1,5.165847279376896,-3.32896231425908
run_02,TRS m0.2/v0.1,#56B4E9,False,logs/rsl_rl/good_runs/dobot_x1_symm_flat/legacy/gait_family_v2_analysis/2026-08-21_22-50-05_x1_72d_trs_m0p2_v0p1_w500_r0_gait_trclosed_v2,all,family,gallop,torque_squared,torque_squared,Torque²,%,True,24,1,12.691453285812171,-2.871021674638472
run_02,TRS m0.2/v0.1,#56B4E9,False,logs/rsl_rl/good_runs/dobot_x1_symm_flat/legacy/gait_family_v2_analysis/2026-08-21_22-50-05_x1_72d_trs_m0p2_v0p1_w500_r0_gait_trclosed_v2,all,family,gallop,normalized_torque_squared,normalized_torque_utilization,Normalized torque²,%,True,24,1,13.929186926210683,-13.325571523208719
run_02,TRS m0.2/v0.1,#56B4E9,False,logs/rsl_rl/good_runs/dobot_x1_symm_flat/legacy/gait_family_v2_analysis/2026-08-21_22-50-05_x1_72d_trs_m0p2_v0p1_w500_r0_gait_trclosed_v2,all,family,gallop,absolute_work,absolute_work,Absolute work,%,True,24,1,18.805635045936352,4.8692591152569324
run_02,TRS m0.2/v0.1,#56B4E9,False,logs/rsl_rl/good_runs/dobot_x1_symm_flat/legacy/gait_family_v2_analysis/2026-08-21_22-50-05_x1_72d_trs_m0p2_v0p1_w500_r0_gait_trclosed_v2,all,family,gallop,vertical_grf_impulse,vertical_grf_impulse,Vertical GRF impulse,%,True,24,1,4.958743777210492,-1.7993497298900945
run_02,TRS m0.2/v0.1,#56B4E9,False,logs/rsl_rl/good_runs/dobot_x1_symm_flat/legacy/gait_family_v2_analysis/2026-08-21_22-50-05_x1_72d_trs_m0p2_v0p1_w500_r0_gait_trclosed_v2,all,overall,all_family_balanced,torque_squared,torque_squared,Torque²,%,True,60,4,9.548951558898551,-8.13808184532921
run_02,TRS m0.2/v0.1,#56B4E9,False,logs/rsl_rl/good_runs/dobot_x1_symm_flat/legacy/gait_family_v2_analysis/2026-08-21_22-50-05_x1_72d_trs_m0p2_v0p1_w500_r0_gait_trclosed_v2,all,overall,all_family_balanced,normalized_torque_squared,normalized_torque_utilization,Normalized torque²,%,True,60,4,14.945181751658787,-11.203748365383834
run_02,TRS m0.2/v0.1,#56B4E9,False,logs/rsl_rl/good_runs/dobot_x1_symm_flat/legacy/gait_family_v2_analysis/2026-08-21_22-50-05_x1_72d_trs_m0p2_v0p1_w500_r0_gait_trclosed_v2,all,overall,all_family_balanced,absolute_work,absolute_work,Absolute work,%,True,60,4,18.95200012393214,-4.964767625978833
run_02,TRS m0.2/v0.1,#56B4E9,False,logs/rsl_rl/good_runs/dobot_x1_symm_flat/legacy/gait_family_v2_analysis/2026-08-21_22-50-05_x1_72d_trs_m0p2_v0p1_w500_r0_gait_trclosed_v2,all,overall,all_family_balanced,vertical_grf_impulse,vertical_grf_impulse,Vertical GRF impulse,%,True,60,4,4.2705147844264415,-2.7283891029989533
run_02,TRS m0.2/v0.1,#56B4E9,False,logs/rsl_rl/good_runs/dobot_x1_symm_flat/legacy/gait_family_v2_analysis/2026-08-21_22-50-05_x1_72d_trs_m0p2_v0p1_w500_r0_gait_trclosed_v2,negative,family,trot,torque_squared,torque_squared,Torque²,%,True,3,1,7.459918760437134,-3.1116737151415474
run_02,TRS m0.2/v0.1,#56B4E9,False,logs/rsl_rl/good_runs/dobot_x1_symm_flat/legacy/gait_family_v2_analysis/2026-08-21_22-50-05_x1_72d_trs_m0p2_v0p1_w500_r0_gait_trclosed_v2,negative,family,trot,normalized_torque_squared,normalized_torque_utilization,Normalized torque²,%,True,3,1,23.354848781462238,-3.396929185584753
run_02,TRS m0.2/v0.1,#56B4E9,False,logs/rsl_rl/good_runs/dobot_x1_symm_flat/legacy/gait_family_v2_analysis/2026-08-21_22-50-05_x1_72d_trs_m0p2_v0p1_w500_r0_gait_trclosed_v2,negative,family,trot,absolute_work,absolute_work,Absolute work,%,True,3,1,15.744563642339948,8.53263684943498
run_02,TRS m0.2/v0.1,#56B4E9,False,logs/rsl_rl/good_runs/dobot_x1_symm_flat/legacy/gait_family_v2_analysis/2026-08-21_22-50-05_x1_72d_trs_m0p2_v0p1_w500_r0_gait_trclosed_v2,negative,family,trot,vertical_grf_impulse,vertical_grf_impulse,Vertical GRF impulse,%,True,3,1,0.7156987847142386,-4.7894875836374915
run_02,TRS m0.2/v0.1,#56B4E9,False,logs/rsl_rl/good_runs/dobot_x1_symm_flat/legacy/gait_family_v2_analysis/2026-08-21_22-50-05_x1_72d_trs_m0p2_v0p1_w500_r0_gait_trclosed_v2,negative,family,bound,torque_squared,torque_squared,Torque²,%,True,3,1,4.5571352279748725,-30.68540293964187
run_02,TRS m0.2/v0.1,#56B4E9,False,logs/rsl_rl/good_runs/dobot_x1_symm_flat/legacy/gait_family_v2_analysis/2026-08-21_22-50-05_x1_72d_trs_m0p2_v0p1_w500_r0_gait_trclosed_v2,negative,family,bound,normalized_torque_squared,normalized_torque_utilization,Normalized torque²,%,True,3,1,17.41825389861081,-36.72317128981139
run_02,TRS m0.2/v0.1,#56B4E9,False,logs/rsl_rl/good_runs/dobot_x1_symm_flat/legacy/gait_family_v2_analysis/2026-08-21_22-50-05_x1_72d_trs_m0p2_v0p1_w500_r0_gait_trclosed_v2,negative,family,bound,absolute_work,absolute_work,Absolute work,%,True,3,1,20.171746162851704,-22.076933061756336
run_02,TRS m0.2/v0.1,#56B4E9,False,logs/rsl_rl/good_runs/dobot_x1_symm_flat/legacy/gait_family_v2_analysis/2026-08-21_22-50-05_x1_72d_trs_m0p2_v0p1_w500_r0_gait_trclosed_v2,negative,family,bound,vertical_grf_impulse,vertical_grf_impulse,Vertical GRF impulse,%,True,3,1,6.969479956090225,-0.7760617688808233
run_02,TRS m0.2/v0.1,#56B4E9,False,logs/rsl_rl/good_runs/dobot_x1_symm_flat/legacy/gait_family_v2_analysis/2026-08-21_22-50-05_x1_72d_trs_m0p2_v0p1_w500_r0_gait_trclosed_v2,negative,family,half_bound,torque_squared,torque_squared,Torque²,%,True,12,1,8.575426929543143,-19.94674828140917
run_02,TRS m0.2/v0.1,#56B4E9,False,logs/rsl_rl/good_runs/dobot_x1_symm_flat/legacy/gait_family_v2_analysis/2026-08-21_22-50-05_x1_72d_trs_m0p2_v0p1_w500_r0_gait_trclosed_v2,negative,family,half_bound,normalized_torque_squared,normalized_torque_utilization,Normalized torque²,%,True,12,1,10.545502904252201,-39.57211543970632
run_02,TRS m0.2/v0.1,#56B4E9,False,logs/rsl_rl/good_runs/dobot_x1_symm_flat/legacy/gait_family_v2_analysis/2026-08-21_22-50-05_x1_72d_trs_m0p2_v0p1_w500_r0_gait_trclosed_v2,negative,family,half_bound,absolute_work,absolute_work,Absolute work,%,True,12,1,20.323249863054745,-1.1904963111633258
run_02,TRS m0.2/v0.1,#56B4E9,False,logs/rsl_rl/good_runs/dobot_x1_symm_flat/legacy/gait_family_v2_analysis/2026-08-21_22-50-05_x1_72d_trs_m0p2_v0p1_w500_r0_gait_trclosed_v2,negative,family,half_bound,vertical_grf_impulse,vertical_grf_impulse,Vertical GRF impulse,%,True,12,1,5.86700394143002,-3.346601640660988
run_02,TRS m0.2/v0.1,#56B4E9,False,logs/rsl_rl/good_runs/dobot_x1_symm_flat/legacy/gait_family_v2_analysis/2026-08-21_22-50-05_x1_72d_trs_m0p2_v0p1_w500_r0_gait_trclosed_v2,negative,family,gallop,torque_squared,torque_squared,Torque²,%,True,12,1,11.058441408469513,-10.013515557488702
run_02,TRS m0.2/v0.1,#56B4E9,False,logs/rsl_rl/good_runs/dobot_x1_symm_flat/legacy/gait_family_v2_analysis/2026-08-21_22-50-05_x1_72d_trs_m0p2_v0p1_w500_r0_gait_trclosed_v2,negative,family,gallop,normalized_torque_squared,normalized_torque_utilization,Normalized torque²,%,True,12,1,10.00261565415525,-32.15139743197614
run_02,TRS m0.2/v0.1,#56B4E9,False,logs/rsl_rl/good_runs/dobot_x1_symm_flat/legacy/gait_family_v2_analysis/2026-08-21_22-50-05_x1_72d_trs_m0p2_v0p1_w500_r0_gait_trclosed_v2,negative,family,gallop,absolute_work,absolute_work,Absolute work,%,True,12,1,18.9575374646293,2.5720575661752108
run_02,TRS m0.2/v0.1,#56B4E9,False,logs/rsl_rl/good_runs/dobot_x1_symm_flat/legacy/gait_family_v2_analysis/2026-08-21_22-50-05_x1_72d_trs_m0p2_v0p1_w500_r0_gait_trclosed_v2,negative,family,gallop,vertical_grf_impulse,vertical_grf_impulse,Vertical GRF impulse,%,True,12,1,5.452762085184158,-1.9598596100863759
run_02,TRS m0.2/v0.1,#56B4E9,False,logs/rsl_rl/good_runs/dobot_x1_symm_flat/legacy/gait_family_v2_analysis/2026-08-21_22-50-05_x1_72d_trs_m0p2_v0p1_w500_r0_gait_trclosed_v2,negative,overall,all_family_balanced,torque_squared,torque_squared,Torque²,%,True,30,4,7.912730581606166,-15.939335123420324
run_02,TRS m0.2/v0.1,#56B4E9,False,logs/rsl_rl/good_runs/dobot_x1_symm_flat/legacy/gait_family_v2_analysis/2026-08-21_22-50-05_x1_72d_trs_m0p2_v0p1_w500_r0_gait_trclosed_v2,negative,overall,all_family_balanced,normalized_torque_squared,normalized_torque_utilization,Normalized torque²,%,True,30,4,15.330305309620124,-27.960903336769654
run_02,TRS m0.2/v0.1,#56B4E9,False,logs/rsl_rl/good_runs/dobot_x1_symm_flat/legacy/gait_family_v2_analysis/2026-08-21_22-50-05_x1_72d_trs_m0p2_v0p1_w500_r0_gait_trclosed_v2,negative,overall,all_family_balanced,absolute_work,absolute_work,Absolute work,%,True,30,4,18.799274283218924,-3.040683739327367
run_02,TRS m0.2/v0.1,#56B4E9,False,logs/rsl_rl/good_runs/dobot_x1_symm_flat/legacy/gait_family_v2_analysis/2026-08-21_22-50-05_x1_72d_trs_m0p2_v0p1_w500_r0_gait_trclosed_v2,negative,overall,all_family_balanced,vertical_grf_impulse,vertical_grf_impulse,Vertical GRF impulse,%,True,30,4,4.751236191854661,-2.7180026508164197
run_02,TRS m0.2/v0.1,#56B4E9,False,logs/rsl_rl/good_runs/dobot_x1_symm_flat/legacy/gait_family_v2_analysis/2026-08-21_22-50-05_x1_72d_trs_m0p2_v0p1_w500_r0_gait_trclosed_v2,positive,family,trot,torque_squared,torque_squared,Torque²,%,True,3,1,1.728407076528163,0.0576929823146084
run_02,TRS m0.2/v0.1,#56B4E9,False,logs/rsl_rl/good_runs/dobot_x1_symm_flat/legacy/gait_family_v2_analysis/2026-08-21_22-50-05_x1_72d_trs_m0p2_v0p1_w500_r0_gait_trclosed_v2,positive,family,trot,normalized_torque_squared,normalized_torque_utilization,Normalized torque²,%,True,3,1,6.144432010358923,0.9705924732877493
run_02,TRS m0.2/v0.1,#56B4E9,False,logs/rsl_rl/good_runs/dobot_x1_symm_flat/legacy/gait_family_v2_analysis/2026-08-21_22-50-05_x1_72d_trs_m0p2_v0p1_w500_r0_gait_trclosed_v2,positive,family,trot,absolute_work,absolute_work,Absolute work,%,True,3,1,10.945494849876733,4.375562183612417
run_02,TRS m0.2/v0.1,#56B4E9,False,logs/rsl_rl/good_runs/dobot_x1_symm_flat/legacy/gait_family_v2_analysis/2026-08-21_22-50-05_x1_72d_trs_m0p2_v0p1_w500_r0_gait_trclosed_v2,positive,family,trot,vertical_grf_impulse,vertical_grf_impulse,Vertical GRF impulse,%,True,3,1,2.653358767577784,-2.628057215376892
run_02,TRS m0.2/v0.1,#56B4E9,False,logs/rsl_rl/good_runs/dobot_x1_symm_flat/legacy/gait_family_v2_analysis/2026-08-21_22-50-05_x1_72d_trs_m0p2_v0p1_w500_r0_gait_trclosed_v2,positive,family,bound,torque_squared,torque_squared,Torque²,%,True,3,1,14.469615880879273,-8.542768661014994
run_02,TRS m0.2/v0.1,#56B4E9,False,logs/rsl_rl/good_runs/dobot_x1_symm_flat/legacy/gait_family_v2_analysis/2026-08-21_22-50-05_x1_72d_trs_m0p2_v0p1_w500_r0_gait_trclosed_v2,positive,family,bound,normalized_torque_squared,normalized_torque_utilization,Normalized torque²,%,True,3,1,17.263644409754207,8.517821238659268
run_02,TRS m0.2/v0.1,#56B4E9,False,logs/rsl_rl/good_runs/dobot_x1_symm_flat/legacy/gait_family_v2_analysis/2026-08-21_22-50-05_x1_72d_trs_m0p2_v0p1_w500_r0_gait_trclosed_v2,positive,family,bound,absolute_work,absolute_work,Absolute work,%,True,3,1,24.80305921534486,-31.70006643871968
run_02,TRS m0.2/v0.1,#56B4E9,False,logs/rsl_rl/good_runs/dobot_x1_symm_flat/legacy/gait_family_v2_analysis/2026-08-21_22-50-05_x1_72d_trs_m0p2_v0p1_w500_r0_gait_trclosed_v2,positive,family,bound,vertical_grf_impulse,vertical_grf_impulse,Vertical GRF impulse,%,True,3,1,3.5763986538545116,-3.3768821677980676
run_02,TRS m0.2/v0.1,#56B4E9,False,logs/rsl_rl/good_runs/dobot_x1_symm_flat/legacy/gait_family_v2_analysis/2026-08-21_22-50-05_x1_72d_trs_m0p2_v0p1_w500_r0_gait_trclosed_v2,positive,family,half_bound,torque_squared,torque_squared,Torque²,%,True,12,1,14.218202024201483,2.8662892015362544
run_02,TRS m0.2/v0.1,#56B4E9,False,logs/rsl_rl/good_runs/dobot_x1_symm_flat/legacy/gait_family_v2_analysis/2026-08-21_22-50-05_x1_72d_trs_m0p2_v0p1_w500_r0_gait_trclosed_v2,positive,family,half_bound,normalized_torque_squared,normalized_torque_utilization,Normalized torque²,%,True,12,1,16.976398156410557,7.2249583265022235
run_02,TRS m0.2/v0.1,#56B4E9,False,logs/rsl_rl/good_runs/dobot_x1_symm_flat/legacy/gait_family_v2_analysis/2026-08-21_22-50-05_x1_72d_trs_m0p2_v0p1_w500_r0_gait_trclosed_v2,positive,family,half_bound,absolute_work,absolute_work,Absolute work,%,True,12,1,22.016617166116422,-7.397362459752596
run_02,TRS m0.2/v0.1,#56B4E9,False,logs/rsl_rl/good_runs/dobot_x1_symm_flat/legacy/gait_family_v2_analysis/2026-08-21_22-50-05_x1_72d_trs_m0p2_v0p1_w500_r0_gait_trclosed_v2,positive,family,half_bound,vertical_grf_impulse,vertical_grf_impulse,Vertical GRF impulse,%,True,12,1,4.464690617323773,-3.3113229878571726
run_02,TRS m0.2/v0.1,#56B4E9,False,logs/rsl_rl/good_runs/dobot_x1_symm_flat/legacy/gait_family_v2_analysis/2026-08-21_22-50-05_x1_72d_trs_m0p2_v0p1_w500_r0_gait_trclosed_v2,positive,family,gallop,torque_squared,torque_squared,Torque²,%,True,12,1,14.324465163154827,4.271472208211753
run_02,TRS m0.2/v0.1,#56B4E9,False,logs/rsl_rl/good_runs/dobot_x1_symm_flat/legacy/gait_family_v2_analysis/2026-08-21_22-50-05_x1_72d_trs_m0p2_v0p1_w500_r0_gait_trclosed_v2,positive,family,gallop,normalized_torque_squared,normalized_torque_utilization,Normalized torque²,%,True,12,1,17.855758198266116,5.5002543855587
run_02,TRS m0.2/v0.1,#56B4E9,False,logs/rsl_rl/good_runs/dobot_x1_symm_flat/legacy/gait_family_v2_analysis/2026-08-21_22-50-05_x1_72d_trs_m0p2_v0p1_w500_r0_gait_trclosed_v2,positive,family,gallop,absolute_work,absolute_work,Absolute work,%,True,12,1,18.6537326272434,7.166460664338649
run_02,TRS m0.2/v0.1,#56B4E9,False,logs/rsl_rl/good_runs/dobot_x1_symm_flat/legacy/gait_family_v2_analysis/2026-08-21_22-50-05_x1_72d_trs_m0p2_v0p1_w500_r0_gait_trclosed_v2,positive,family,gallop,vertical_grf_impulse,vertical_grf_impulse,Vertical GRF impulse,%,True,12,1,4.464725469236825,-1.6388398496938121
run_02,TRS m0.2/v0.1,#56B4E9,False,logs/rsl_rl/good_runs/dobot_x1_symm_flat/legacy/gait_family_v2_analysis/2026-08-21_22-50-05_x1_72d_trs_m0p2_v0p1_w500_r0_gait_trclosed_v2,positive,overall,all_family_balanced,torque_squared,torque_squared,Torque²,%,True,30,4,11.185172536190937,-0.3368285672380935
run_02,TRS m0.2/v0.1,#56B4E9,False,logs/rsl_rl/good_runs/dobot_x1_symm_flat/legacy/gait_family_v2_analysis/2026-08-21_22-50-05_x1_72d_trs_m0p2_v0p1_w500_r0_gait_trclosed_v2,positive,overall,all_family_balanced,normalized_torque_squared,normalized_torque_utilization,Normalized torque²,%,True,30,4,14.56005819369745,5.553406606001985
run_02,TRS m0.2/v0.1,#56B4E9,False,logs/rsl_rl/good_runs/dobot_x1_symm_flat/legacy/gait_family_v2_analysis/2026-08-21_22-50-05_x1_72d_trs_m0p2_v0p1_w500_r0_gait_trclosed_v2,positive,overall,all_family_balanced,absolute_work,absolute_work,Absolute work,%,True,30,4,19.104725964645354,-6.888851512630303
run_02,TRS m0.2/v0.1,#56B4E9,False,logs/rsl_rl/good_runs/dobot_x1_symm_flat/legacy/gait_family_v2_analysis/2026-08-21_22-50-05_x1_72d_trs_m0p2_v0p1_w500_r0_gait_trclosed_v2,positive,overall,all_family_balanced,vertical_grf_impulse,vertical_grf_impulse,Vertical GRF impulse,%,True,30,4,3.7897933769982233,-2.738775555181486
