window,command_x_mps,run,label,metric,unit,front,hind,front_per_directed_m,hind_per_directed_m,front_share_percent,signed_imbalance_percent,absolute_imbalance_percent,bootstrap_95_low_percent,bootstrap_95_high_percent
backward,-0.5665580034255981,2026-08-02_10-35-06_x1_no_trs_20k_512,No TRS,torque_squared,N^2 m^2 s,1135.4033379876962,783.7267178760072,231.8669735658807,160.04915266384378,59.16239675985421,18.32479351970844,18.32479351970844,16.436207328206923,20.284815363150127
backward,-0.5665580034255981,2026-08-02_10-35-06_x1_no_trs_20k_512,No TRS,normalized_torque_utilization,s,2.873050256438521,1.165492315001661,0.5867214280378452,0.23801160940100713,71.1407693645771,42.28153872915419,42.28153872915419,40.46840409670558,43.98558799250506
backward,-0.5665580034255981,2026-08-02_10-35-06_x1_no_trs_20k_512,No TRS,absolute_work,J,293.4317877116469,296.86021924258466,59.92332265405304,60.623461553208706,49.70959868247009,-0.5808026350598317,0.5808026350598317,-1.9449108160543385,0.7697930788202981
backward,-0.5665580034255981,2026-08-02_10-35-06_x1_no_trs_20k_512,No TRS,positive_work,J,143.59203409442256,149.12050479664936,29.32372070761281,30.452720180562096,49.055648466039216,-1.8887030679215708,1.8887030679215708,-7.040906101767237,2.9697215831552803
backward,-0.5665580034255981,2026-08-02_10-35-06_x1_no_trs_20k_512,No TRS,negative_work,J,149.83975361722435,147.7397144459353,30.599601946440224,30.170741372646606,50.352853505814345,0.705707011628683,0.705707011628683,-3.822061242429328,5.664428836034541
backward,-0.5665580034255981,2026-08-02_10-35-06_x1_no_trs_20k_512,No TRS,vertical_grf_impulse,N s,921.9195100740892,808.6989377503448,188.27026442521782,165.14886732184942,53.27110150900316,6.542203018006324,6.542203018006324,4.269501790149292,8.838614671257474
backward,-0.5665580034255981,2026-08-02_10-35-06_x1_no_trs_20k_512,No TRS,contact_time,leg s,9.659999999999794,9.199999999999804,,,51.21951219512195,2.4390243902439024,2.4390243902439024,-0.944386149003148,5.781584582441114
backward,-0.5665580034255981,2026-08-02_10-35-06_x1_no_trs_20k_512,No TRS,fatigue_proxy_m3,1,5.744463610695341,1.3068482199442624,1.1731085752591772,0.26687867784982516,81.46659442480333,62.933188849606665,62.933188849606665,,
backward,-0.5665580034255981,2026-08-02_10-35-06_x1_no_trs_20k_512,No TRS,fatigue_proxy_m5,1,1.5192067599218697,0.09415544700305674,0.3102455857389144,0.019228002781843164,94.16402301982036,88.32804603964074,88.32804603964074,,
backward,-0.5665580034255981,2026-08-02_21-02-49_x1_trs_m0p1_v0p05_w500_minv0_20k_512,TRS 0.10/0.05,torque_squared,N^2 m^2 s,993.763082740072,898.4534432835902,201.23028637450733,181.9307305999089,52.51846546485796,5.036930929715915,5.036930929715915,2.063770147485972,7.728917196421925
backward,-0.5665580034255981,2026-08-02_21-02-49_x1_trs_m0p1_v0p05_w500_minv0_20k_512,TRS 0.10/0.05,normalized_torque_utilization,s,2.4210064834914897,1.5852460455245514,0.4902373980770604,0.3210015759846837,60.43070090956306,20.86140181912611,20.86140181912611,18.414338322556397,23.12978138735874
backward,-0.5665580034255981,2026-08-02_21-02-49_x1_trs_m0p1_v0p05_w500_minv0_20k_512,TRS 0.10/0.05,absolute_work,J,276.9406368521952,226.99416061823587,56.07860125860811,45.964778466716346,54.95564867564935,9.91129735129871,9.91129735129871,8.504236944699677,11.144539664707604
backward,-0.5665580034255981,2026-08-02_21-02-49_x1_trs_m0p1_v0p05_w500_minv0_20k_512,TRS 0.10/0.05,positive_work,J,143.6947500899677,107.92817640207943,29.09721261871492,21.854723950285283,57.107177034009005,14.21435406801801,14.21435406801801,8.563123813581496,19.784422385573993
backward,-0.5665580034255981,2026-08-02_21-02-49_x1_trs_m0p1_v0p05_w500_minv0_20k_512,TRS 0.10/0.05,negative_work,J,133.2458867622275,119.06598421615644,26.981388639893193,24.110054516431063,52.80999512450327,5.619990249006519,5.619990249006519,0.9867985217900914,10.13457606872269
backward,-0.5665580034255981,2026-08-02_21-02-49_x1_trs_m0p1_v0p05_w500_minv0_20k_512,TRS 0.10/0.05,vertical_grf_impulse,N s,866.9960836950602,822.7472127107728,175.56082856940506,166.6007322098528,51.30933707736573,2.6186741547314876,2.6186741547314876,-0.09672542071073502,5.398799840035581
backward,-0.5665580034255981,2026-08-02_21-02-49_x1_trs_m0p1_v0p05_w500_minv0_20k_512,TRS 0.10/0.05,contact_time,leg s,9.899999999999789,9.559999999999796,,,50.873586844809864,1.7471736896197327,1.7471736896197327,-1.8442622950819672,5.327868852459017
backward,-0.5665580034255981,2026-08-02_21-02-49_x1_trs_m0p1_v0p05_w500_minv0_20k_512,TRS 0.10/0.05,fatigue_proxy_m3,1,5.3856311386579065,1.328658036341081,1.0905537900959237,0.2690442438347636,80.21148625399678,60.42297250799355,60.42297250799355,,
backward,-0.5665580034255981,2026-08-02_21-02-49_x1_trs_m0p1_v0p05_w500_minv0_20k_512,TRS 0.10/0.05,fatigue_proxy_m5,1,1.4761312181210835,0.09338886520029499,0.2989065632523101,0.018910612010892155,94.04984579727913,88.09969159455828,88.09969159455828,,
backward,-0.5665580034255981,2026-08-02_10-28-45_x1_trs_m0p2_v0p10_w500_minv0_20k_512,TRS 0.20/0.10,torque_squared,N^2 m^2 s,955.5274574573698,930.5060018570487,193.8274309659469,188.75186310006467,50.66333541106467,1.3266708221293444,1.3266708221293444,-2.0718013524435954,4.875705576819948
backward,-0.5665580034255981,2026-08-02_10-28-45_x1_trs_m0p2_v0p10_w500_minv0_20k_512,TRS 0.20/0.10,normalized_torque_utilization,s,1.8491837886876894,1.15024404050555,0.3751043890449396,0.23332542211643145,61.65121796529664,23.302435930593276,23.302435930593276,20.138309027535165,26.411178355716295
backward,-0.5665580034255981,2026-08-02_10-28-45_x1_trs_m0p2_v0p10_w500_minv0_20k_512,TRS 0.20/0.10,absolute_work,J,345.68467652564885,361.62260412468095,70.12166134247396,73.35464804247098,48.873337795676434,-2.25332440864712,2.25332440864712,-3.805706137043927,-0.7712600142037829
backward,-0.5665580034255981,2026-08-02_10-28-45_x1_trs_m0p2_v0p10_w500_minv0_20k_512,TRS 0.20/0.10,positive_work,J,171.8506196762748,192.32180278290642,34.85966191949478,39.01221326631877,47.18935566724218,-5.621288665515631,5.621288665515631,-12.253142418102595,0.9424073228038328
backward,-0.5665580034255981,2026-08-02_10-28-45_x1_trs_m0p2_v0p10_w500_minv0_20k_512,TRS 0.20/0.10,negative_work,J,173.8340568493741,169.30080134177453,35.26199942297919,34.342434776152224,50.66056470209655,1.3211294041931063,1.3211294041931063,-4.254044879468754,7.316759932918153
backward,-0.5665580034255981,2026-08-02_10-28-45_x1_trs_m0p2_v0p10_w500_minv0_20k_512,TRS 0.20/0.10,vertical_grf_impulse,N s,866.6983612120347,812.2698924858018,175.80857092599007,164.76783087997546,51.620890347579746,3.241780695159487,3.241780695159487,-0.48445095738331717,6.729621551347404
backward,-0.5665580034255981,2026-08-02_10-28-45_x1_trs_m0p2_v0p10_w500_minv0_20k_512,TRS 0.20/0.10,contact_time,leg s,10.099999999999785,8.859999999999811,,,53.270042194092824,6.540084388185654,6.540084388185654,3.484688489968321,9.70464135021097
backward,-0.5665580034255981,2026-08-02_10-28-45_x1_trs_m0p2_v0p10_w500_minv0_20k_512,TRS 0.20/0.10,fatigue_proxy_m3,1,3.9591790750561913,0.9438069159953562,0.8031140317979949,0.19144993524525136,80.75036482425402,61.500729648508035,61.500729648508035,,
backward,-0.5665580034255981,2026-08-02_10-28-45_x1_trs_m0p2_v0p10_w500_minv0_20k_512,TRS 0.20/0.10,fatigue_proxy_m5,1,0.8118275564201789,0.05029333630483707,0.16467810361724308,0.010201934119834404,94.16632438336246,88.33264876672492,88.33264876672492,,
backward,-0.5665580034255981,2026-08-02_21-07-58_x1_trs_m0p3_v0p15_w500_minv0_20k_512,TRS 0.30/0.15,torque_squared,N^2 m^2 s,991.1623725812264,931.1647438680425,197.62140500675,185.6588688861599,51.56054680287727,3.121093605754543,3.121093605754543,1.3595798490929965,5.2023649355600705
backward,-0.5665580034255981,2026-08-02_21-07-58_x1_trs_m0p3_v0p15_w500_minv0_20k_512,TRS 0.30/0.15,normalized_torque_utilization,s,1.4077644167425054,1.0786503023246419,0.2806849711522547,0.2150650530661488,56.61824658400792,13.236493168015853,13.236493168015853,11.688287109063303,14.884767170435687
backward,-0.5665580034255981,2026-08-02_21-07-58_x1_trs_m0p3_v0p15_w500_minv0_20k_512,TRS 0.30/0.15,absolute_work,J,316.64479856133164,320.05033740074157,63.13374247330153,63.812750664962984,49.73256126464167,-0.5348774707166587,0.5348774707166587,-2.0503261318724175,0.9059002980811228
backward,-0.5665580034255981,2026-08-02_21-07-58_x1_trs_m0p3_v0p15_w500_minv0_20k_512,TRS 0.30/0.15,positive_work,J,153.99427417469872,174.34954418050685,30.70391458277909,34.76241919223439,46.90031167515577,-6.199376649688467,6.199376649688467,-12.980203888222205,0.2769098861006794
backward,-0.5665580034255981,2026-08-02_21-07-58_x1_trs_m0p3_v0p15_w500_minv0_20k_512,TRS 0.30/0.15,negative_work,J,162.65052438663292,145.70079322023471,32.429827890522446,29.05033147272859,52.74844474444703,5.496889488894045,5.496889488894045,0.008170492824231991,11.014775074804813
backward,-0.5665580034255981,2026-08-02_21-07-58_x1_trs_m0p3_v0p15_w500_minv0_20k_512,TRS 0.30/0.15,vertical_grf_impulse,N s,844.4824422909102,837.341199171571,168.37584977569836,166.9520038572306,50.212306538666844,0.42461307733367953,0.42461307733367953,-1.3562704514002906,2.207828031980438
backward,-0.5665580034255981,2026-08-02_21-07-58_x1_trs_m0p3_v0p15_w500_minv0_20k_512,TRS 0.30/0.15,contact_time,leg s,10.579999999999774,9.739999999999792,,,52.06692913385827,4.133858267716535,4.133858267716535,1.1811023622047243,7.192118226600985
backward,-0.5665580034255981,2026-08-02_21-07-58_x1_trs_m0p3_v0p15_w500_minv0_20k_512,TRS 0.30/0.15,fatigue_proxy_m3,1,2.1716396558895905,0.8729015811610041,0.43298907609621334,0.1740421566371704,71.32896179765234,42.657923595304666,42.657923595304666,,
backward,-0.5665580034255981,2026-08-02_21-07-58_x1_trs_m0p3_v0p15_w500_minv0_20k_512,TRS 0.30/0.15,fatigue_proxy_m5,1,0.24926343644434687,0.03922740511623926,0.049699011876992626,0.007821296619293204,86.40254751102694,72.80509502205386,72.80509502205386,,
forward,1.6819067001342773,2026-08-02_10-35-06_x1_no_trs_20k_512,No TRS,torque_squared,N^2 m^2 s,4047.190434054252,5895.9614542883555,127.67453285639719,185.99671467930222,40.70329488579165,-18.593410228416708,18.593410228416708,-20.970502182407017,-15.701768748277747
forward,1.6819067001342773,2026-08-02_10-35-06_x1_no_trs_20k_512,No TRS,normalized_torque_utilization,s,7.636884261430928,11.259177363931789,0.24091666711611312,0.35518719311838615,40.415216741146374,-19.16956651770726,19.16956651770726,-21.3116015942375,-16.310811139282393
forward,1.6819067001342773,2026-08-02_10-35-06_x1_no_trs_20k_512,No TRS,absolute_work,J,1788.595258814452,2855.2193753622246,56.423849546794244,90.07206502678238,38.51564715032086,-22.96870569935829,22.96870569935829,-25.87398830532328,-19.119347892848914
forward,1.6819067001342773,2026-08-02_10-35-06_x1_no_trs_20k_512,No TRS,positive_work,J,924.4123084355548,2037.9196798209703,29.1619363035466,64.28915252682006,31.205560757544127,-37.588878484911746,37.588878484911746,-40.89200653506738,-33.56279604923242
forward,1.6819067001342773,2026-08-02_10-35-06_x1_no_trs_20k_512,No TRS,negative_work,J,864.1829503788973,817.2996955412548,27.261913243247644,25.782912499962332,51.394104629964424,2.788209259928859,2.788209259928859,-1.490320662042493,7.411377339648241
forward,1.6819067001342773,2026-08-02_10-35-06_x1_no_trs_20k_512,No TRS,vertical_grf_impulse,N s,1553.41580789665,1881.044184477082,49.00477030587116,59.3402859214543,45.23027816151687,-9.539443676966263,9.539443676966263,-14.116247225927362,-5.189771778230621
forward,1.6819067001342773,2026-08-02_10-35-06_x1_no_trs_20k_512,No TRS,contact_time,leg s,17.159999999999634,15.97999999999966,,,51.78032589016294,3.56065178032589,3.56065178032589,1.3714558776680472,5.839855508729681
forward,1.6819067001342773,2026-08-02_10-35-06_x1_no_trs_20k_512,No TRS,fatigue_proxy_m3,1,25.843175338921675,55.020860653871836,0.8152607080605092,1.7357134031133277,31.95879975768806,-36.08240048462389,36.08240048462389,,
forward,1.6819067001342773,2026-08-02_10-35-06_x1_no_trs_20k_512,No TRS,fatigue_proxy_m5,1,9.020596481277524,32.76669401093654,0.28456788989774773,1.033673215842245,21.586937978087548,-56.82612404382492,56.82612404382492,,
forward,1.6819067001342773,2026-08-02_21-02-49_x1_trs_m0p1_v0p05_w500_minv0_20k_512,TRS 0.10/0.05,torque_squared,N^2 m^2 s,4465.418917984377,5525.040564694439,140.4044443753416,173.72171903354226,44.69683227009125,-10.606335459817494,10.606335459817494,-14.03482909183309,-6.881194150028402
forward,1.6819067001342773,2026-08-02_21-02-49_x1_trs_m0p1_v0p05_w500_minv0_20k_512,TRS 0.10/0.05,normalized_torque_utilization,s,8.388697670527995,10.617888426383821,0.26376258467477703,0.3338541696371714,44.13574130438389,-11.728517391232215,11.728517391232215,-15.63358776721148,-7.790769234173679
forward,1.6819067001342773,2026-08-02_21-02-49_x1_trs_m0p1_v0p05_w500_minv0_20k_512,TRS 0.10/0.05,absolute_work,J,2037.0765946303966,2623.4760642952997,64.05101350450597,82.48894580884162,43.70890629739098,-12.582187405218031,12.582187405218031,-15.130000075675305,-9.776113691447891
forward,1.6819067001342773,2026-08-02_21-02-49_x1_trs_m0p1_v0p05_w500_minv0_20k_512,TRS 0.10/0.05,positive_work,J,1183.5230424419226,1696.8574323473151,37.21305844569662,53.3536336340946,41.08912182959173,-17.821756340816535,17.821756340816535,-22.62481018200544,-14.529994879730578
forward,1.6819067001342773,2026-08-02_21-02-49_x1_trs_m0p1_v0p05_w500_minv0_20k_512,TRS 0.10/0.05,negative_work,J,853.5535521884739,926.6186319479847,26.837955058809357,29.135312174747032,47.94780863304653,-4.104382733906942,4.104382733906942,-10.449739550285594,3.0646960116993003
forward,1.6819067001342773,2026-08-02_21-02-49_x1_trs_m0p1_v0p05_w500_minv0_20k_512,TRS 0.10/0.05,vertical_grf_impulse,N s,1563.4830942993885,1931.5044462878259,49.159995775812554,60.73154917164097,44.735011960491796,-10.529976079016398,10.529976079016398,-14.231289758224756,-6.382466763754485
forward,1.6819067001342773,2026-08-02_21-02-49_x1_trs_m0p1_v0p05_w500_minv0_20k_512,TRS 0.10/0.05,contact_time,leg s,15.879999999999661,16.599999999999646,,,48.891625615763544,-2.2167487684729066,2.2167487684729066,-5.107692307692307,0.7453416149068323
forward,1.6819067001342773,2026-08-02_21-02-49_x1_trs_m0p1_v0p05_w500_minv0_20k_512,TRS 0.10/0.05,fatigue_proxy_m3,1,37.85559560082626,57.0423076526788,1.1902788885999502,1.79355927382437,39.89086618668581,-20.218267626628382,20.218267626628382,,
forward,1.6819067001342773,2026-08-02_21-02-49_x1_trs_m0p1_v0p05_w500_minv0_20k_512,TRS 0.10/0.05,fatigue_proxy_m5,1,16.65446197518117,35.911415598341435,0.5236598229514079,1.1291487868047647,31.68302850435053,-36.63394299129894,36.63394299129894,,
forward,1.6819067001342773,2026-08-02_10-28-45_x1_trs_m0p2_v0p10_w500_minv0_20k_512,TRS 0.20/0.10,torque_squared,N^2 m^2 s,5354.011569815094,5480.986860500556,170.24058495344065,174.27799643062068,49.41405025804991,-1.1718994839001842,1.1718994839001842,-4.463591107297589,1.8935953094266376
forward,1.6819067001342773,2026-08-02_10-28-45_x1_trs_m0p2_v0p10_w500_minv0_20k_512,TRS 0.20/0.10,normalized_torque_utilization,s,8.433870156238964,10.206655144163573,0.26817031866613494,0.3245392579942557,45.24480946927411,-9.510381061451772,9.510381061451772,-13.112921264759338,-6.052922361031593
forward,1.6819067001342773,2026-08-02_10-28-45_x1_trs_m0p2_v0p10_w500_minv0_20k_512,TRS 0.20/0.10,absolute_work,J,2740.853248401242,2775.983341415888,87.15043929116501,88.26746481610026,49.68161017239945,-0.6367796552011029,0.6367796552011029,-4.6544440495004,3.1814733366883217
forward,1.6819067001342773,2026-08-02_10-28-45_x1_trs_m0p2_v0p10_w500_minv0_20k_512,TRS 0.20/0.10,positive_work,J,1729.0590488780106,1836.9756232648592,54.97859316546044,58.409997918742114,48.48688270994852,-3.026234580102958,3.026234580102958,-10.217547430449748,3.466027753962744
forward,1.6819067001342773,2026-08-02_10-28-45_x1_trs_m0p2_v0p10_w500_minv0_20k_512,TRS 0.20/0.10,negative_work,J,1011.7941995232313,939.0077181510287,32.17184612570456,29.857466897358137,51.865552845544116,3.7311056910882274,3.7311056910882274,1.283920644231426,6.234248235237014
forward,1.6819067001342773,2026-08-02_10-28-45_x1_trs_m0p2_v0p10_w500_minv0_20k_512,TRS 0.20/0.10,vertical_grf_impulse,N s,1642.7820312419565,1856.2904997362295,52.23525767601034,59.02414972359208,46.94907055221023,-6.1018588955795545,6.1018588955795545,-10.11383350043585,-1.7737097780648772
forward,1.6819067001342773,2026-08-02_10-28-45_x1_trs_m0p2_v0p10_w500_minv0_20k_512,TRS 0.20/0.10,contact_time,leg s,16.539999999999647,17.999999999999616,,,47.88650839606254,-4.226983207874928,4.226983207874928,-6.468273485859008,-2.0313337507653504
forward,1.6819067001342773,2026-08-02_10-28-45_x1_trs_m0p2_v0p10_w500_minv0_20k_512,TRS 0.20/0.10,fatigue_proxy_m3,1,26.130559142111416,48.42435491548797,0.830868894380659,1.5397408838790383,35.048741551661585,-29.90251689667684,29.90251689667684,,
forward,1.6819067001342773,2026-08-02_10-28-45_x1_trs_m0p2_v0p10_w500_minv0_20k_512,TRS 0.20/0.10,fatigue_proxy_m5,1,8.177258880251447,27.01113415122483,0.2600108940627114,0.8588683864796323,23.23851183808487,-53.52297632383025,53.52297632383025,,
forward,1.6819067001342773,2026-08-02_21-07-58_x1_trs_m0p3_v0p15_w500_minv0_20k_512,TRS 0.30/0.15,torque_squared,N^2 m^2 s,5301.466769721996,5528.082039748278,165.7630810337846,172.84875128327093,48.953717860211725,-2.0925642795765436,2.0925642795765436,-4.1971107746225025,0.13284232321163383
forward,1.6819067001342773,2026-08-02_21-07-58_x1_trs_m0p3_v0p15_w500_minv0_20k_512,TRS 0.30/0.15,normalized_torque_utilization,s,8.722582906381554,9.526279699167171,0.27273248705287095,0.297861995993677,47.79795374057655,-4.404092518846881,4.404092518846881,-5.814325702149584,-2.911049737424497
forward,1.6819067001342773,2026-08-02_21-07-58_x1_trs_m0p3_v0p15_w500_minv0_20k_512,TRS 0.30/0.15,absolute_work,J,2433.956960198678,2749.082068479628,76.10350537900563,85.9566481277424,46.96003535245124,-6.079929295097513,6.079929295097513,-9.575275906141675,-3.0634265695229934
forward,1.6819067001342773,2026-08-02_21-07-58_x1_trs_m0p3_v0p15_w500_minv0_20k_512,TRS 0.30/0.15,positive_work,J,1467.0493041019377,1761.6677703787386,45.870817122778845,55.08277049734497,45.437530457446655,-9.124939085106707,9.124939085106707,-14.05645724209812,-4.852436937245894
forward,1.6819067001342773,2026-08-02_21-07-58_x1_trs_m0p3_v0p15_w500_minv0_20k_512,TRS 0.30/0.15,negative_work,J,966.9076560967408,987.4142981008896,30.23268825622679,30.873877630397438,49.47535149057443,-1.0492970188511304,1.0492970188511304,-5.126082620268416,2.6699903044788766
forward,1.6819067001342773,2026-08-02_21-07-58_x1_trs_m0p3_v0p15_w500_minv0_20k_512,TRS 0.30/0.15,vertical_grf_impulse,N s,1727.2402259813393,1801.729059197635,54.00631070241928,56.33538283148826,48.94460921593828,-2.110781568123449,2.110781568123449,-4.44935419819094,0.13564960341160898
forward,1.6819067001342773,2026-08-02_21-07-58_x1_trs_m0p3_v0p15_w500_minv0_20k_512,TRS 0.30/0.15,contact_time,leg s,18.999999999999595,16.559999999999647,,,53.43082114735658,6.861642294713161,6.861642294713161,3.6996735582154514,9.982693916191483
forward,1.6819067001342773,2026-08-02_21-07-58_x1_trs_m0p3_v0p15_w500_minv0_20k_512,TRS 0.30/0.15,fatigue_proxy_m3,1,31.346992216709705,46.408152627331134,0.9801389382765759,1.4510622623398874,40.31500716715871,-19.36998566568257,19.36998566568257,,
forward,1.6819067001342773,2026-08-02_21-07-58_x1_trs_m0p3_v0p15_w500_minv0_20k_512,TRS 0.30/0.15,fatigue_proxy_m5,1,12.125849821301601,26.74284720104083,0.379143794319647,0.8361792953184374,31.19695474826811,-37.60609050346379,37.60609050346379,,
