robot,condition,mirror_coeff,value_coeff,warmup_iterations,metric,mechanism,unit,per_distance_unit,front,hind,total,front_per_s,hind_per_s,total_per_s,front_per_directed_m,hind_per_directed_m,total_per_directed_m,worst_pair_per_directed_m,front_share_percent,signed_imbalance_percent,abs_imbalance_percent,dominant_pair,dominant_to_other_ratio,concentration_factor,abs_imbalance_change_vs_no_trs_pp,total_per_directed_m_change_vs_no_trs_percent,worst_pair_per_directed_m_change_vs_no_trs_percent
go2,No TRS,0.0,0.0,,torque_squared_exposure,actuator_load,N^2 m^2 s,N^2 m^2 s/m,2280.582033684822,2238.510334061649,4519.092367746471,253.3980037427634,248.72337045129962,502.121374194063,450.94297051118355,442.6240690543154,893.5670395654989,450.94297051118355,50.465488379076355,0.9309767581527206,0.9309767581527206,front,1.0187945076611893,1.0093097675815272,,,
go2,No TRS,0.0,0.0,,normalized_torque_capacity_exposure,actuator_capacity,s,s/m,2.6183818156292484,2.272383941685192,4.8907657573144405,0.29093131284770046,0.2524871046316934,0.5434184174793939,0.5177366375918309,0.4493219492524727,0.9670585868443036,0.5177366375918309,53.53725664970352,7.074513299407057,7.074513299407057,front,1.1522620661046679,1.0707451329940705,,,
go2,No TRS,0.0,0.0,,absolute_work,mechanical_work,J,J/m,466.1371586868776,503.34016782367746,969.477326510555,51.793017631876396,55.926685313743135,107.71970294561952,92.17001269815033,99.52622054523088,191.6962332433812,99.52622054523088,48.08128523899033,-3.837429522019337,3.837429522019337,hind,1.0798112925423107,1.0383742952201933,,,
go2,No TRS,0.0,0.0,,positive_work,mechanical_work,J,J/m,255.7537379340818,250.30710005041846,506.06083798450027,28.417081992676362,27.811900005602645,56.228981998279004,50.57057742272487,49.49360539090128,100.06418281362615,50.57057742272487,50.53814062211925,1.0762812442384995,1.0762812442384995,front,1.0217598217652086,1.010762812442385,,,
go2,No TRS,0.0,0.0,,negative_work,mechanical_work,J,J/m,210.38342075279584,253.03306777325906,463.4164885260549,23.375935639200037,28.114785308140494,51.49072094734053,41.59943527542547,50.03261515432961,91.63205042975507,50.03261515432961,45.398345972095754,-9.203308055808487,9.203308055808487,hind,1.2027234221587133,1.092033080558085,,,
go2,No TRS,0.0,0.0,,fatigue_proxy_m3,torque_cycle_fatigue_sensitivity,1,1/m,3.8274551438432876,1.6451733215115798,5.472628465354868,0.42527279376037436,0.18279703572351277,0.6080698294838872,0.7568085543821884,0.3253026348758435,1.082111189258032,0.7568085543821884,69.93815070899574,39.87630141799146,39.87630141799146,front,2.3264753286460023,1.3987630141799148,,,
go2,No TRS,0.0,0.0,,fatigue_proxy_m5,torque_cycle_fatigue_sensitivity,1,1/m,0.5070958073713715,0.0905765206833467,0.5976723280547183,0.056343978596820256,0.010064057853705404,0.06640803645052566,0.10026882889204401,0.017909833846021083,0.11817866273806511,0.10026882889204401,84.84512057331618,69.69024114663235,69.69024114663235,front,5.598534847062253,1.6969024114663236,,,
go2,No TRS,0.0,0.0,,vertical_grf_impulse,support_load,N s,N s/m,851.8029195189295,596.3319502164896,1448.1348697354192,94.64476883543863,66.25910557961137,160.90387441505,168.42829292894865,117.91362777986123,286.34192070880994,168.42829292894865,58.82068979352439,17.64137958704879,17.64137958704879,front,1.4284039605955958,1.1764137958704879,,,
go2,"0.10/0.05, w=10",0.1,0.05,10,torque_squared_exposure,actuator_load,N^2 m^2 s,N^2 m^2 s/m,2459.493525099968,1876.0649056635893,4335.558430763557,273.2770583444467,208.4516561848477,481.7287145292944,483.11573544131636,368.5134631929837,851.6291986343001,483.11573544131636,56.72841375284646,13.456827505692916,13.456827505692916,front,1.3109853063585837,1.1345682750569293,12.525850747540195,-4.693306609831005,7.134552933303784
go2,"0.10/0.05, w=10",0.1,0.05,10,normalized_torque_capacity_exposure,actuator_capacity,s,s/m,2.795831890820298,1.9203904944931396,4.716222385313438,0.31064798786892867,0.2133767216103534,0.524024709479282,0.5491823281173444,0.37722029215094455,0.926402620268289,0.5491823281173444,59.28117171757346,18.56234343514692,18.56234343514692,front,1.455866345327969,1.185623434351469,11.487830135739864,-4.20408516392815,6.073684619226127
go2,"0.10/0.05, w=10",0.1,0.05,10,absolute_work,mechanical_work,J,J/m,461.39651393883184,1300.5310778375801,1761.927591776412,51.26627932653796,144.50345309306755,195.7697324196055,90.6316336622834,255.4619565864693,346.0935902487527,255.4619565864693,26.187030391733764,-47.625939216532466,47.625939216532466,hind,2.8186842304794566,1.4762593921653246,43.78850969451313,80.54271823345935,156.6780444258622
go2,"0.10/0.05, w=10",0.1,0.05,10,positive_work,mechanical_work,J,J/m,210.39583997355936,1123.6681290353222,1334.0639690088815,23.377315552618207,124.85201433726068,148.22932988987887,41.32783433877435,220.72095291602878,262.04878725480313,220.72095291602878,15.771045831473069,-68.45790833705387,68.45790833705387,hind,5.340733586636193,1.6845790833705387,67.38162709281536,161.88070485008637,336.4612076128748
go2,"0.10/0.05, w=10",0.1,0.05,10,negative_work,mechanical_work,J,J/m,251.00067396527245,176.86294880225773,427.86362276753016,27.888963773919755,19.651438755806833,47.540402529726585,49.30379932350905,34.7410036704405,84.04480299394953,49.30379932350905,58.66370979185765,17.327419583715287,17.327419583715287,front,1.4191817769922217,1.1732741958371529,8.1241115279068,-8.280124039810621,-1.4566814638260928
go2,"0.10/0.05, w=10",0.1,0.05,10,fatigue_proxy_m3,torque_cycle_fatigue_sensitivity,1,1/m,2.850632511515254,1.8328472476728561,4.68347975918811,0.3167369457239239,0.20364969418587725,0.520386639909801,0.5599467566061765,0.36002426392851494,0.9199710205346914,0.5599467566061765,60.865695125997874,21.731390251995734,21.731390251995734,front,1.5553028301374638,1.2173139025199573,-18.14491116599573,-14.983688398464368,-26.012099973779712
go2,"0.10/0.05, w=10",0.1,0.05,10,fatigue_proxy_m5,torque_cycle_fatigue_sensitivity,1,1/m,0.27990900358359105,0.1708740910480902,0.45078309463168126,0.031101000398177446,0.01898601011645487,0.05008701051463232,0.05498223221280332,0.03356461861846502,0.08854685083126834,0.05498223221280332,62.09394427541581,24.18788855083161,24.18788855083161,front,1.6381009073213706,1.241878885508316,-45.50235259580074,-25.073741080040524,-45.16517962725904
go2,"0.10/0.05, w=10",0.1,0.05,10,vertical_grf_impulse,support_load,N s,N s/m,910.8219988047883,545.0489874432712,1455.8709862480596,101.20244431164531,60.56099860480921,161.76344291645452,178.91181063012542,107.06340136004135,285.97521199016677,178.91181063012542,62.56199947717052,25.123998954341044,25.123998954341044,front,1.671082819687995,1.2512399895434103,7.482619367292255,-0.12806672447240874,6.224321056082438
go2,"0.10/0.05, w=100",0.1,0.05,100,torque_squared_exposure,actuator_load,N^2 m^2 s,N^2 m^2 s/m,2546.3723171182683,1674.421884003872,4220.79420112214,282.9302574575914,186.0468760004342,468.9771334580256,527.3533946454235,346.77256686380133,874.1259615092248,527.3533946454235,60.32922231653203,20.65844463306407,20.65844463306407,front,1.5207471554477008,1.2065844463306405,19.72746787491135,-2.175670900498683,16.944587038937975
go2,"0.10/0.05, w=100",0.1,0.05,100,normalized_torque_capacity_exposure,actuator_capacity,s,s/m,2.9243289239946586,1.6242110444454863,4.548539968440145,0.3249254359994134,0.1804678938272801,0.5053933298266935,0.6056281615854352,0.3363739081479865,0.9420020697334217,0.6056281615854352,64.29159563914999,28.58319127829998,28.58319127829998,front,1.8004611740545324,1.2858319127829998,21.508677978892926,-2.5910030117871186,16.976106694403104
go2,"0.10/0.05, w=100",0.1,0.05,100,absolute_work,mechanical_work,J,J/m,425.8124977311753,495.15539526340956,920.9678929945849,47.31249974790938,55.01726614038001,102.32976588828939,88.18571606806877,102.54662164434278,190.73233771241155,102.54662164434278,46.23532491959294,-7.5293501608141264,7.5293501608141264,hind,1.162848431884242,1.0752935016081413,3.6919206387947896,-0.5028244502571222,3.0347792597421375
go2,"0.10/0.05, w=100",0.1,0.05,100,positive_work,mechanical_work,J,J/m,203.6139674551383,239.7170377681935,443.3310052233318,22.623774161682515,26.635226418688735,49.25900058037125,42.1684276933265,49.64536912829254,91.81379682161904,49.64536912829254,45.92820377013018,-8.143592459739644,8.143592459739644,hind,1.1773113640694108,1.0814359245973966,7.067311215501144,-8.245094058654146,-1.8295387191220036
go2,"0.10/0.05, w=100",0.1,0.05,100,negative_work,mechanical_work,J,J/m,222.19853027603696,255.438357495216,477.636887771253,24.688725586226855,28.38203972169127,53.07076530791813,46.01728837474226,52.901252516050214,98.91854089079249,52.901252516050214,46.52038734128318,-6.959225317433618,6.959225317433618,hind,1.1495951713896813,1.0695922531743363,-2.2440827383748685,7.951901574682352,5.733534721045586
go2,"0.10/0.05, w=100",0.1,0.05,100,fatigue_proxy_m3,torque_cycle_fatigue_sensitivity,1,1/m,2.6533265732582736,1.8145237810339414,4.467850354292215,0.29481406369537,0.20161375344822002,0.4964278171435901,0.5495036079775566,0.3757876525597864,0.9252912605373431,0.5495036079775566,59.387095870595836,18.774191741191675,18.774191741191675,front,1.4622715893788785,1.1877419174119168,-21.102109676799788,-14.492034670505083,-27.39199302178379
go2,"0.10/0.05, w=100",0.1,0.05,100,fatigue_proxy_m5,torque_cycle_fatigue_sensitivity,1,1/m,0.2638066597349619,0.11229212605051911,0.37609878578548106,0.02931185108166306,0.012476902894502389,0.04178875397616545,0.05463432688380142,0.023255685536084404,0.07789001241988583,0.05463432688380142,70.14291715513056,40.28583431026112,40.28583431026112,front,2.349289028656185,1.4028583431026114,-29.404406836371223,-34.091306657849316,-45.51215219375474
go2,"0.10/0.05, w=100",0.1,0.05,100,vertical_grf_impulse,support_load,N s,N s/m,970.5109339459094,504.89863464805455,1475.409568593964,107.83454821621446,56.09984829422948,163.93439651044395,200.99269541858777,104.56444532621124,305.557140744799,200.99269541858777,65.77908633673746,31.55817267347494,31.55817267347494,front,1.9221896581725069,1.3155817267347494,13.91679308642615,6.71058571808969,19.334282811603632
go2,"0.10/0.05, w=500",0.1,0.05,500,torque_squared_exposure,actuator_load,N^2 m^2 s,N^2 m^2 s/m,2772.3138698639104,2161.5043050460313,4933.818174909942,308.03487442932993,240.1671450051197,548.2020194344497,543.9761531124075,424.12470304185535,968.1008561542629,543.9761531124075,56.190029133258726,12.380058266517459,12.380058266517459,front,1.2825854028566792,1.1238005826651747,11.449081508364738,8.341155536019595,20.630808923745427
go2,"0.10/0.05, w=500",0.1,0.05,500,normalized_torque_capacity_exposure,actuator_capacity,s,s/m,3.191042047943092,2.3879138844035572,5.578955932346649,0.35456022754924,0.2653237649337342,0.6198839924829742,0.6261378974903851,0.46855019661439634,1.0946880941047814,0.6261378974903851,57.197835699714155,14.395671399428295,14.395671399428295,front,1.336330455124489,1.143956713994283,7.321158100021238,13.197701669446648,20.937529243200803
go2,"0.10/0.05, w=500",0.1,0.05,500,absolute_work,mechanical_work,J,J/m,494.1166159523173,1372.0809769477962,1866.1975929001135,54.901846216925314,152.45344188309173,207.35528810001702,96.95426584142757,269.2261290152601,366.18039485668766,269.2261290152601,26.47718643685789,-47.04562712628422,47.04562712628422,hind,2.776836343184628,1.4704562712628422,43.20819760426488,91.02117379206824,170.5077391067081
go2,"0.10/0.05, w=500",0.1,0.05,500,positive_work,mechanical_work,J,J/m,234.84958245126498,1183.8274170525865,1418.6769995038514,26.09439805014111,131.53637967251242,157.63077772265353,46.08156883338953,232.28750946186176,278.3690782952513,232.28750946186176,16.55412631158453,-66.89174737683095,66.89174737683095,hind,5.04078995881651,1.6689174737683095,65.81546613259245,178.190527787276,359.33331454799423
go2,"0.10/0.05, w=500",0.1,0.05,500,negative_work,mechanical_work,J,J/m,259.26703350105237,188.25355989520972,447.5205933962621,28.807448166784212,20.917062210579303,49.724510377363515,50.87269700803805,36.93861955339831,87.81131656143636,50.87269700803805,57.93410120715528,15.86820241431057,15.86820241431057,front,1.377222474015216,1.1586820241431055,6.6648943585020834,-4.169647902016205,1.679068445887033
go2,"0.10/0.05, w=500",0.1,0.05,500,fatigue_proxy_m3,torque_cycle_fatigue_sensitivity,1,1/m,4.999906189597555,2.4880123668977934,7.487918556495348,0.5555451321775179,0.27644581854420514,0.8319909507217231,0.9810684729841599,0.488191258195305,1.4692597311794648,0.9810684729841599,66.77297772236608,33.545955444732165,33.545955444732165,front,2.009598608157943,1.3354595544473218,-6.330345973259298,35.77714986820235,29.632318147492853
go2,"0.10/0.05, w=500",0.1,0.05,500,fatigue_proxy_m5,torque_cycle_fatigue_sensitivity,1,1/m,0.8405987946786997,0.2045410395768458,1.0451398342555456,0.09339986607541306,0.022726782175205573,0.11612664825061865,0.1649400897967921,0.040134506078883185,0.20507459587567528,0.1649400897967921,80.42931358342678,60.85862716685357,60.85862716685357,front,4.109682811907719,1.6085862716685357,-8.831613979778773,73.52929126487835,64.49787199008516
go2,"0.10/0.05, w=500",0.1,0.05,500,vertical_grf_impulse,support_load,N s,N s/m,909.5657508945271,542.9053674874054,1452.4711183819327,101.06286121050516,60.322818609713,161.38567982021817,178.4726049791366,106.52746664805815,285.00007162719476,178.4726049791366,62.6219509209789,25.243901841957797,25.243901841957797,front,1.675367025940534,1.2524390184195782,7.602522254909008,-0.46861775540709694,5.9635539109959
go2,"0.20/0.10, w=10",0.2,0.1,10,torque_squared_exposure,actuator_load,N^2 m^2 s,N^2 m^2 s/m,2462.9101081349822,1424.2370124412125,3887.1471205761945,273.65667868167054,158.24855693791588,431.9052356195864,488.89384485393805,282.7146255544577,771.6084704083958,488.89384485393805,63.36035225159946,26.720704503198903,26.720704503198903,front,1.729283880857325,1.267207045031989,25.789727745046182,-13.648508030959384,8.415892213539511
go2,"0.20/0.10, w=10",0.2,0.1,10,normalized_torque_capacity_exposure,actuator_capacity,s,s/m,2.858220988079228,1.3485068160067841,4.206727804086012,0.3175801097865877,0.14983409066742365,0.4674142004540113,0.5673640477940218,0.2676819912800351,0.835046039074057,0.5673640477940218,67.94404395033655,35.88808790067311,35.88808790067311,front,2.119545080641883,1.358880879006731,28.813574601266055,-13.650935896348193,9.585454572623053
go2,"0.20/0.10, w=10",0.2,0.1,10,absolute_work,mechanical_work,J,J/m,532.9962822552552,448.2440608668977,981.2403431221529,59.22180913947406,49.80489565187859,109.02670479135264,105.80110125170076,88.97757235488591,194.77867360658666,105.80110125170076,54.31862703069715,8.637254061394298,8.637254061394298,front,1.189076060984384,1.086372540613943,4.799824539374962,1.607981706814221,6.3047513229121055
go2,"0.20/0.10, w=10",0.2,0.1,10,positive_work,mechanical_work,J,J/m,265.76925286466155,218.68087497315952,484.45012783782107,29.529916984963023,24.29787499701824,53.827791981981264,52.75586447422294,43.40870314694891,96.16456762117184,52.75586447422294,54.85998198634656,9.719963972693133,9.719963972693133,front,1.2153292001290994,1.0971996397269312,8.643682728454634,-3.8971139150933864,4.321261814416366
go2,"0.20/0.10, w=10",0.2,0.1,10,negative_work,mechanical_work,J,J/m,267.2270293905937,229.56318589373817,496.7902152843319,29.691892154511045,25.50702065486034,55.198912809371386,53.04523677747783,45.568869207937,98.61410598541484,53.04523677747783,53.79071913436329,7.581438268726589,7.581438268726589,front,1.164067436815804,1.0758143826872657,-1.6218697870818977,7.61966530587701,6.021315523595061
go2,"0.20/0.10, w=10",0.2,0.1,10,fatigue_proxy_m3,torque_cycle_fatigue_sensitivity,1,1/m,3.543054642486528,1.3466666715928213,4.889721314079349,0.39367273805406705,0.14962963017698333,0.5433023682310504,0.7033052489294912,0.26731671799025597,0.970621966919747,0.7033052489294912,72.4592346865401,44.91846937308019,44.91846937308019,front,2.6309811605390405,1.449184693730802,5.042167955088729,-10.302935913150424,-7.069595757459957
go2,"0.20/0.10, w=10",0.2,0.1,10,fatigue_proxy_m5,torque_cycle_fatigue_sensitivity,1,1/m,0.44071897205209887,0.08776851838683834,0.5284874904389372,0.04896877467245647,0.0097520575985378,0.05872083227099427,0.08748382331736207,0.017422271429860588,0.10490609474722265,0.08748382331736207,83.39250786921336,66.78501573842671,66.78501573842671,front,5.021378737529065,1.667850157384267,-2.905225408205638,-11.230934318710473,-12.750727934049289
go2,"0.20/0.10, w=10",0.2,0.1,10,vertical_grf_impulse,support_load,N s,N s/m,954.9550386070168,501.7691737103015,1456.7242123173182,106.1061154007819,55.75213041225691,161.85824581303882,189.56097461500934,99.6024417432649,289.1634163582742,189.56097461500934,65.55496438738392,31.109928774767823,31.109928774767823,front,1.9031759793963827,1.3110992877476781,13.468549187719034,0.9853589172273303,12.54699036519684
go2,"0.20/0.10, w=100",0.2,0.1,100,torque_squared_exposure,actuator_load,N^2 m^2 s,N^2 m^2 s/m,2631.5386353933286,1683.4485349988674,4314.987170392196,292.3931817103761,187.04983722210036,479.4430189324765,518.8523673090998,331.92036243718104,850.7727297462809,518.8523673090998,60.9860129700952,21.972025940190402,21.972025940190402,front,1.563183299449721,1.219720259401904,21.041049182037682,-4.789154917803029,15.059420201391527
go2,"0.20/0.10, w=100",0.2,0.1,100,normalized_torque_capacity_exposure,actuator_capacity,s,s/m,3.0471602584381143,1.615362559899705,4.66252281833782,0.3385733620486866,0.17948472887774883,0.5180580909264355,0.600799202564059,0.3184960604392479,0.9192952630033071,0.600799202564059,65.35432376767265,30.708647535345303,30.708647535345303,front,1.8863630581033815,1.307086475353453,23.634134235938248,-4.93903104638751,16.043401015346426
go2,"0.20/0.10, w=100",0.2,0.1,100,absolute_work,mechanical_work,J,J/m,616.7610114123056,543.0999881009933,1159.8609995132988,68.52900126803542,60.34444312233388,128.8734443903693,121.6048689277172,107.08135184556247,228.68622077327964,121.6048689277172,53.1754246130451,6.350849226090193,6.350849226090193,front,1.1356306848189703,1.063508492260902,2.513419704070856,19.29614729723732,22.183750434341487
go2,"0.20/0.10, w=100",0.2,0.1,100,positive_work,mechanical_work,J,J/m,364.89748661540716,247.79759775106325,612.6950843664704,40.54416517949055,27.533066416785392,68.07723159627594,71.94571351115515,48.85748910444182,120.80320261559696,71.94571351115515,59.55613092484868,19.112261849697347,19.112261849697347,front,1.4725626476088043,1.1911226184969734,18.035980605458846,20.725717453365043,42.267929649592936
go2,"0.20/0.10, w=100",0.2,0.1,100,negative_work,mechanical_work,J,J/m,251.86352479689845,295.3023903499301,547.1659151468285,27.984836088544867,32.81137670554848,60.79621279409336,49.65915541656205,58.22386274112065,107.8830181576827,58.22386274112065,46.03055815881961,-7.938883682360785,7.938883682360785,hind,1.1724698548075214,1.079388836823608,-1.2644243734477012,17.735025737949183,16.37181578761069
go2,"0.20/0.10, w=100",0.2,0.1,100,fatigue_proxy_m3,torque_cycle_fatigue_sensitivity,1,1/m,3.787836921826863,1.567509665631289,5.355346587458152,0.42087076909188265,0.1741677406257025,0.5950385097175852,0.7468361389179945,0.30906105266857586,1.0558971915865705,0.7468361389179945,70.73000523808697,41.46001047617394,41.46001047617394,front,2.4164679841392704,1.4146001047617396,1.5837090581824782,-2.4224865181770805,-1.3176932800838648
go2,"0.20/0.10, w=100",0.2,0.1,100,fatigue_proxy_m5,torque_cycle_fatigue_sensitivity,1,1/m,0.46510272785106316,0.08904164967029293,0.5541443775213561,0.05167808087234145,0.009893516630032758,0.06157159750237422,0.09170287228231204,0.017556067807316732,0.10925894008962879,0.09170287228231204,83.93168761026337,67.86337522052675,67.86337522052675,front,5.223428918638239,1.6786337522052677,-1.8268659261055973,-7.547659147409947,-8.542990582800803
go2,"0.20/0.10, w=100",0.2,0.1,100,vertical_grf_impulse,support_load,N s,N s/m,934.7115242016516,522.6269450670369,1457.3384692686886,103.85683602240795,58.069660563005336,161.9264965854133,184.29419221148382,103.0447450098047,287.3389372212885,184.29419221148382,64.13825915613837,28.276518312276774,28.276518312276774,front,1.7884870518525542,1.2827651831227678,10.635138725227986,0.34819090058855195,9.419972741294824
go2,"0.20/0.10, w=500",0.2,0.1,500,torque_squared_exposure,actuator_load,N^2 m^2 s,N^2 m^2 s/m,3325.1318827822342,1445.3529374252146,4770.484820207449,369.4590980869228,160.59477082502727,530.0538689119501,655.2530344867548,284.8223563871921,940.075390873947,655.2530344867548,69.70217929836402,39.40435859672803,39.40435859672803,front,2.3005674231414384,1.3940435859672804,38.47338183857531,5.204797094022506,45.30729545334034
go2,"0.20/0.10, w=500",0.2,0.1,500,normalized_torque_capacity_exposure,actuator_capacity,s,s/m,3.5031512861096035,1.4036607489929818,4.906812035102585,0.3892390317899642,0.15596230544366796,0.5452013372336322,0.6903336743951417,0.27660646181588994,0.9669401362110317,0.6903336743951417,71.39363116109999,42.787262322199965,42.787262322199965,front,2.4957250451170943,1.4278726232219996,35.712749022792906,-0.012248547800852716,33.336840445775366
go2,"0.20/0.10, w=500",0.2,0.1,500,absolute_work,mechanical_work,J,J/m,563.1835174696214,430.88729989849685,994.0708173681182,62.575946385514825,47.87636665538956,110.45231304090439,110.9813751165014,84.9109811981509,195.89235631465232,110.9813751165014,56.65426523240011,13.308530464800217,13.308530464800217,front,1.3070320652344343,1.133085304648002,9.47110094278088,2.188943935034793,11.509685094557142
go2,"0.20/0.10, w=500",0.2,0.1,500,positive_work,mechanical_work,J,J/m,278.74069310001903,234.59985345088026,513.3405465508993,30.971188122224998,26.066650383431696,57.03783850565669,54.92885438153021,46.23042672677794,101.15928110830815,54.92885438153021,54.29937201977499,8.598744039549986,8.598744039549986,front,1.1881537392280632,1.0859874403954997,7.522462795311487,1.094395880613619,8.618206832747898
go2,"0.20/0.10, w=500",0.2,0.1,500,negative_work,mechanical_work,J,J/m,284.44282436960236,196.28744644761656,480.7302708172189,31.604758263289824,21.80971627195786,53.414474535247685,56.052520734971196,38.68055447137296,94.73307520634415,56.052520734971196,59.16890232147497,18.33780464294994,18.33780464294994,front,1.4491136825987083,1.1833780464294994,9.134496587141454,3.384214106358252,12.031962674892572
go2,"0.20/0.10, w=500",0.2,0.1,500,fatigue_proxy_m3,torque_cycle_fatigue_sensitivity,1,1/m,5.476411694037435,1.1304047711794198,6.6068164652168555,0.6084901882263947,0.12560053013104933,0.734090718357444,1.0791858810767623,0.22275842962771583,1.3019443107044781,1.0791858810767623,82.89032581530451,65.78065163060899,65.78065163060899,front,4.844646655483913,1.65780651630609,25.904350212617523,20.315206388095717,42.596945400246256
go2,"0.20/0.10, w=500",0.2,0.1,500,fatigue_proxy_m5,torque_cycle_fatigue_sensitivity,1,1/m,0.9219563477330278,0.053010734874281644,0.9749670826073095,0.10243959419256082,0.005890081652698086,0.10832967584525892,0.18168142371872237,0.010446335998463235,0.1921277597171856,0.18168142371872237,94.56281798432441,89.12563596864881,89.12563596864881,front,17.39188015256733,1.8912563596864882,19.435394822016463,62.573983548133036,81.19432103304256
go2,"0.20/0.10, w=500",0.2,0.1,500,vertical_grf_impulse,support_load,N s,N s/m,929.4529399230843,523.0574542194494,1452.5103941425336,103.2725488803449,58.11749491327339,161.39004379361828,183.15870791496124,103.0741023725756,286.23281028753684,183.15870791496124,63.98941747138216,27.97883494276432,27.97883494276432,front,1.7769614646063934,1.2797883494276432,10.33745535571553,-0.03810494146404553,8.745807922085035
go2,"0.30/0.15, w=10",0.3,0.15,10,torque_squared_exposure,actuator_load,N^2 m^2 s,N^2 m^2 s/m,1697.8092198868264,2086.6241014090665,3784.4333212958927,188.64546887631806,231.84712237879012,420.49259125510815,441.5416278700376,542.658969981579,984.2005978516166,542.658969981579,44.86297090591757,-10.27405818816486,10.27405818816486,hind,1.229009759735053,1.1027405818816487,9.34308143001214,10.142894072076425,20.33871364408395
go2,"0.30/0.15, w=10",0.3,0.15,10,normalized_torque_capacity_exposure,actuator_capacity,s,s/m,2.2359071938314456,2.4308377243957775,4.666744918227224,0.2484341326479437,0.27009308048842545,0.5185272131363692,0.5814823541813918,0.6321770628558343,1.2136594170372261,0.6321770628558343,47.911493621571445,-4.177012756857105,4.177012756857105,hind,1.087181852226299,1.0417701275685711,-2.8975005425499516,25.500092088280613,22.103984333869974
go2,"0.30/0.15, w=10",0.3,0.15,10,absolute_work,mechanical_work,J,J/m,617.11715516307,1955.655809264158,2572.772964427228,68.56857279589813,217.29508991824443,285.86366271414255,160.49089031062738,508.59863373433205,669.0895240449594,508.59863373433205,23.98645988961011,-52.02708022077977,52.02708022077977,hind,3.1690187072297253,1.520270802207798,48.18965069876044,249.03634397211687,411.01974027356266
go2,"0.30/0.15, w=10",0.3,0.15,10,positive_work,mechanical_work,J,J/m,478.0763159391229,1871.974110964548,2350.050426903671,53.11959065990367,207.99712344050977,261.11671410041345,124.33116295595433,486.83590983264287,611.1670727885972,486.83590983264287,20.343236488291716,-59.31352702341656,59.31352702341656,hind,3.9156386722217813,1.5931352702341655,58.23724577917806,510.77506017005334,862.6860808076789
go2,"0.30/0.15, w=10",0.3,0.15,10,negative_work,mechanical_work,J,J/m,139.04083922394722,83.6816982996101,222.72253752355732,15.448982135994465,9.297966477734654,24.746948613729117,36.15972735467307,21.76272390168912,57.922451256362194,36.15972735467307,62.42782646513306,24.85565293026611,24.85565293026611,front,1.6615441852785036,1.248556529302661,15.652344874457624,-36.78800050342056,-27.727688742362368
go2,"0.30/0.15, w=10",0.3,0.15,10,fatigue_proxy_m3,torque_cycle_fatigue_sensitivity,1,1/m,4.1723111757870335,5.263210769954195,9.435521945741229,0.4635901306430136,0.5848011966615897,1.0483913273046033,1.0850742515464482,1.36877961549979,2.4538538670462384,1.36877961549979,44.21918787089703,-11.561624258205919,11.561624258205919,hind,1.2614617050851635,1.1156162425820593,-28.314677159785546,126.76540926711657,80.86206974988237
go2,"0.30/0.15, w=10",0.3,0.15,10,fatigue_proxy_m5,torque_cycle_fatigue_sensitivity,1,1/m,0.686725846206148,0.9553478181728474,1.6420736643789953,0.07630287180068474,0.10614975757476308,0.18245262937544782,0.17859371034308774,0.24845302162173794,0.4270467319648256,0.24845302162173794,41.82064794674459,-16.358704106510825,16.358704106510825,hind,1.3911633346126628,1.1635870410651084,-53.33153704012152,261.356882935243,147.78689884693748
go2,"0.30/0.15, w=10",0.3,0.15,10,vertical_grf_impulse,support_load,N s,N s/m,866.3374635165744,596.0718033805842,1462.4092668971587,96.25971816851032,66.23020037562188,162.4899185441322,225.30449796438617,155.01772007672102,380.3222180411072,225.30449796438617,59.24042490203244,18.480849804064878,18.480849804064878,front,1.4534112477778605,1.1848084980406488,0.839470217016089,32.8210054258415,33.76879504409078
go2,"0.30/0.15, w=100",0.3,0.15,100,torque_squared_exposure,actuator_load,N^2 m^2 s,N^2 m^2 s/m,2638.1502539069465,1162.2803679798708,3800.4306218868173,293.12780598966697,129.14226310887727,422.27006909854424,572.9643407962894,252.42883868112872,825.3931794774181,572.9643407962894,69.41714022389316,38.834280447786306,38.834280447786306,front,2.269805398582312,1.3883428044778632,37.90330368963358,-7.629406308588848,27.059157867963645
go2,"0.30/0.15, w=100",0.3,0.15,100,normalized_torque_capacity_exposure,actuator_capacity,s,s/m,3.0984577264366893,1.1079335083838138,4.206391234820503,0.344273080715195,0.12310372315375971,0.4673768038689547,0.672935814055262,0.24062556381583683,0.9135613778710988,0.672935814055262,73.6607118422,47.32142368440001,47.32142368440001,front,2.796609817277331,1.4732142368440002,40.24691038499295,-5.531951186926154,29.976471664303173
go2,"0.30/0.15, w=100",0.3,0.15,100,absolute_work,mechanical_work,J,J/m,347.26387766035873,505.9653323235517,853.2292099839104,38.584875295596234,56.21837025817361,94.80324555376984,75.42019960817927,109.88763535026642,185.3078349584457,109.88763535026642,40.6999518531377,-18.600096293724597,18.600096293724597,hind,1.4570053635650837,1.186000962937246,14.76266677170526,-3.332563283507317,10.410738746305226
go2,"0.30/0.15, w=100",0.3,0.15,100,positive_work,mechanical_work,J,J/m,153.2709439993518,275.7198929498961,428.9908369492479,17.03010488881723,30.635543661100222,47.66564854991745,33.28801506349348,59.881982261815835,93.16999732530932,59.881982261815835,35.72825589687004,-28.543488206259926,28.543488206259926,hind,1.7989051659462747,1.2854348820625991,27.46720696202143,-6.88976344428609,18.412692347283155
go2,"0.30/0.15, w=100",0.3,0.15,100,negative_work,mechanical_work,J,J/m,193.9929336610069,230.24543937365559,424.23837303466246,21.554770406779003,25.58282659707339,47.13759700385239,42.132184544685785,50.005653088450586,92.13783763313636,50.005653088450586,45.72734245451122,-8.54531509097756,8.54531509097756,hind,1.1868753929769327,1.0854531509097758,-0.6579929648309264,0.5519763019698365,-0.053888979810190474
go2,"0.30/0.15, w=100",0.3,0.15,100,fatigue_proxy_m3,torque_cycle_fatigue_sensitivity,1,1/m,2.893547914723629,1.3616946221236876,4.255242536847317,0.32150532385818786,0.15129940245819073,0.4728047263163786,0.6284326569598715,0.2957384479430301,0.9241711049029017,0.6284326569598715,67.99960024998813,35.999200499976254,35.999200499976254,front,2.124960962400568,1.3599920049997625,-3.877100918015209,-14.595550431691272,-16.96279682344699
go2,"0.30/0.15, w=100",0.3,0.15,100,fatigue_proxy_m5,torque_cycle_fatigue_sensitivity,1,1/m,0.35338900772475484,0.07788588220810838,0.4312748899328632,0.039265445302751376,0.008653986912012227,0.0479194322147636,0.07675048058987882,0.01691557677225473,0.09366605736213356,0.07675048058987882,81.94054789041094,63.88109578082187,63.88109578082187,front,4.5372665456945285,1.6388109578082186,-5.809145365810473,-20.741989127311466,-23.45529369599657
go2,"0.30/0.15, w=100",0.3,0.15,100,vertical_grf_impulse,support_load,N s,N s/m,1022.0434678494712,442.7218241284524,1464.7652919779237,113.56038531661034,49.19131379205132,162.75169910866165,221.97161096275494,96.15214968981702,318.123760652572,221.97161096275494,69.77523794746463,39.55047589492925,39.55047589492925,front,2.3085454842021362,1.3955047589492926,21.90909630788046,11.099261982000197,31.78997845474423
go2,"0.30/0.15, w=500",0.3,0.15,500,torque_squared_exposure,actuator_load,N^2 m^2 s,N^2 m^2 s/m,2170.7301366988613,1247.7535210830317,3418.4836577818933,241.19223741098972,138.6392801203398,379.83151753132955,438.2116516091267,251.88765845689815,690.0993100660248,438.2116516091267,63.4997956406015,26.999591281203006,26.999591281203006,front,1.7397106880649789,1.26999591281203,26.068614523050286,-22.770281410380942,-2.823265852802803
go2,"0.30/0.15, w=500",0.3,0.15,500,normalized_torque_capacity_exposure,actuator_capacity,s,s/m,2.4134897509398923,1.2760007779399392,3.6894905288798316,0.268165527882216,0.14177786421555183,0.4099433920977678,0.4872182460733903,0.25759001494581524,0.7448082610192056,0.4872182460733903,65.41525807013396,30.830516140267928,30.830516140267928,front,1.8914484949111012,1.3083051614026795,23.756002840860873,-22.982095278254356,-5.8945783053700795
go2,"0.30/0.15, w=500",0.3,0.15,500,absolute_work,mechanical_work,J,J/m,527.894228204545,728.0683004653974,1255.9625286699425,58.654914244950696,80.89647782949032,139.55139207444103,106.56755425537749,146.97728061046965,253.54483486584715,146.97728061046965,42.031049187715986,-15.937901624568026,15.937901624568026,hind,1.3791935231830008,1.1593790162456803,12.10047210254869,32.26385859337246,47.67694362881394
go2,"0.30/0.15, w=500",0.3,0.15,500,positive_work,mechanical_work,J,J/m,303.1082566947798,563.963557052236,867.0718137470158,33.67869518830958,62.662617450249776,96.34131263855936,61.189351701071935,113.84897533096837,175.0383270320403,113.84897533096837,34.95768768966318,-30.084624620673633,30.084624620673633,hind,1.8606011040475514,1.3008462462067363,29.008343376435135,74.92605456845307,125.12888152194233
go2,"0.30/0.15, w=500",0.3,0.15,500,negative_work,mechanical_work,J,J/m,224.78597150976523,164.1047434131615,388.8907149229267,24.976219056641114,18.233860379240554,43.21007943588167,45.37820255430555,33.12830527950129,78.50650783380684,45.37820255430555,57.80183555020464,15.603671100409278,15.603671100409278,front,1.3697713230861857,1.1560367110040928,6.400363044600791,-14.324183006261816,-9.30275698295432
go2,"0.30/0.15, w=500",0.3,0.15,500,fatigue_proxy_m3,torque_cycle_fatigue_sensitivity,1,1/m,2.4019162929397435,1.5875991598230637,3.989515452762807,0.26687958810442164,0.17639990664701083,0.44327949475143247,0.48488187820373574,0.32049329308954055,0.8053751712932763,0.48488187820373574,60.20571473852485,20.411429477049687,20.411429477049687,front,1.5129236357163571,1.2041142947704968,-19.464871940941777,-25.573713746967574,-35.93070857932318
go2,"0.30/0.15, w=500",0.3,0.15,500,fatigue_proxy_m5,torque_cycle_fatigue_sensitivity,1,1/m,0.2045004404627584,0.11470035965410914,0.3192008001168675,0.022722271162529194,0.0127444844060124,0.03546675556854159,0.041283102977627835,0.023154897605386145,0.06443800058301398,0.041283102977627835,64.06639343882772,28.132786877655434,28.132786877655434,front,1.782910193825466,1.2813278687765541,-41.55745426897691,-45.47408213119116,-58.82758038185932
go2,"0.30/0.15, w=500",0.3,0.15,500,vertical_grf_impulse,support_load,N s,N s/m,910.5555362379357,530.8743577047311,1441.4298939426667,101.17283735977279,58.98603974497138,160.15887710474416,183.81651347203555,107.16916172753965,290.98567519957516,183.81651347203555,63.17029638863264,26.340592777265275,26.340592777265275,front,1.7151996946599195,1.2634059277726528,8.699213190216486,1.6217515337153765,9.13636318191411
x1,No TRS,0.0,0.0,,torque_squared_exposure,actuator_load,N^2 m^2 s,N^2 m^2 s/m,1024.0150849757106,968.5605938381834,1992.575678813894,113.77945388619248,107.61784375980045,221.39729764599295,203.38252286038923,192.3685500420524,395.7510729024416,203.38252286038923,51.39152785329934,2.7830557065986645,2.7830557065986645,front,1.057254539871144,1.0278305570659867,,,
x1,No TRS,0.0,0.0,,normalized_torque_capacity_exposure,actuator_capacity,s,s/m,2.013101675014985,1.4209505866548,3.434052261669785,0.22367796389055866,0.15788339851720337,0.381561362407762,0.3998277988734264,0.2822190018623195,0.6820468007357459,0.3998277988734264,58.621754173191526,17.24350834638304,17.24350834638304,front,1.4167288390754151,1.1724350834638302,,,
x1,No TRS,0.0,0.0,,absolute_work,mechanical_work,J,J/m,367.01378729625753,265.4723128573162,632.4861001535737,40.77930969958504,29.49692365081354,70.27623335039858,72.89364295510322,52.726204457997994,125.61984741310121,72.89364295510322,58.027170432226576,16.054340864453163,16.054340864453163,front,1.3824936519595434,1.1605434086445316,,,
x1,No TRS,0.0,0.0,,positive_work,mechanical_work,J,J/m,185.9759407752864,129.28123424245643,315.25717501774284,20.663993419476707,14.364581582495466,35.02857500197217,36.937205888045355,25.676910393716913,62.614116281762264,36.937205888045355,58.991818589004225,17.98363717800845,17.98363717800845,front,1.438537788295737,1.1798363717800844,,,
x1,No TRS,0.0,0.0,,negative_work,mechanical_work,J,J/m,181.03784652097116,136.19107861485972,317.2289251358309,20.115316280108335,15.132342068318069,35.247658348426405,35.95643706705787,27.049294064281078,63.00573113133895,35.95643706705787,57.068518087830256,14.13703617566052,14.13703617566052,front,1.3292929930670088,1.1413703617566051,,,
x1,No TRS,0.0,0.0,,fatigue_proxy_m3,torque_cycle_fatigue_sensitivity,1,1/m,5.1590223069671115,1.5793068856530488,6.73832919262016,0.5732247007741357,0.1754785428503425,0.7487032436244782,1.0246479643499438,0.31367059283362037,1.338318557183564,1.0246479643499438,76.56233703478438,53.12467406956874,53.12467406956874,front,3.2666369999608014,1.5312467406956873,,,
x1,No TRS,0.0,0.0,,fatigue_proxy_m5,torque_cycle_fatigue_sensitivity,1,1/m,1.3216871895677613,0.1473335329705053,1.4690207225382665,0.14685413217419882,0.016370392552278717,0.16322452472647753,0.26250401873027573,0.029262328335901876,0.29176634706617754,0.26250401873027573,89.97062936485109,79.94125872970218,79.94125872970218,front,8.970715375652805,1.7994125872970217,,,
x1,No TRS,0.0,0.0,,vertical_grf_impulse,support_load,N s,N s/m,804.2346423435677,846.0389332263131,1650.273575569881,89.35940470484276,94.0043259140368,183.36373061887957,159.7313095592116,168.0341776232343,327.76548718244595,168.0341776232343,48.733413310932114,-2.533173378135768,2.533173378135768,hind,1.0519802165707837,1.0253317337813574,,,
x1,"0.10/0.05, w=10",0.1,0.05,10,torque_squared_exposure,actuator_load,N^2 m^2 s,N^2 m^2 s/m,1333.7953882836825,1032.815799213804,2366.6111874974868,148.199487587079,114.75731102375845,262.95679861083744,275.2292179191183,213.1219579623148,488.35117588143316,275.2292179191183,56.35887277681936,12.71774555363874,12.71774555363874,front,1.2914165229646846,1.1271774555363874,9.934689847040074,23.39857281999558,35.325894304127516
x1,"0.10/0.05, w=10",0.1,0.05,10,normalized_torque_capacity_exposure,actuator_capacity,s,s/m,3.0467466215726358,1.49009157114745,4.536838192720086,0.33852740239696677,0.16556573012749798,0.5040931325244647,0.6286973978311596,0.30748099847797333,0.9361783963091329,0.6286973978311596,67.15572590756081,34.31145181512159,34.31145181512159,front,2.0446707306897105,1.3431145181512159,17.06794346873855,37.26014040374459,57.24204259999104
x1,"0.10/0.05, w=10",0.1,0.05,10,absolute_work,mechanical_work,J,J/m,434.46977438241873,340.58823063510005,775.0580050175188,48.27441937582533,37.84313673723415,86.11755611305948,89.65301369548287,70.28051916627074,159.9335328617536,89.65301369548287,56.05642049624381,12.112840992487609,12.112840992487609,front,1.2756452962929938,1.1211284099248762,-3.9414998719655543,27.315496838498564,22.991539537545293
x1,"0.10/0.05, w=10",0.1,0.05,10,positive_work,mechanical_work,J,J/m,228.24917748727972,164.79288974827998,393.04206723555967,25.3610197208094,18.31032108314261,43.671340803952006,47.09931010583519,34.00507946156126,81.10438956739644,47.09931010583519,58.07245496459402,16.144909929188024,16.144909929188024,front,1.3850669032864755,1.1614490992918802,-1.838727248820426,29.53051864922651,27.511837924586423
x1,"0.10/0.05, w=10",0.1,0.05,10,negative_work,mechanical_work,J,J/m,206.22059689513898,175.7953408868201,382.0159377819591,22.91339965501593,19.53281565409154,42.44621530910747,42.553703589647675,36.27543970470948,78.82914329435715,42.553703589647675,53.9821972068721,7.964394413744204,7.964394413744204,front,1.1730720271358452,1.0796439441374421,-6.172641761916315,25.11424259173094,18.3479428461893
x1,"0.10/0.05, w=10",0.1,0.05,10,fatigue_proxy_m3,torque_cycle_fatigue_sensitivity,1,1/m,7.762440421222876,1.7379062868565416,9.500346708079418,0.8624933801358935,0.19310069853961984,1.0555940786755134,1.6017827209809825,0.358617665310529,1.9604003862915116,1.6017827209809825,81.70691722883579,63.413834457671584,63.413834457671584,front,4.46654717802033,1.634138344576716,10.289160388102843,46.48234351745768,56.325174763528075
x1,"0.10/0.05, w=10",0.1,0.05,10,fatigue_proxy_m5,torque_cycle_fatigue_sensitivity,1,1/m,2.6596733915081137,0.13758007275598955,2.797253464264103,0.29551926572313003,0.015286674750665832,0.31080594047379584,0.5488246802285202,0.028389703667076056,0.5772143838955962,0.5488246802285202,95.081601488259,90.16320297651798,90.16320297651798,front,19.331821376670444,1.9016320297651799,10.221944246815795,97.83446230166983,109.07286786814505
x1,"0.10/0.05, w=10",0.1,0.05,10,vertical_grf_impulse,support_load,N s,N s/m,899.9733964534014,791.4778975823558,1691.4512940357572,99.99704405038007,87.94198862026363,187.93903267064368,185.70987441530994,163.32178433468107,349.031658749991,185.70987441530994,53.20717183088903,6.4143436617780605,6.4143436617780605,front,1.1370796319170193,1.0641434366177807,3.8811702836422923,6.488227833367799,10.519108101750586
x1,"0.10/0.05, w=100",0.1,0.05,100,torque_squared_exposure,actuator_load,N^2 m^2 s,N^2 m^2 s/m,1286.9863644887373,769.3818819986652,2056.3682464874028,142.99848494319608,85.4868757776313,228.4853607208274,251.31301329714034,150.23910468400422,401.5521179811446,251.31301329714034,62.58540349896525,25.170806997930512,25.170806997930512,front,1.672753667067728,1.251708069979305,22.38775129133185,1.465831800823203,23.566671198022625
x1,"0.10/0.05, w=100",0.1,0.05,100,normalized_torque_capacity_exposure,actuator_capacity,s,s/m,3.3283282242748253,1.0235358082719392,4.351864032546764,0.3698142471416551,0.11372620091910679,0.4835404480607619,0.6499308915496647,0.19986837101924573,0.8497992625689104,0.6499308915496647,76.48051959764577,52.96103919529153,52.96103919529153,front,3.2517946097988735,1.5296103919529154,35.71753084890848,24.595447358187815,62.552702283568195
x1,"0.10/0.05, w=100",0.1,0.05,100,absolute_work,mechanical_work,J,J/m,346.50204932721556,254.86174467719667,601.3637940044123,38.50022770302477,28.317971630800233,66.818199333825,67.66231292951586,49.76748378716271,117.42979671667858,67.66231292951586,57.61937329480684,15.238746589613694,15.238746589613694,front,1.359568693866115,1.1523874658961368,-0.8155942748394693,-6.519710750395702,-7.1766615215121625
x1,"0.10/0.05, w=100",0.1,0.05,100,positive_work,mechanical_work,J,J/m,187.5779450888013,117.94603865422347,305.52398374302476,20.841993898756144,13.10511540602511,33.94710930478125,36.62880968212831,23.03161494055852,59.66042462268683,36.62880968212831,61.39548941158496,22.790978823169905,22.790978823169905,front,1.5903708783193153,1.2279097882316992,4.807341645161454,-4.717293534550382,-0.8349202342260886
x1,"0.10/0.05, w=100",0.1,0.05,100,negative_work,mechanical_work,J,J/m,158.92410423841426,136.91570602297315,295.8398102613874,17.658233804268626,15.21285622477512,32.87109002904375,31.033503247387547,26.735868846604184,57.769372093991734,31.033503247387547,53.7196478384697,7.439295676939395,7.439295676939395,front,1.1607441458304886,1.074392956769394,-6.697740498721124,-8.310924964003242,-13.691383855661709
x1,"0.10/0.05, w=100",0.1,0.05,100,fatigue_proxy_m3,torque_cycle_fatigue_sensitivity,1,1/m,9.830135889048064,0.9600478276969464,10.79018371674501,1.0922373210053637,0.10667198085521855,1.1989093018605823,1.919554969316578,0.18747091588941603,2.1070258852059944,1.919554969316578,91.10258126368068,82.20516252736137,82.20516252736137,front,10.239214761445297,1.8220516252736136,29.080488457792626,57.43829254225863,87.33799666838556
x1,"0.10/0.05, w=100",0.1,0.05,100,fatigue_proxy_m5,torque_cycle_fatigue_sensitivity,1,1/m,3.7839187853763514,0.04792141923427093,3.8318402046106224,0.4204354205973813,0.005324602137141328,0.4257600227345227,0.7388951882193062,0.009357734162183162,0.7482529223814893,0.7388951882193062,98.74938889214091,97.49877778428181,97.49877778428181,front,78.96090820845906,1.9749877778428182,17.55751905457963,156.4562122758362,181.47957192934442
x1,"0.10/0.05, w=100",0.1,0.05,100,vertical_grf_impulse,support_load,N s,N s/m,952.2168522127533,742.8825996265389,1695.0994518392922,105.80187246808596,82.54251106961719,188.34438353770315,185.9417419212284,145.0645242168705,331.0062661380989,185.9417419212284,56.174689407134,12.349378814267995,12.349378814267995,front,1.2817864527873593,1.12349378814268,9.816205436132227,0.9887492986255131,10.657096402225008
x1,"0.10/0.05, w=500",0.1,0.05,500,torque_squared_exposure,actuator_load,N^2 m^2 s,N^2 m^2 s/m,1138.3452244104155,941.695193641485,2080.040418051901,126.4828027122711,104.63279929350057,231.11560200577168,226.2544260751772,187.1687964303262,413.4232225055035,226.2544260751772,54.7270723458611,9.454144691722222,9.454144691722222,front,1.2088255648927073,1.0945414469172223,6.671088985123557,4.4654710531683905,11.245756465755052
x1,"0.10/0.05, w=500",0.1,0.05,500,normalized_torque_capacity_exposure,actuator_capacity,s,s/m,2.729231243349413,1.3267618907423318,4.055993134091745,0.30324791592771905,0.14741798786026222,0.45066590378798127,0.5424546397252087,0.26370361441433443,0.8061582541395431,0.5424546397252087,67.28885264645714,34.57770529291429,34.57770529291429,front,2.0570618303050523,1.3457770529291428,17.334196946531247,18.19691160048169,35.672067138316635
x1,"0.10/0.05, w=500",0.1,0.05,500,absolute_work,mechanical_work,J,J/m,325.6900902828039,274.75438484792244,600.4444751307263,36.187787809201204,30.528264983103146,66.71605279230435,64.73328378346226,54.609440372187564,119.3427241556498,64.73328378346226,54.24150005075756,8.483000101515126,8.483000101515126,front,1.18538632409115,1.0848300010151515,-7.571340762938037,-4.996919982563797,-11.194884547980555
x1,"0.10/0.05, w=500",0.1,0.05,500,positive_work,mechanical_work,J,J/m,172.48574285219055,134.54128031138043,307.027023163571,19.165082539132694,14.949031145709256,34.11411368484195,34.28280096258635,26.741061944575762,61.02386290716212,34.28280096258635,56.17933596688571,12.358671933771419,12.358671933771419,front,1.2820284038697416,1.1235867193377143,-5.624965244237032,-2.539768137018872,-7.1862634480376215
x1,"0.10/0.05, w=500",0.1,0.05,500,negative_work,mechanical_work,J,J/m,153.20434743061335,140.213104536542,293.41745196715533,17.022705270068514,15.579233837393888,32.6019391074624,30.450482820875894,27.8683784276118,58.318861248487686,30.450482820875894,52.213781560533356,4.427563121066693,4.427563121066693,front,1.092653557147974,1.044275631210667,-9.709473054593825,-7.438799294434373,-15.312847143095698
x1,"0.10/0.05, w=500",0.1,0.05,500,fatigue_proxy_m3,torque_cycle_fatigue_sensitivity,1,1/m,6.420673253828497,1.6884011233191927,8.109074377147689,0.7134081393142926,0.18760012481324764,0.9010082641275402,1.2761556959257316,0.3355820527460133,1.6117377486717448,1.2761556959257316,79.17886746633745,58.35773493267487,58.35773493267487,front,3.8028127114759487,1.5835773493267487,5.233060863106132,20.43005307074126,24.54576989623447
x1,"0.10/0.05, w=500",0.1,0.05,500,fatigue_proxy_m5,torque_cycle_fatigue_sensitivity,1,1/m,2.0068994317282973,0.11684257879252215,2.1237420105208193,0.22298882574759335,0.01298250875472496,0.2359713345023183,0.3988859173643585,0.023223315773593968,0.42210923313795246,0.3988859173643585,94.49826870619431,88.9965374123886,88.9965374123886,front,17.176096697522887,1.8899653741238862,9.05527868268642,44.67372175798292,51.95421361309365
x1,"0.10/0.05, w=500",0.1,0.05,500,vertical_grf_impulse,support_load,N s,N s/m,948.3359736751055,748.6007102772708,1696.9366839523764,105.37066374168063,83.1778566974763,188.54852043915696,188.48869995605713,148.78985779641505,337.27855775247224,188.48869995605713,55.885171358681056,11.770342717362116,11.770342717362116,front,1.2668114799461727,1.1177034271736213,9.237169339226348,2.9024015468507747,12.172834492448237
x1,"0.20/0.10, w=10",0.2,0.1,10,torque_squared_exposure,actuator_load,N^2 m^2 s,N^2 m^2 s/m,1168.5531926025403,1017.0563324839069,2185.6095250864473,129.83924362250724,113.00625916488096,242.8455027873882,223.1801757415854,194.24602359548354,417.42619933706897,223.1801757415854,53.46578056097741,6.931561121954814,6.931561121954814,front,1.1489562134170486,1.069315611219548,4.14850541535615,5.476959613946675,9.7341957424661
x1,"0.20/0.10, w=10",0.2,0.1,10,normalized_torque_capacity_exposure,actuator_capacity,s,s/m,2.7318554874570475,1.562067091713164,4.293922579170212,0.3035394986063451,0.17356301019035525,0.47710250879670035,0.5217528749661754,0.29833678967771904,0.8200896646438944,0.5217528749661754,63.62144256417802,27.242885128356036,27.242885128356036,front,1.7488720567443379,1.2724288512835604,9.999376781972995,20.239500245325882,30.494396946958368
x1,"0.20/0.10, w=10",0.2,0.1,10,absolute_work,mechanical_work,J,J/m,343.3755557865851,340.2292458136639,683.604801600249,38.152839531843604,37.80324953485235,75.95608906669595,65.58076891231458,64.97986001305415,130.56062892536872,65.58076891231458,50.2301263804435,0.4602527608869917,0.4602527608869917,front,1.009247617633213,1.00460252760887,-15.594088103566172,3.9331217271899144,-10.032252122853558
x1,"0.20/0.10, w=10",0.2,0.1,10,positive_work,mechanical_work,J,J/m,170.70592345771945,169.40016553274808,340.1060889904675,18.9673248286359,18.822240614750186,37.78956544338609,32.60286158867376,32.35347689226808,64.95633848094184,32.60286158867376,50.191963326626585,0.38392665325317704,0.38392665325317704,front,1.007708126617615,1.0038392665325317,-17.599710524755274,3.7407254757691133,-11.734358880606056
x1,"0.20/0.10, w=10",0.2,0.1,10,negative_work,mechanical_work,J,J/m,172.6696323288656,170.8290802809158,343.49871260978136,19.185514703207698,18.98100892010216,38.16652362330986,32.97790732364081,32.626383120786066,65.60429044442687,32.97790732364081,50.26791251035061,0.53582502070122,0.53582502070122,front,1.0107742314418782,1.0053582502070122,-13.6012111549593,4.12432213138052,-8.283717705016713
x1,"0.20/0.10, w=10",0.2,0.1,10,fatigue_proxy_m3,torque_cycle_fatigue_sensitivity,1,1/m,6.183305517563768,1.9926438238276478,8.175949341391416,0.6870339463959888,0.22140486931418782,0.9084388157101767,1.1809400041091431,0.3805719770460643,1.5615119811552076,1.1809400041091431,75.62798226085226,51.255964521704534,51.255964521704534,front,3.103066109269003,1.5125596452170453,-1.8687095478642064,16.677152294842635,15.253242596188056
x1,"0.20/0.10, w=10",0.2,0.1,10,fatigue_proxy_m5,torque_cycle_fatigue_sensitivity,1,1/m,1.636394518872895,0.18683413692391837,1.8232286557968134,0.18182161320810333,0.020759348547102485,0.2025809617552058,0.31253247059403555,0.03568316425574146,0.348215634849777,0.31253247059403555,89.75256689116345,79.5051337823269,79.5051337823269,front,8.758541376939371,1.7950513378232689,-0.4361249473752906,19.347429321859334,19.058166082845496
x1,"0.20/0.10, w=10",0.2,0.1,10,vertical_grf_impulse,support_load,N s,N s/m,922.9074230851965,770.4746913064375,1693.3821143916339,102.54526923169068,85.60829903405045,188.15356826574111,176.2646682934749,147.1517754594004,323.4164437528753,176.2646682934749,54.500836830720935,9.001673661441856,9.001673661441856,front,1.1978426202686683,1.0900167366144187,6.4685002833060885,-1.3268765625557788,4.898105127574093
x1,"0.20/0.10, w=100",0.2,0.1,100,torque_squared_exposure,actuator_load,N^2 m^2 s,N^2 m^2 s/m,1106.3529445894249,1125.9488656887702,2232.3018102781953,122.92810495438316,125.10542952097713,248.0335344753603,216.74254571725305,220.58152842662952,437.32407414388257,220.58152842662952,49.56108262312202,-0.8778347537559555,0.8778347537559555,hind,1.0177121787357086,1.0087783475375598,-1.905220952842709,10.504836016373687,8.456481571942366
x1,"0.20/0.10, w=100",0.2,0.1,100,normalized_torque_capacity_exposure,actuator_capacity,s,s/m,2.16501564887392,1.6166768527023723,3.781692501576292,0.24055729431932957,0.17963076141137851,0.42018805573070805,0.4241422283453732,0.3167186912372756,0.7408609195826488,0.4241422283453732,57.249912518574526,14.499825037149053,14.499825037149053,front,1.3391764997779032,1.1449982503714906,-2.7436833092339885,8.623179345384834,6.081225352628383
x1,"0.20/0.10, w=100",0.2,0.1,100,absolute_work,mechanical_work,J,J/m,399.11642139446906,379.00523556606385,778.1216569605328,44.34626904383084,42.11169284067466,86.4579618845055,78.18979434514898,74.2498675476848,152.43966189283378,78.18979434514898,51.292290585187075,2.584581170374143,2.584581170374143,front,1.0530630818288516,1.0258458117037415,-13.46975969407902,21.349981736194557,7.265587471472346
x1,"0.20/0.10, w=100",0.2,0.1,100,positive_work,mechanical_work,J,J/m,206.86249492181838,184.15848260509503,391.0209775269134,22.98472165798031,20.462053622788773,43.44677528076908,40.52585929476254,36.0779790305231,76.60383832528564,40.52585929476254,52.90317062531009,5.806341250620158,5.806341250620158,front,1.123285183476502,1.0580634125062016,-12.177295927388293,22.342760505586167,9.715551895273823
x1,"0.20/0.10, w=100",0.2,0.1,100,negative_work,mechanical_work,J,J/m,192.25392647265062,194.84675296096881,387.10067943361946,21.361547385850525,21.649639217885884,43.01118660373641,37.663935050386435,38.17188851716169,75.83582356754813,38.17188851716169,49.66509662394395,-0.6698067521120992,0.6698067521120992,hind,1.013486468317655,1.0066980675211208,-13.467229423548421,20.3633736262248,6.161487707950752
x1,"0.20/0.10, w=100",0.2,0.1,100,fatigue_proxy_m3,torque_cycle_fatigue_sensitivity,1,1/m,6.117290644543139,1.9320777070650128,8.049368351608152,0.6796989605048077,0.214675300785006,0.8943742612898137,1.1984214925939911,0.3785080003635096,1.5769294929575006,1.1984214925939911,75.99715129598945,51.99430259197891,51.99430259197891,front,3.1661721586942866,1.519943025919789,-1.1303714775898328,17.829158423692746,16.95933962590679
x1,"0.20/0.10, w=100",0.2,0.1,100,fatigue_proxy_m5,torque_cycle_fatigue_sensitivity,1,1/m,1.5748930792893308,0.14865456443705555,1.7235476437263864,0.1749881199210405,0.016517173826339857,0.19150529374738035,0.3085329477423944,0.02912250460953383,0.33765545235192823,0.3085329477423944,91.3750823785957,82.7501647571914,82.7501647571914,front,10.594313637481235,1.8275016475719141,2.808906027489215,15.728032292683247,17.53456165538314
x1,"0.20/0.10, w=100",0.2,0.1,100,vertical_grf_impulse,support_load,N s,N s/m,851.8230552812208,820.6238594711381,1672.446914752359,94.64700614235988,91.18042883012839,185.82743497248828,166.8782990140784,160.76615084537815,327.6444498594566,166.8782990140784,50.932740989710354,1.8654819794207014,1.8654819794207014,front,1.0380188748474721,1.0186548197942071,-0.6676913987150668,-0.03692802559227548,-0.687883039929893
x1,"0.20/0.10, w=500",0.2,0.1,500,torque_squared_exposure,actuator_load,N^2 m^2 s,N^2 m^2 s/m,1441.1434423119133,1112.2154996201775,2553.3589419320906,160.12704914577157,123.57949995780014,283.70654910357166,289.0652378661008,223.08871450041713,512.153952366518,289.0652378661008,56.44108310214389,12.88216620428778,12.88216620428778,front,1.2957411965613364,1.1288216620428777,10.099110497689114,29.413155752270413,42.12884853657164
x1,"0.20/0.10, w=500",0.2,0.1,500,normalized_torque_capacity_exposure,actuator_capacity,s,s/m,3.096134807800601,1.6212998514870378,4.717434659287639,0.3440149786445185,0.18014442794300803,0.5241594065875266,0.6210241939876858,0.3252010962007625,0.9462252901884484,0.6210241939876858,65.63174757926876,31.263495158537545,31.263495158537545,front,1.9096620560107134,1.3126349515853755,14.019986812154503,38.7331909141315,55.322915449479204
x1,"0.20/0.10, w=500",0.2,0.1,500,absolute_work,mechanical_work,J,J/m,422.54743502134716,309.40922722697195,731.9566622483192,46.949715002372905,34.37880302521984,81.32851802759275,84.75476571451543,62.061450123833886,146.81621583834934,84.75476571451543,57.72847721932427,15.456954438648532,15.456954438648532,front,1.3656588034182346,1.1545695443864852,-0.5973864258046309,16.873423158638158,16.27182052997096
x1,"0.20/0.10, w=500",0.2,0.1,500,positive_work,mechanical_work,J,J/m,193.0064192542276,179.6364025411577,372.6428217953853,21.445157694914634,19.959600282351282,41.404757977265916,38.713319474920446,36.03155515641702,74.74487463133747,38.713319474920446,51.7939452917211,3.587890583442193,3.587890583442193,front,1.0744282145708557,1.035878905834422,-14.395746594566258,19.3738394310111,4.80846762545708
x1,"0.20/0.10, w=500",0.2,0.1,500,negative_work,mechanical_work,J,J/m,229.54101576711957,129.77282468581427,359.31384045293385,25.504557307458274,14.41920274286856,39.923760050326834,46.04144623959499,26.029894967416876,72.07134120701187,46.04144623959499,63.88315448071,27.76630896141999,27.76630896141999,front,1.7687910879866295,1.2776630896141998,13.629272785759472,14.388548331857542,28.047854557248897
x1,"0.20/0.10, w=500",0.2,0.1,500,fatigue_proxy_m3,torque_cycle_fatigue_sensitivity,1,1/m,7.054785370070448,1.424566765282958,8.479352135353405,0.7838650411189554,0.15828519614255426,0.9421502372615096,1.415052208697716,0.2857402800945708,1.7007924887922865,1.415052208697716,83.19958007943276,66.39916015886551,66.39916015886551,front,4.952232174719572,1.6639916015886551,13.274486089296772,27.084278975517883,38.10130483160157
x1,"0.20/0.10, w=500",0.2,0.1,500,fatigue_proxy_m5,torque_cycle_fatigue_sensitivity,1,1/m,1.7318652664551513,0.09290631706643154,1.8247715835215828,0.19242947405057648,0.010322924118492614,0.20275239816906906,0.34737835978130516,0.01863519331496139,0.36601355309626654,0.34737835978130516,94.90860566300941,89.8172113260188,89.8172113260188,front,18.640985038905395,1.898172113260188,9.875952596316623,25.447487956261284,32.33258731106827
x1,"0.20/0.10, w=500",0.2,0.1,500,vertical_grf_impulse,support_load,N s,N s/m,929.485708457247,746.6227794101555,1676.1084878674026,103.2761898285852,82.95808660113016,186.23427642971538,186.4366859813135,149.75795260201062,336.1946385833241,186.4366859813135,55.4549848762999,10.9099697525998,10.9099697525998,front,1.2449201043551823,1.1090996975259981,8.376796374464032,2.571701942549609,10.95164603914165
x1,"0.30/0.15, w=10",0.3,0.15,10,torque_squared_exposure,actuator_load,N^2 m^2 s,N^2 m^2 s/m,1112.955485357057,1026.5723296384388,2139.5278149954956,123.66172059523117,114.06359218205118,237.72531277728237,228.98915836428472,211.2159352793459,440.2050936436306,228.98915836428472,52.0187434608977,4.037486921795405,4.037486921795405,front,1.0841471693953046,1.0403748692179542,1.2544312151967403,11.232823808957203,12.590381485961322
x1,"0.30/0.15, w=10",0.3,0.15,10,normalized_torque_capacity_exposure,actuator_capacity,s,s/m,2.3306929301368946,1.619992402879199,3.950685333016094,0.2589658811263271,0.17999915587547038,0.43896503700179756,0.4795370699901929,0.33331135141746654,0.8128484214076594,0.4795370699901929,58.99464861600507,17.98929723201016,17.98929723201016,front,1.4387060865190315,1.1798929723201015,0.7457888856271175,19.177807231235988,19.935900240393266
x1,"0.30/0.15, w=10",0.3,0.15,10,absolute_work,mechanical_work,J,J/m,356.7297831717567,277.982842860993,634.7126260327498,39.636642574640476,30.886982540110992,70.52362511475148,73.3966936564112,57.19461206126161,130.5913057176728,73.3966936564112,56.203353855032695,12.406707710065396,12.406707710065396,front,1.2832798582110392,1.1240670771006538,-3.6476331543877674,3.9575420659626603,0.6901160113754079
x1,"0.30/0.15, w=10",0.3,0.15,10,positive_work,mechanical_work,J,J/m,186.77081017390776,147.227419100396,333.99822927430375,20.75231224154575,16.35860212226657,37.11091436381232,38.42785375644902,30.291851948714353,68.71970570516338,38.42785375644902,55.919700706113005,11.839401412226005,11.839401412226005,front,1.268587137607477,1.1183940141222601,-6.144235765782446,9.751138858090847,4.03562703936442
x1,"0.30/0.15, w=10",0.3,0.15,10,negative_work,mechanical_work,J,J/m,169.95897299784892,130.755423760597,300.7143967584459,18.884330333094727,14.528380417844422,33.41271075093915,34.96883989996217,26.90276011254726,61.871600012509425,34.96883989996217,56.518402454263416,13.036804908526824,13.036804908526824,front,1.2998235033755123,1.1303680490852683,-1.1002312671336956,-1.8000443744797812,-2.746649133377299
x1,"0.30/0.15, w=10",0.3,0.15,10,fatigue_proxy_m3,torque_cycle_fatigue_sensitivity,1,1/m,5.248044753738871,1.6403319726771897,6.888376726416061,0.5831160837487759,0.18225910807524717,0.765375191824023,1.0797784520835723,0.3374961917195378,1.41727464380311,1.0797784520835723,76.1869590205959,52.373918041191835,52.373918041191835,front,3.199379662870025,1.5237391804119185,-0.7507560283769052,5.89964819629385,5.380432075381547
x1,"0.30/0.15, w=10",0.3,0.15,10,fatigue_proxy_m5,torque_cycle_fatigue_sensitivity,1,1/m,1.1903710405833356,0.13010520527007094,1.3204762458534065,0.13226344895370679,0.01445613391889708,0.14671958287260384,0.24491730919224178,0.026768978495171347,0.2716862876874131,0.24491730919224178,90.1470999059142,80.2941998118284,80.2941998118284,front,9.149296049396153,1.802941998118284,0.3529410821262218,-6.882239703336978,-6.69959630450625
x1,"0.30/0.15, w=10",0.3,0.15,10,vertical_grf_impulse,support_load,N s,N s/m,896.6456973124791,794.1320280877956,1690.7777254002747,99.6272997013887,88.23689200975694,187.86419171114562,184.48369793754205,163.39164246412489,347.8753404016669,184.48369793754205,53.03155369522078,6.063107390441547,6.063107390441547,front,1.129088949442737,1.0606310739044154,3.529934012305779,6.135439515639751,9.78938960334057
x1,"0.30/0.15, w=100",0.3,0.15,100,torque_squared_exposure,actuator_load,N^2 m^2 s,N^2 m^2 s/m,1025.767527540696,1128.1760638748287,2153.9435914155247,113.97416972674642,125.35289598609475,239.32706571284118,200.8524617086667,220.90476992708608,421.75723163575276,220.90476992708608,47.62276652131748,-4.754466957365032,4.754466957365032,hind,1.0998360092170785,1.0475446695736503,1.971411250766368,6.571342572132988,8.615414353338945
x1,"0.30/0.15, w=100",0.3,0.15,100,normalized_torque_capacity_exposure,actuator_capacity,s,s/m,1.9510352642799762,1.3601951446390528,3.311230408919029,0.21678169603111308,0.15113279384878686,0.36791448987989994,0.3820263609344033,0.26633572994841265,0.6483620908828159,0.3820263609344033,58.92176089663611,17.84352179327221,17.84352179327221,front,1.434378935970773,1.1784352179327222,0.600013446889168,-4.938768104563085,-4.452276202200367
x1,"0.30/0.15, w=100",0.3,0.15,100,absolute_work,mechanical_work,J,J/m,350.73800634962606,395.74987358319487,746.487879932821,38.97088959440373,43.972208175911476,82.9430977703152,68.67695661902057,77.49059528200436,146.16755190102495,77.49059528200436,46.985090552466865,-6.029818895066264,6.029818895066264,hind,1.1283347296805344,1.0602981889506626,-10.0245219693869,16.35705257653479,6.306383026751061
x1,"0.30/0.15, w=100",0.3,0.15,100,positive_work,mechanical_work,J,J/m,187.2161421450901,195.9003156772802,383.1164578223703,20.80179357167712,21.766701741920485,42.56849531359761,36.658231043436075,38.35865300554233,75.01688404897841,38.35865300554233,48.86664050122633,-2.2667189975473376,2.2667189975473376,hind,1.0463858160556474,1.0226671899754733,-15.716918180461112,19.808261305492113,3.8482800290993824
x1,"0.30/0.15, w=100",0.3,0.15,100,negative_work,mechanical_work,J,J/m,163.52186420453597,199.84955790591465,363.3714221104506,18.169096022726606,22.20550643399099,40.3746024567176,32.0187255755845,39.131942276462034,71.15066785204654,39.131942276462034,45.00130011733057,-9.997399765338862,9.997399765338862,hind,1.2221580207521323,1.0999739976533887,-4.139636410321657,12.927294984846727,8.831534680374276
x1,"0.30/0.15, w=100",0.3,0.15,100,fatigue_proxy_m3,torque_cycle_fatigue_sensitivity,1,1/m,3.671912538425132,1.2954923573890937,4.967404895814226,0.4079902820472456,0.14394359526545794,0.5519338773127035,0.7189861764193419,0.25366647132046216,0.9726526477398041,0.7189861764193419,73.92013768636541,47.84027537273082,47.84027537273082,front,2.8343760713690522,1.4784027537273081,-5.284398696837918,-27.322785556623288,-29.830907644902172
x1,"0.30/0.15, w=100",0.3,0.15,100,fatigue_proxy_m5,torque_cycle_fatigue_sensitivity,1,1/m,0.5711712621218531,0.06657128241684762,0.6377425445387007,0.06346347356909614,0.0073968091574276714,0.07086028272652381,0.11183933101242467,0.013035123060079758,0.12487445407250443,0.11183933101242467,89.5614173796417,79.12283475928339,79.12283475928339,front,8.579844662528284,1.791228347592834,-0.8184239704187917,-57.200528666803095,-57.39519282280392
x1,"0.30/0.15, w=100",0.3,0.15,100,vertical_grf_impulse,support_load,N s,N s/m,884.0892361453091,794.2446442239766,1678.3338803692857,98.23213734948088,88.24940491377706,186.48154226325795,173.1108605822728,155.5186606206745,328.6295212029473,173.1108605822728,52.67660067440109,5.353201348802176,5.353201348802176,front,1.1131195439273196,1.053532013488022,2.8200279706664078,0.26361348411902963,3.021220462911667
x1,"0.30/0.15, w=500",0.3,0.15,500,torque_squared_exposure,actuator_load,N^2 m^2 s,N^2 m^2 s/m,1350.6689793214368,840.1881896764601,2190.857168997897,150.07433103571842,93.35424329738645,243.42857433310488,282.1190490440829,175.49310506018702,457.61215410426996,282.1190490440829,61.65025262414691,23.300505248293835,23.300505248293835,front,1.6075791065827203,1.2330050524829383,20.51744954169517,15.631311053218045,38.7135163220204
x1,"0.30/0.15, w=500",0.3,0.15,500,normalized_torque_capacity_exposure,actuator_capacity,s,s/m,3.4001481856241855,1.0464146789622897,4.446562864586475,0.3777942428471398,0.1162682976624791,0.4940625405096189,0.7102010836283331,0.2185683677157692,0.9287694513441024,0.7102010836283331,76.46688665314518,52.93377330629036,52.93377330629036,front,3.2493315068898405,1.5293377330629039,35.690264959907324,36.1738593806479,77.62673971880622
x1,"0.30/0.15, w=500",0.3,0.15,500,absolute_work,mechanical_work,J,J/m,388.4054241598059,341.8879214253102,730.2933455851161,43.15615823997935,37.987546825035274,81.14370506501463,81.12762681688174,71.41135004123939,152.53897685812115,81.12762681688174,53.184850513544355,6.369701027088716,6.369701027088716,front,1.1360606790101475,1.0636970102708871,-9.684639837364447,21.429041667672386,11.295887443641718
x1,"0.30/0.15, w=500",0.3,0.15,500,positive_work,mechanical_work,J,J/m,197.83292209690478,185.8506338475247,383.6835559444295,21.981435788545443,20.650070427503184,42.63150621604863,41.32206832767459,38.819285026924256,80.14135335459885,41.32206832767459,51.56148055653387,3.1229611130677495,3.1229611130677495,front,1.0644726789536298,1.0312296111306776,-14.860676064940701,27.992468972913986,11.871126508376184
x1,"0.30/0.15, w=500",0.3,0.15,500,negative_work,mechanical_work,J,J/m,190.57250206290107,156.0372875777855,346.6097896406866,21.174722451433905,17.33747639753209,38.512198848965994,39.80555848920715,32.59206501431513,72.3976235035223,39.80555848920715,54.98185791591699,9.963715831833989,9.963715831833989,front,1.221326677880757,1.0996371583183397,-4.17332034382653,14.90640962899934,10.70495782151819
x1,"0.30/0.15, w=500",0.3,0.15,500,fatigue_proxy_m3,torque_cycle_fatigue_sensitivity,1,1/m,7.698737762140693,1.158077975020095,8.856815737160789,0.8554153069045397,0.12867533055779107,0.9840906374623308,1.608062826308542,0.241891878790098,1.84995470509864,1.608062826308542,86.92444317023424,73.8488863404685,73.8488863404685,front,6.647857854309944,1.7384888634046851,20.724212270899756,38.22977311110392,56.938078467635236
x1,"0.30/0.15, w=500",0.3,0.15,500,fatigue_proxy_m5,torque_cycle_fatigue_sensitivity,1,1/m,2.3785722151727287,0.06499136404207836,2.443563579214807,0.26428580168586435,0.0072212626713421945,0.27150706435720656,0.4968208655864239,0.013574978103695276,0.5103958436901191,0.4968208655864239,97.34030394809854,94.68060789619707,94.68060789619707,front,36.5982811752148,1.9468060789619708,14.73934916649489,74.93307532631677,89.26219415212458
x1,"0.30/0.15, w=500",0.3,0.15,500,vertical_grf_impulse,support_load,N s,N s/m,959.9521322147903,740.572090317507,1700.5242225322972,106.66134802386786,82.28578781305809,188.94713583692595,200.5086270688871,154.68593494605017,355.1945620149373,200.5086270688871,56.45036509890458,12.900730197809146,12.900730197809146,front,1.2962305017506506,1.1290073019780915,10.367556819673378,8.368506113403985,19.326097764745743
