robot,condition,mirror_coeff,value_coeff,warmup_iterations,leg_index,leg,pair,vertical_grf_impulse_ns_per_s,vertical_grf_impulse_ns_per_m,grf_impulse_ns_per_m,contact_duty_factor,vertical_force_contact_mean_n,vertical_force_p95_n,vertical_force_p99_n,vertical_force_peak_n,positive_vertical_loading_rate_p95_nps,positive_vertical_loading_rate_p99_nps,positive_vertical_loading_rate_peak_nps,vertical_grf_impulse_ns_per_m_change_vs_same_foot_percent,vertical_force_p99_n_change_vs_same_foot_percent,vertical_force_peak_n_change_vs_same_foot_percent,positive_vertical_loading_rate_p99_nps_change_vs_same_foot_percent,positive_vertical_loading_rate_peak_nps_change_vs_same_foot_percent
go2,No TRS,0.0,0.0,,0,front_left,front,49.22723681979709,87.60399085113457,88.77464231974854,0.5533333333333333,88.96354413702785,113.51043052673339,116.34395469665526,125.64949035644531,3692.781715393138,5069.706733703719,6282.474517822399,,,,,
go2,No TRS,0.0,0.0,,1,front_right,front,45.41753201564153,80.82430207781408,82.98710799081915,0.6377777777777778,71.21215821267836,102.38945274353023,107.60061752319336,110.31403350830078,2753.677520752011,4804.612869262797,4859.893798828229,,,,,
go2,No TRS,0.0,0.0,,2,rear_left,hind,36.69165071275499,65.2958654803177,66.5882153428505,0.5711111111111111,64.24608101455154,86.9213508605957,89.52661781311035,93.12381744384766,2335.829238891604,4456.613693237399,4656.190872192482,,,,,
go2,No TRS,0.0,0.0,,3,rear_right,hind,29.56745486685638,52.617762299543536,54.128928891109254,0.6133333333333333,48.20780684809754,68.45448722839355,73.80457351684569,76.5541000366211,2284.839553833054,3353.6599121094455,3618.0297851563273,,,,,
go2,"0.10/0.05, w=10",0.1,0.05,10,0,front_left,front,43.54181869983673,76.97586431536452,78.78410245381744,0.5488888888888889,79.3272000604313,105.65935554504394,108.72109916687012,179.23988342285156,4690.303115844819,5320.038833618278,8961.99417114277,-12.132011832463686,-6.551999671715036,42.650704682032384,4.937802383130685,42.650704682032384
go2,"0.10/0.05, w=10",0.1,0.05,10,1,front_right,front,57.66062561180857,101.9359463147609,104.03510822613198,0.6422222222222222,89.78298105644932,104.55237045288087,107.17053390502929,127.11691284179688,4570.105209350682,4963.971786499129,6355.845642089979,26.120416377516563,-0.3997036709118995,15.231860171472867,3.3167899594121364,30.78157476656054
go2,"0.10/0.05, w=10",0.1,0.05,10,2,rear_left,hind,34.35790554602941,60.7399863956805,62.984521568930084,0.58,59.237768182809326,85.4509567260742,88.7643537902832,119.79906463623047,2205.8757781982467,4089.7983093262587,5989.953231811651,-6.977285699674951,-0.8514384229485805,28.644924493637312,-8.230809515030602,28.644924493637312
go2,"0.10/0.05, w=10",0.1,0.05,10,3,rear_right,hind,26.2030930587798,46.32341496436085,47.6724244561839,0.6111111111111112,42.877788641639675,60.02338409423828,65.51730438232421,68.39138793945312,1700.2928161621392,3219.7107391358104,3369.9047088244265,-11.962400262006756,-11.228666110549279,-10.662671356939967,-3.9941191559099143,-6.858016408540424
go2,"0.10/0.05, w=100",0.1,0.05,100,0,front_left,front,45.279251856015165,84.39594756617292,85.69500595674478,0.6177777777777778,73.289616104939,105.98937301635743,108.61685913085937,111.57535552978516,2580.1827239990753,4982.910263061629,5338.71002197277,-3.6619830372945805,-6.641596106942405,-11.201107769505736,-1.7120609771184903,-15.022177856389495
go2,"0.10/0.05, w=100",0.1,0.05,100,1,front_right,front,62.55529636019929,116.59674785241485,118.52785085729326,0.6866666666666666,91.09994615563004,107.21205635070801,192.15957305908185,280.6069030761719,5179.455490112412,9617.74411010761,14030.345153808892,44.25951706970588,78.58593889357724,154.37099356452876,100.17729569090802,188.69653812582808
go2,"0.10/0.05, w=100",0.1,0.05,100,2,rear_left,hind,36.49139252305031,68.01626625336698,68.96407320229342,0.48,76.0204965993762,105.98786315917968,110.45696586608885,143.9747314453125,3066.8605804442764,5523.508590698359,7198.736572265779,4.166268037092324,23.378910724262212,54.60570173911441,23.93958666599032,54.60570173911441
go2,"0.10/0.05, w=100",0.1,0.05,100,3,rear_right,hind,19.608455771179173,36.54817907284426,37.43789711135082,0.4066666666666667,48.2175141914242,63.241463851928714,64.97085479736329,65.90763092041016,1578.763446807892,2300.458106994676,2747.7130889893165,-30.54022543797663,-11.969066818692653,-13.907118117929674,-31.404550035376346,-24.05498981068799
go2,"0.10/0.05, w=500",0.1,0.05,500,0,front_left,front,48.47166828552882,85.59885207073178,86.92353762980764,0.62,78.1758643078975,105.42763023376465,107.87310356140136,109.27151489257812,3464.1773986817007,5263.855163574331,5463.575744629023,-2.288866935080758,-7.280869175661109,-13.034653318056266,3.829579107207559,-13.034653318056266
go2,"0.10/0.05, w=500",0.1,0.05,500,1,front_right,front,52.59119292497635,92.87375290840482,94.55641412381948,0.6866666666666666,76.58911591015973,117.48312835693358,122.96394416809082,154.5878143310547,5169.309310913191,5818.879699707155,7729.390716552899,14.908202756876342,14.278102671284287,40.13431420710625,21.110271691878957,59.044436699759494
go2,"0.10/0.05, w=500",0.1,0.05,500,2,rear_left,hind,36.10037189808157,63.75168223217208,65.89688976561045,0.6533333333333333,55.25567127257383,89.60531425476074,115.11312690734847,128.1758270263672,2393.461189270014,5764.153305053818,6408.791351318496,-2.364902029839988,28.57977852760034,37.64021981128018,29.339307865084187,37.64021981128018
go2,"0.10/0.05, w=500",0.1,0.05,500,3,rear_right,hind,24.222446711631434,42.775784415886065,46.13365618035245,0.6111111111111112,39.63673098266962,67.70047416687012,73.45550491333007,76.54163360595703,2387.3558807373556,3636.066284179763,3827.081680297933,-18.7046682594156,-0.4729633773114972,-0.01628447158036339,8.420841095145049,5.778058986669543
go2,"0.20/0.10, w=10",0.2,0.1,10,0,front_left,front,51.58273742254312,92.15372688175269,93.72479649295167,0.5911111111111111,87.26402947421793,118.09015960693358,120.02775260925293,145.19454956054688,3301.0405731201845,5885.081710815554,7259.727478027498,5.193525987131675,3.166299376879933,15.555223621405624,16.083277000840557,15.555223621405624
go2,"0.20/0.10, w=10",0.2,0.1,10,1,front_right,front,54.5233779782388,97.40724773325667,99.41835422084961,0.6555555555555556,83.17125454307613,112.64639587402343,115.68253669738769,124.37576293945312,4577.754745483496,5189.941680908312,6218.788146972789,20.517276647161452,7.511034193137656,12.746999619132083,8.019976263033213,27.961400071586006
go2,"0.20/0.10, w=10",0.2,0.1,10,2,rear_left,hind,32.79467493003891,58.58842837134699,59.459944917656166,0.48,68.32223943758106,94.44846420288084,101.9648593902588,107.24972534179688,2595.2162170410093,5098.293533325304,5362.486267089958,-10.272376450837529,13.893344662158103,15.168952783177026,14.398372492137025,15.168952783177026
go2,"0.20/0.10, w=10",0.2,0.1,10,3,rear_right,hind,22.957455482218002,41.014013371917905,41.76353574187852,0.5866666666666667,39.13202639014432,57.66465911865234,58.76279350280761,59.57503890991211,1195.3979301452878,1689.327651977575,1824.9354809523018,-22.052912211597974,-20.380552718192778,-22.17916626096673,-49.627341583512234,-49.55996524850471
go2,"0.20/0.10, w=100",0.2,0.1,100,0,front_left,front,51.15605193303741,90.77653073981311,92.99484950774179,0.6577777777777778,77.77102489811773,106.4433868408203,108.2292610168457,201.73779296875,2987.539405822815,5256.194137573353,10086.889648437715,3.6214558924257734,-6.974744584681758,60.55599779709069,3.6784653169354975,60.55599779709069
go2,"0.20/0.10, w=100",0.2,0.1,100,1,front_right,front,52.700784089370536,93.51766147167069,95.47867746823667,0.6466666666666666,81.49605787016061,115.83507270812987,118.4751992034912,124.67039489746094,4514.347991943452,5392.977325439568,6233.51974487318,15.704879680415917,10.106430549019674,13.014084366772693,12.245824423041341,28.264525993883783
go2,"0.20/0.10, w=100",0.2,0.1,100,2,rear_left,hind,32.121125749283365,56.99901084614632,58.235984393470794,0.4444444444444444,72.2683758866787,96.00593070983885,102.53132232666016,106.6710205078125,2717.5006866454755,5126.898178100695,5333.551025390739,-12.706554347874178,14.52607596625346,14.54751688216993,15.040219570307523,14.54751688216993
go2,"0.20/0.10, w=100",0.2,0.1,100,3,rear_right,hind,25.948534813721974,46.04573416365839,47.50235875254484,0.5733333333333334,45.25907234951507,58.25660648345947,59.60234504699707,60.10493850708008,1209.0072822571058,1628.012054443393,1989.0953063965267,-12.49013232161369,-19.243019494729552,-21.48697655863272,-51.455660469180465,-45.022693993366836
go2,"0.20/0.10, w=500",0.2,0.1,500,0,front_left,front,48.59521984835466,86.18590104308068,87.39318125774871,0.5488888888888889,88.53245875902986,114.2027675628662,119.4192699432373,176.66481018066406,2913.639144897522,5578.877777099728,8833.240509033392,-1.618750235321642,2.6432961253554987,40.60129466462406,10.043402313806604,40.60129466462408
go2,"0.20/0.10, w=500",0.2,0.1,500,1,front_right,front,54.67732903199024,96.97280687188056,99.13829136940029,0.7044444444444444,77.61765950913441,112.03570709228515,114.88247833251953,116.326904296875,3705.6097412110166,5175.2640228272585,5214.292907714955,19.979763980540667,6.76748979415156,5.450685282142076,7.714485300900686,7.292322086794889
go2,"0.20/0.10, w=500",0.2,0.1,500,2,rear_left,hind,36.236651592122186,64.26740074429308,64.96032269132203,0.4911111111111111,73.78201833920241,98.67627143859863,101.40723327636718,122.31806182861328,2591.213722229026,5070.437530517686,6115.903091430794,-1.575084009468608,13.270483967190616,31.34992227135591,13.773323862728382,31.34992227135591
go2,"0.20/0.10, w=500",0.2,0.1,500,3,rear_right,hind,21.880843321151204,38.8067016282825,39.762856315022795,0.5466666666666666,40.02593290454489,62.25644702911377,67.33138977050781,68.11116790771484,1584.6059989929518,2708.3277053833544,2898.8042831421517,-26.247905778731393,-8.770708152470242,-11.028713190890382,-19.242625180803685,-19.87892706038349
go2,"0.30/0.15, w=10",0.3,0.15,10,0,front_left,front,45.76294645215594,107.11227782450553,113.58589839937864,0.9022222222222223,50.722477594754125,90.06197700500488,96.6610171508789,123.08917999267578,2246.629791259806,4151.687156677334,6154.45899963392,22.268719477085686,-16.9178859332192,-2.037660762893967,-18.107942436262327,-2.037660762893967
go2,"0.30/0.15, w=10",0.3,0.15,10,1,front_right,front,50.49677171635438,118.19222013988063,126.24384556360413,0.9777777777777777,51.6444256189988,93.22603874206543,101.19984603881835,146.95809936523438,2190.8448219299776,4076.6102294922684,7347.904968261875,46.23351776807223,-5.9486382436377045,33.21795486172323,-15.152160217275334,51.19476417434332
go2,"0.30/0.15, w=10",0.3,0.15,10,2,rear_left,hind,27.728707537520158,64.90152526735736,67.58824583551075,0.5688888888888889,48.741302706711394,93.16010169982908,127.59720962524403,287.0529479980469,2355.5596923828525,6385.948913574344,14352.64739990265,-0.6039283039738774,42.52432711309082,208.24869069734575,43.291506806268096,208.24869069734575
go2,"0.30/0.15, w=10",0.3,0.15,10,3,rear_right,hind,38.501492838101726,90.11619480936366,93.25128278900502,0.7133333333333334,53.97405538051644,81.39540786743163,93.32697814941406,176.7201385498047,1954.2564010620508,3694.546508789139,8836.006927490424,71.26573018508131,26.45148356302396,130.84346686234608,10.164614350095992,144.22150872670713
go2,"0.30/0.15, w=100",0.3,0.15,100,0,front_left,front,45.99617132782936,89.90674185625348,92.79438813025624,0.5288888888888889,86.966129832408,108.40578269958496,111.26079177856445,143.30889892578125,4443.2987213135675,5212.27230834972,7165.444946289215,2.628591440579431,-4.36908211633702,14.05450075383461,2.8121069350662165,14.05450075383461
go2,"0.30/0.15, w=100",0.3,0.15,100,1,front_right,front,67.56421398878098,132.06486910650148,134.57927607636645,0.7444444444444445,90.75558184189583,107.99378242492674,114.34548347473145,115.48663330078125,2784.3015289307205,4952.941055297957,5091.229248046983,63.39747540208294,6.268426805342653,4.68897712102172,3.0872036951006043,4.760092685040407
go2,"0.30/0.15, w=100",0.3,0.15,100,2,rear_left,hind,32.41181193510861,63.35397761639661,64.51545708790006,0.44666666666666666,72.56375806367599,96.49297294616699,103.54987594604492,104.24584197998047,2471.4137268066715,5171.992141723743,5200.410461425892,-2.9739828848833305,15.66378634140806,11.943265258470781,16.052063241915725,11.688085909097424
go2,"0.30/0.15, w=100",0.3,0.15,100,3,rear_right,hind,16.77950185694271,32.79817207342042,34.42646921390193,0.5266666666666666,31.859813652422858,58.36665439605713,61.05534797668457,61.83027648925781,1043.4277534485072,1593.2085266113604,1859.5853805542388,-37.6671096602203,-17.274302841477894,-19.233226620546596,-52.49343796433923,-48.60226446494303
go2,"0.30/0.15, w=500",0.3,0.15,500,0,front_left,front,44.903372628556355,81.58297834788922,83.46164386786899,0.5866666666666667,76.53736703842878,101.32577323913574,103.34798873901366,106.07917022705078,3176.8482589722344,5072.0564727784285,5303.958511352652,-6.872988827046534,-11.170297581448141,-15.57532790135241,0.04634861932129031,-15.57532790135241
go2,"0.30/0.15, w=500",0.3,0.15,500,1,front_right,front,56.26946473121643,102.23353512414631,104.65121611234952,0.6911111111111111,81.41883964323921,103.07586555480957,107.43647827148436,108.00709533691406,2716.1900329590335,5005.316390991316,5092.6441192628035,26.488608618878473,-0.15254489749896294,-2.0912463247145463,4.177308915199118,4.789205897682236
go2,"0.30/0.15, w=500",0.3,0.15,500,2,rear_left,hind,31.182646265792023,56.654389330082445,59.14690236404158,0.6688888888888889,46.6169856934753,87.64995231628416,96.57906044006347,99.04945373535156,2200.560607910198,4829.15676879893,4952.472686767684,-13.234338938106394,7.877481356075933,6.363180176840344,8.359330675818711,6.363180176840344
go2,"0.30/0.15, w=500",0.3,0.15,500,3,rear_right,hind,27.803393479179356,50.5147723974572,51.75156862310797,0.6533333333333333,42.55621450894799,64.28606033325191,69.0911078643799,71.54190826416016,1957.2447586059898,3166.8148117066094,3470.5660670996454,-3.9967300207758516,-6.386414049787803,-6.547254516823086,-5.571378890512213,-4.075801660386558
x1,No TRS,0.0,0.0,,0,front_left,front,53.58537618830725,95.784683660918,96.67641356911221,0.54,99.2321781264949,164.99773864746095,176.74702529907225,312.2294921875,3962.6367187500805,8044.77020263689,15611.474609375333,,,,,
x1,No TRS,0.0,0.0,,1,front_right,front,35.774028516535516,63.94662589829361,64.6123193337128,0.58,61.679359511268125,95.68425979614257,98.75695274353026,99.448486328125,1488.9385986328407,2868.0203857422475,3357.1660280228375,,,,,
x1,No TRS,0.0,0.0,,2,rear_left,hind,57.0650405498858,102.00463719728414,102.9615507785625,0.6355555555555555,89.78569855806711,131.8083442687988,143.48702392578122,201.27662658691406,2608.0289459229057,5555.505767822362,10063.831329345918,,,,,
x1,No TRS,0.0,0.0,,3,rear_right,hind,36.939285364151,66.02954042595019,66.43813070440632,0.47333333333333333,78.04074372707957,116.95467376708984,121.46092430114746,123.57432556152344,1427.0237731933894,2463.7417678833513,3245.306396484444,,,,,
x1,"0.10/0.05, w=10",0.1,0.05,10,0,front_left,front,57.54584699527757,106.87147925324119,108.09676251307727,0.4533333333333333,126.93766863635392,187.21157836914054,440.38462738036833,908.724609375,4258.981704711999,22171.428588867384,45436.23046875097,11.574706068426277,149.1609839742406,191.04380979785626,175.60052096454046,191.04380979785626
x1,"0.10/0.05, w=10",0.1,0.05,10,1,front_right,front,42.45119705510249,78.83839516206874,80.15546636905087,0.5577777777777778,76.1077238039673,99.46398696899413,106.8359614562988,112.60658264160156,2313.5333633423234,4425.0288696289945,5009.720611572372,23.28781081813498,8.180698663059772,13.23106745945044,54.288612857394014,49.224690401230674
x1,"0.10/0.05, w=10",0.1,0.05,10,2,rear_left,hind,41.53286701788582,77.13291519010684,78.21075246206834,0.52,79.87089811131888,109.6530765533447,210.19335075378265,339.389404296875,1623.0924224853761,10594.062133789135,16969.47021484411,-24.382932669103695,46.48944901282874,68.61838855905205,90.69482737557806,68.61838855905202
x1,"0.10/0.05, w=10",0.1,0.05,10,3,rear_right,hind,46.409121602377816,86.18886914457421,86.82695679216434,0.5066666666666667,91.59695053100884,123.87205047607418,132.20073898315428,135.7220458984375,1886.0546875000384,4610.747680664158,6090.377426147591,30.530772421825358,8.842197392948181,9.830294668180194,87.1441131034338,87.66725486213376
x1,"0.10/0.05, w=100",0.1,0.05,100,0,front_left,front,56.23012361407504,98.82175890980488,99.56938492907652,0.4866666666666667,115.53795739617574,192.40166931152336,456.92710418701154,597.918701171875,1481.2152099609523,22857.794494629372,29895.935058594387,3.170731616798217,158.52039286876186,91.49975134725996,184.13234833155477,91.49975134725996
x1,"0.10/0.05, w=100",0.1,0.05,100,1,front_right,front,49.57174885401092,87.11998301142354,88.10854083219573,0.5933333333333334,83.54789132698468,114.39881439208983,121.28031478881836,123.4239730834961,1502.8717041015939,5852.70857238782,6164.572906494272,36.238592400460504,22.806862119147,24.108448142956384,104.06788604025667,83.62430856971417
x1,"0.10/0.05, w=100",0.1,0.05,100,2,rear_left,hind,48.05579189801048,84.45576100380879,85.403921729413,0.5666666666666667,84.80433864354791,128.76688613891596,151.75971954345698,351.6795349121094,2151.380882263212,7558.20280773092,17583.976745605843,-17.20399844130085,5.765466027056787,74.72447788677998,36.04886978082593,74.72447788677998
x1,"0.10/0.05, w=100",0.1,0.05,100,3,rear_right,hind,34.4867191716067,60.6087632130617,61.02128238592816,0.4266666666666667,80.82824805845321,105.42349624633789,126.7184066772461,133.9380645751953,1609.4639587402673,3390.3368530274156,4328.402709961029,-8.209624325596664,4.328538092681855,8.38664420507973,37.60926153961825,33.37423901329857
x1,"0.10/0.05, w=500",0.1,0.05,500,0,front_left,front,54.575095886308056,97.62478956007851,98.44634248369735,0.4888888888888889,111.63087794926648,176.81502151489235,445.3295635986327,522.150634765625,1145.210838317847,22273.517272949677,26107.531738281807,1.9210857402573556,151.9587318910143,67.23296415960066,176.8695278039009,67.23296415960066
x1,"0.10/0.05, w=500",0.1,0.05,500,1,front_right,front,50.79556785537258,90.86391039597864,91.45735940963769,0.56,90.70587927827621,123.64496650695801,125.96678642272948,127.27974700927734,1238.3999633789301,5523.452074021934,5785.016250610475,42.093361642718506,27.552322062693246,27.985605119543578,92.58761553720467,72.31844366117011
x1,"0.10/0.05, w=500",0.1,0.05,500,2,rear_left,hind,44.99856135087594,80.49413401924352,81.48516730097303,0.5311111111111111,84.72532471922248,137.5091415405273,169.05676971435548,295.0830078125,2204.766006469758,8141.727050781412,14754.150390625315,-21.08776989857608,17.820249587029036,46.60570023269892,46.552400286190185,46.60570023269892
x1,"0.10/0.05, w=500",0.1,0.05,500,3,rear_right,hind,38.17929534660037,68.29572377717155,68.66265608048998,0.43555555555555553,87.6565454386233,125.48528671264647,131.25406539916992,134.5343780517578,1670.8304595947616,3668.109024047926,4594.32599255697,3.432075002494983,8.062791514529867,8.869198711327563,48.88366434601099,41.56832764801142
x1,"0.20/0.10, w=10",0.2,0.1,10,0,front_left,front,55.003417787446296,94.54516296998943,95.70191131321849,0.5466666666666666,100.61183940169842,182.3021522521969,237.67130111694328,411.0526123046875,2209.754638671922,11887.285064697511,20552.63061523481,-1.2940698278197882,34.46976022073442,31.650796157924212,47.764134528058165,31.650796157924187
x1,"0.20/0.10, w=10",0.2,0.1,10,1,front_right,front,47.54185144424439,81.71950532348546,82.36630946140818,0.56,84.89616329329354,114.06554641723633,121.17896339416501,141.4864501953125,1749.5973205566713,5937.708755493283,7074.322509765776,27.793302892101647,22.704235021167808,42.27109473389616,107.03160915491874,110.72304588796618
x1,"0.20/0.10, w=10",0.2,0.1,10,2,rear_left,hind,49.13451761141339,84.45713306352292,85.28442088038501,0.4955555555555556,99.15037186159654,144.96543426513665,196.79505203247066,419.1658935546875,1674.6022033691092,9841.716430664268,20958.294677734822,-17.20265334587007,37.15181111726387,108.2536361337941,77.15248335566048,108.2536361337941
x1,"0.20/0.10, w=10",0.2,0.1,10,3,rear_right,hind,36.473781422637046,62.69464239587749,63.63075334584884,0.42,86.8423367205644,122.89838066101072,134.23091796875,139.1327362060547,1759.0514373779665,3150.797760009831,4258.795507943969,-5.050615237603651,10.513664160780545,12.590326165110444,27.886688494823186,31.22938137851672
x1,"0.20/0.10, w=100",0.2,0.1,100,0,front_left,front,50.70211000633396,89.39619137614628,90.50344181950325,0.49333333333333335,102.77389772348968,174.62829360961896,314.33902709960734,526.505615234375,2761.284999847354,15830.202453613412,26325.28076171931,-6.669638652654819,77.84685573503529,68.62776528432424,96.7763162262191,68.62776528432424
x1,"0.20/0.10, w=100",0.2,0.1,100,1,front_right,front,43.944896136025925,77.48210763793215,79.41849464158955,0.6311111111111111,69.63099739863263,108.7750129699707,119.3328554534912,126.90155792236328,1910.2386474609768,4851.0446472169,5359.677505493279,21.16684273720175,20.83489024149634,27.605318701039174,69.1426138856207,59.64886635796789
x1,"0.20/0.10, w=100",0.2,0.1,100,2,rear_left,hind,53.30598880490478,93.98725962494788,94.9092473755076,0.5577777777777778,95.56850582552649,129.04887466430662,154.99956878662107,334.46099853515625,2043.065223693869,7750.748028874725,16723.04992675817,-7.859816761889061,8.023404866766715,66.16981524714262,39.5147148215967,66.16981524714262
x1,"0.20/0.10, w=100",0.2,0.1,100,3,rear_right,hind,37.87444002522363,66.77889122043028,67.69004388423107,0.4488888888888889,84.37375253143877,126.35556488037105,135.02585556030272,138.54605102539062,1800.4911804199555,3046.7781372070954,5680.479431152465,1.1348720430978343,11.168144271257695,12.115563160741893,23.664670418143775,75.03676809394577
x1,"0.20/0.10, w=500",0.2,0.1,500,0,front_left,front,57.250236982243536,103.3495181447917,104.06680973343363,0.45555555555555555,125.6712519122419,206.41295471191398,236.28148010253904,496.2637939453125,3708.4985351563255,11816.316345215091,24813.189697266153,7.897749613762417,33.683426752291304,58.9419982297176,46.881962412574275,58.9419982297176
x1,"0.20/0.10, w=500",0.2,0.1,500,1,front_right,front,46.02595284634167,83.08716783652179,84.02269793710548,0.5444444444444444,84.53746441164795,119.38353309631346,123.13809585571289,124.7142562866211,1550.9844970703455,4349.940582275481,4773.044204712016,29.932059228067786,24.688026953909702,25.40588689820078,51.67049034589446,42.174803535797814
x1,"0.20/0.10, w=500",0.2,0.1,500,2,rear_left,hind,46.74473613669342,84.38473288819873,85.54895377810394,0.5488888888888889,85.16247474296372,150.36259918212892,171.20834732055664,292.1319580078125,3681.959457397539,8139.830841064615,14606.597900390936,-17.27363068309069,19.31974239643739,45.13953406391469,46.51826820540323,45.13953406391469
x1,"0.20/0.10, w=500",0.2,0.1,500,3,rear_right,hind,36.21335046443674,65.37321971381189,66.27639872457242,0.44222222222222224,81.88948597485695,110.60259208679199,118.30287185668945,128.3473358154297,1840.0134658813813,3465.652893066477,3584.6328735352326,-0.9939804334611946,-2.6000563248045117,3.862461099599468,40.6662393861142,10.455914961322964
x1,"0.30/0.15, w=10",0.3,0.15,10,0,front_left,front,53.789926567077636,99.60487330908757,100.57542439104856,0.5288888888888889,101.70364266884427,178.84429702758788,320.4667475891096,466.05242919921875,358.68377685547574,16118.370849609546,23302.621459961436,3.988309510624055,81.31379979201934,49.2659857126325,100.35837498908688,49.2659857126325
x1,"0.30/0.15, w=10",0.3,0.15,10,1,front_right,front,45.83737313431105,84.87882462845447,85.99345256088179,0.6044444444444445,75.83388937661755,119.66472549438474,128.90679000854493,136.33993530273438,2610.173187255913,4481.027954101657,5418.06144714367,32.733859583855576,30.529331279908114,37.096038699762616,56.24114725188611,61.38795048913836
x1,"0.30/0.15, w=10",0.3,0.15,10,2,rear_left,hind,46.537460821849514,86.17520389261952,87.15796938573021,0.5088888888888888,91.44915882022829,138.76850509643552,160.482742767334,327.56854248046875,2828.9353942871585,8024.271056644842,16378.427124023787,-15.518346753245527,11.844777580963584,62.74544542757432,44.438173444470785,62.74544542757432
x1,"0.30/0.15, w=10",0.3,0.15,10,3,rear_right,hind,41.699431187907436,77.21643857150536,77.77627130075594,0.5177777777777778,80.53538212256801,103.77975883483886,106.99589752197267,108.87727355957031,1506.463394165071,3040.9851074219387,3934.6134185791852,16.94226261971472,-11.909201961373627,-11.893289269570772,23.429539047613268,21.240121513378508
x1,"0.30/0.15, w=100",0.3,0.15,100,0,front_left,front,49.42362085137303,87.09741811108381,88.16015304046684,0.4622222222222222,106.92605304015242,172.78515701293924,212.94382995605451,611.049072265625,3426.0345458985094,10657.394165039272,30552.4536132819,-9.06957690708412,20.479442070232267,95.70511036115639,32.47605458694176,95.70511036115636
x1,"0.30/0.15, w=100",0.3,0.15,100,1,front_right,front,48.80851649810785,86.013442471189,87.42872603838708,0.5777777777777777,84.47627855441687,130.06595077514646,133.01769699096678,134.18527221679688,1653.0742645264015,4374.534286499114,4735.70899963389,34.50817969347189,34.69198197762435,34.92942645105697,52.52800531844821,41.06269871981662
x1,"0.30/0.15, w=100",0.3,0.15,100,2,rear_left,hind,47.45862321025194,83.63457548264327,84.70296054797105,0.5466666666666666,86.81455465289989,133.16142120361326,163.8210063171386,310.537109375,2795.169067382865,8129.752807617351,15526.855468750331,-18.009045685944525,14.171304021104469,54.28374105867961,46.336861977627606,54.28374105867961
x1,"0.30/0.15, w=100",0.3,0.15,100,3,rear_right,hind,40.79078170352512,71.88408513803122,72.39828801495294,0.4488888888888889,90.8705532999322,132.04134140014648,141.04011154174805,144.83094787597656,1786.776275634801,3470.011001586988,4599.07875061045,8.866553779284136,16.11974168091821,17.201487621205082,40.843129211879315,41.71477785864879
x1,"0.30/0.15, w=500",0.3,0.15,500,0,front_left,front,55.04101942160684,103.469527070188,104.75509620722715,0.47555555555555556,115.737819113464,178.86149444580076,243.9476850891113,726.6922607421875,2156.522674560585,12198.778900146743,36334.613037110146,8.023039921992826,38.02081516015863,132.74299158959474,51.63613866991832,132.7429915895947
x1,"0.30/0.15, w=500",0.3,0.15,500,1,front_right,front,51.62032860226101,97.0390999986991,98.00454819254641,0.6133333333333333,84.16357924281687,124.52407875061034,129.4256492614746,139.47523498535156,1499.7831726074523,6170.932693481576,6565.884399414203,51.75014887108931,31.054721380063533,40.248725883228055,115.16348782453059,95.57818542805585
x1,"0.30/0.15, w=500",0.3,0.15,500,2,rear_left,hind,47.130622654176875,88.5990718884982,89.81478601216577,0.49777777777777776,94.68205443919462,154.96732711791975,255.4300549316401,380.03125,737.6265907287622,12800.479248047095,19001.562500000404,-13.142113610833817,78.01613549651813,88.81042297074528,130.41069135753241,88.81042297074526
x1,"0.30/0.15, w=500",0.3,0.15,500,3,rear_right,hind,35.15516515888121,66.08686305755197,66.93899072490062,0.3688888888888889,95.3001465150359,134.1855628967284,153.02805541992186,171.66485595703125,2008.232192993204,3699.115936268805,3940.9873962403185,0.08681361589373271,25.989536388268842,38.91627988013189,50.14219365395538,21.43652754974037
