robot,condition,mirror_coeff,value_coeff,warmup_iterations,metric,sample_mean_unit,integral_unit,front_sample_mean,hind_sample_mean,front_integral,hind_integral,front_integral_per_s,hind_integral_per_s,front_integral_per_directed_m,hind_integral_per_directed_m,total_integral_per_directed_m,worst_pair_integral_per_directed_m,front_share_percent,signed_imbalance_percent,abs_imbalance_percent,dominant_pair,dominant_to_other_ratio,concentration_factor,bootstrap_ci_low_percent,bootstrap_ci_high_percent,abs_imbalance_change_vs_no_trs_pp,total_exposure_change_vs_no_trs_percent,total_per_directed_m_change_vs_no_trs_percent,worst_pair_per_directed_m_change_vs_no_trs_percent
go2,No TRS,0.0,0.0,,torque_squared,N^2 m^2,N^2 m^2 s,253.39800374276342,248.7233704512996,2280.582033684822,2238.5103340616483,253.3980037427634,248.72337045129956,450.94297051118355,442.6240690543153,893.5670395654989,450.94297051118355,50.46548837907636,0.9309767581527314,0.9309767581527314,front,1.0187945076611895,1.0093097675815275,-5.336888583683167,6.941234773074948,,,,
go2,No TRS,0.0,0.0,,normalized_torque_utilization,1,s,0.29093131284770046,0.2524871046316934,2.618381815629248,2.272383941685192,0.2909313128477004,0.2524871046316934,0.5177366375918309,0.4493219492524727,0.9670585868443036,0.5177366375918309,53.53725664970353,7.0745132994070525,7.0745132994070525,front,1.1522620661046676,1.0707451329940705,1.6753275284837406,12.403823161756405,,,,
go2,No TRS,0.0,0.0,,absolute_work,W,J,51.793017631876396,55.926685313743135,466.1371586868776,503.3401678236775,51.793017631876396,55.926685313743135,92.17001269815033,99.5262205452309,191.69623324338122,99.5262205452309,48.08128523899033,-3.8374295220193417,3.8374295220193417,hind,1.0798112925423107,1.0383742952201933,-6.848247145999754,-0.84189912811024,,,,
go2,No TRS,0.0,0.0,,positive_work,W,J,28.417081992676362,27.81190000560264,255.7537379340818,250.30710005041843,28.417081992676362,27.81190000560264,50.57057742272487,49.49360539090128,100.06418281362615,50.57057742272487,50.53814062211925,1.0762812442385046,1.0762812442385046,front,1.0217598217652089,1.010762812442385,-2.734542719780598,5.2730536764575335,,,,
go2,No TRS,0.0,0.0,,negative_work,W,J,23.375935639200033,28.114785308140497,210.38342075279581,253.0330677732591,23.375935639200033,28.114785308140497,41.59943527542546,50.03261515432962,91.63205042975507,50.03261515432962,45.398345972095754,-9.203308055808497,9.203308055808497,hind,1.2027234221587135,1.092033080558085,-12.313492025068886,-6.1832200291238895,,,,
go2,No TRS,0.0,0.0,,grf_impulse,N,N s,96.51793573524927,67.83448322021025,868.661421617225,610.5103489818792,96.51793573524928,67.83448322021025,171.7617503105677,120.71714423395977,292.4788945445274,171.7617503105677,58.726203331029886,17.452406662059783,17.452406662059783,front,1.422844711913324,1.1745240666205976,13.44148054433165,21.26740932620052,,,,
go2,No TRS,0.0,0.0,,vertical_grf_impulse,N,N s,94.64476883543863,66.25910557961137,851.8029195189295,596.3319502164896,94.64476883543863,66.25910557961137,168.42829292894865,117.91362777986123,286.34192070880994,168.42829292894865,58.820689793524394,17.641379587048792,17.641379587048792,front,1.4284039605955958,1.1764137958704879,13.63689923762993,21.48833049080299,,,,
go2,No TRS,0.0,0.0,,contact_time,feet,foot s,1.191111111111111,1.1844444444444444,10.719999999999771,10.659999999999773,1.191111111111111,1.1844444444444444,2.11968198138838,2.107818089701505,4.227500071089884,2.11968198138838,50.14031805425631,0.2806361085126286,0.2806361085126286,front,1.0056285178236397,1.0028063610851263,-3.2497678737233056,3.8862559241706163,,,,
go2,"0.10/0.05, w=10",0.1,0.05,10,torque_squared,N^2 m^2,N^2 m^2 s,273.2770583444467,208.4516561848477,2459.4935250999674,1876.0649056635896,273.27705834444663,208.45165618484774,483.11573544131625,368.51346319298375,851.6291986343001,483.11573544131625,56.72841375284645,13.456827505692909,13.456827505692909,front,1.3109853063585832,1.134568275056929,11.606343100267214,15.40107926556666,12.525850747540177,-4.061300855296213,-4.693306609831005,7.134552933303739
go2,"0.10/0.05, w=10",0.1,0.05,10,normalized_torque_utilization,1,s,0.3106479878689286,0.21337672161035343,2.7958318908202977,1.9203904944931398,0.3106479878689286,0.21337672161035343,0.5491823281173442,0.3772202921509446,0.9264026202682888,0.5491823281173442,59.281171717573464,18.562343435146914,18.562343435146914,front,1.4558663453279685,1.1856234343514693,16.579656026096874,20.639546740854186,11.487830135739863,-3.568835243028412,-4.204085163928173,6.073684619226105
go2,"0.10/0.05, w=10",0.1,0.05,10,absolute_work,W,J,51.26627932653796,144.50345309306752,461.39651393883184,1300.53107783758,51.26627932653796,144.50345309306752,90.6316336622834,255.46195658646928,346.09359024875266,255.46195658646928,26.187030391733767,-47.625939216532466,47.625939216532466,hind,2.818684230479456,1.4762593921653246,-52.2250257515326,-42.494576039790324,43.788509694513124,81.73994827894808,80.54271823345928,156.6780444258621
go2,"0.10/0.05, w=10",0.1,0.05,10,positive_work,W,J,23.377315552618207,124.85201433726068,210.39583997355936,1123.6681290353222,23.377315552618207,124.85201433726068,41.32783433877435,220.72095291602878,262.04878725480313,220.72095291602878,15.771045831473065,-68.45790833705387,68.45790833705387,hind,5.340733586636193,1.6845790833705387,-73.31583497368895,-62.85334187809444,67.38162709281536,163.61731018785957,161.88070485008637,336.4612076128748
go2,"0.10/0.05, w=10",0.1,0.05,10,negative_work,W,J,27.88896377391976,19.651438755806836,251.00067396527248,176.86294880225776,27.88896377391976,19.651438755806836,49.30379932350905,34.741003670440506,84.04480299394956,49.30379932350905,58.663709791857634,17.327419583715283,17.327419583715283,front,1.4191817769922217,1.1732741958371529,13.901749130953577,20.86423900783681,8.124111527906786,-7.6719034904442545,-8.280124039810588,-1.4566814638261039
go2,"0.10/0.05, w=10",0.1,0.05,10,grf_impulse,N,N s,103.41268652289399,62.59370680091746,930.7141787060261,563.3433612082451,103.41268652289399,62.59370680091746,182.81921067994944,110.65694602511398,293.47615670506343,182.81921067994944,62.294399903729975,24.58879980745994,24.58879980745994,front,1.6521259373854216,1.2458879980745994,22.147597270224175,26.79981356477226,7.136393145400156,1.0063583967085954,0.3409689311391295,6.437673317480996
go2,"0.10/0.05, w=10",0.1,0.05,10,vertical_grf_impulse,N,N s,101.2024443116453,60.560998604809214,910.8219988047882,545.0489874432712,101.2024443116453,60.56099860480921,178.91181063012542,107.06340136004135,285.97521199016677,178.91181063012542,62.56199947717052,25.123998954341033,25.123998954341033,front,1.6710828196879948,1.2512399895434103,22.6303369751059,27.3889608146002,7.482619367292241,0.534212432441028,-0.12806672447240874,6.224321056082438
go2,"0.10/0.05, w=10",0.1,0.05,10,contact_time,feet,foot s,1.191111111111111,1.191111111111111,10.719999999999771,10.719999999999771,1.191111111111111,1.191111111111111,2.1057183648085824,2.1057183648085824,4.211436729617165,2.1057183648085824,50.0,0.0,0.0,front,1.0,1.0,-1.9534883720930232,2.1435228331780056,-0.2806361085126286,0.280636108512633,-0.3799725890620276,-0.6587599792045817
go2,"0.10/0.05, w=100",0.1,0.05,100,torque_squared,N^2 m^2,N^2 m^2 s,282.93025745759144,186.04687600043417,2546.3723171182687,1674.421884003872,282.93025745759144,186.0468760004342,527.3533946454236,346.77256686380133,874.1259615092248,527.3533946454236,60.32922231653205,20.65844463306408,20.65844463306408,front,1.520747155447701,1.2065844463306408,15.36836005876167,25.509062514923528,19.727467874911348,-6.600842433611998,-2.175670900498683,16.944587038937996
go2,"0.10/0.05, w=100",0.1,0.05,100,normalized_torque_utilization,1,s,0.3249254359994135,0.18046789382728012,2.9243289239946586,1.6242110444454865,0.3249254359994134,0.18046789382728012,0.6056281615854352,0.33637390814798657,0.9420020697334217,0.6056281615854352,64.29159563914999,28.58319127829998,28.58319127829998,front,1.8004611740545322,1.2858319127829998,24.340414233207582,32.43294527465465,21.50867797889293,-6.997386623198542,-2.5910030117871186,16.976106694403104
go2,"0.10/0.05, w=100",0.1,0.05,100,absolute_work,W,J,47.31249974790937,55.01726614038001,425.81249773117526,495.1553952634095,47.31249974790937,55.01726614038001,88.18571606806876,102.54662164434276,190.73233771241152,102.54662164434276,46.23532491959293,-7.5293501608141264,7.5293501608141264,hind,1.162848431884242,1.0752935016081413,-9.347481958837593,-5.460913239767991,3.6919206387947847,-5.0036686975001965,-0.5028244502571444,3.0347792597421153
go2,"0.10/0.05, w=100",0.1,0.05,100,positive_work,W,J,22.623774161682515,26.635226418688738,203.6139674551383,239.71703776819353,22.623774161682515,26.635226418688738,42.1684276933265,49.64536912829255,91.81379682161905,49.64536912829255,45.928203770130175,-8.143592459739649,8.143592459739649,hind,1.177311364069411,1.0814359245973966,-12.104020538163477,-3.9857026093797203,7.067311215501144,-12.395709774936137,-8.245094058654134,-1.8295387191219925
go2,"0.10/0.05, w=100",0.1,0.05,100,negative_work,W,J,24.688725586226855,28.38203972169127,222.19853027603696,255.43835749521597,24.688725586226855,28.382039721691267,46.01728837474226,52.90125251605021,98.91854089079247,52.90125251605021,46.5203873412832,-6.959225317433613,6.959225317433613,hind,1.1495951713896813,1.0695922531743363,-10.681565282940317,-2.9189985660296256,-2.2440827383748845,3.0686001895244397,7.95190157468233,5.733534721045541
go2,"0.10/0.05, w=100",0.1,0.05,100,grf_impulse,N,N s,109.56756141860184,57.08569843392326,986.1080527673955,513.7712859052984,109.56756141860184,57.08569843392326,204.22285681403804,106.40197031364427,310.6248271276823,204.22285681403804,65.74582550353976,31.491651007079525,31.491651007079525,front,1.9193522094754847,1.3149165100707951,27.04620177244611,35.711228048975414,14.039244345019743,1.3999434335609795,6.204185300759302,18.898914598143325
go2,"0.10/0.05, w=100",0.1,0.05,100,vertical_grf_impulse,N,N s,107.83454821621444,56.09984829422948,970.5109339459093,504.8986346480546,107.83454821621444,56.09984829422949,200.99269541858774,104.56444532621126,305.557140744799,200.99269541858774,65.77908633673746,31.55817267347493,31.55817267347493,front,1.9221896581725064,1.3155817267347494,27.02655707811415,35.79254662741486,13.91679308642614,1.8834363724373304,6.71058571808969,19.334282811603607
go2,"0.10/0.05, w=100",0.1,0.05,100,contact_time,feet,foot s,1.3044444444444445,0.8866666666666667,11.73999999999975,7.97999999999983,1.3044444444444445,0.8866666666666667,2.431352560470672,1.652657021512433,4.084009581983105,2.431352560470672,59.53346855983773,19.066937119675455,19.066937119675455,front,1.4711779448621554,1.1906693711967544,15.206445115810675,23.139653414882773,18.786301011162827,-7.76426566884939,-3.39421612522377,14.70364808583926
go2,"0.10/0.05, w=500",0.1,0.05,500,torque_squared,N^2 m^2,N^2 m^2 s,308.03487442933,240.1671450051197,2772.3138698639104,2161.5043050460313,308.03487442932993,240.1671450051197,543.9761531124075,424.12470304185535,968.1008561542629,543.9761531124075,56.19002913325873,12.380058266517464,12.380058266517464,front,1.2825854028566792,1.1238005826651747,9.998164373110308,14.438468713193153,11.449081508364733,9.177192529266275,8.341155536019595,20.630808923745427
go2,"0.10/0.05, w=500",0.1,0.05,500,normalized_torque_utilization,1,s,0.35456022754924,0.2653237649337342,3.191042047943092,2.3879138844035572,0.35456022754924,0.2653237649337342,0.6261378974903851,0.46855019661439634,1.0946880941047814,0.6261378974903851,57.19783569971415,14.395671399428295,14.395671399428295,front,1.336330455124489,1.143956713994283,12.35539283747799,16.053194135646887,7.3211581000212425,14.071215208027056,13.197701669446648,20.937529243200803
go2,"0.10/0.05, w=500",0.1,0.05,500,absolute_work,W,J,54.901846216925314,152.4534418830917,494.1166159523173,1372.0809769477962,54.901846216925314,152.45344188309173,96.95426584142757,269.2261290152601,366.18039485668766,269.2261290152601,26.47718643685789,-47.04562712628422,47.04562712628422,hind,2.776836343184628,1.4704562712628422,-48.76885697171086,-44.894907181257025,43.208197604264875,92.49522829142671,91.0211737920682,170.50773910670807
go2,"0.10/0.05, w=500",0.1,0.05,500,positive_work,W,J,26.094398050141105,131.53637967251242,234.84958245126495,1183.8274170525865,26.094398050141105,131.53637967251242,46.081568833389525,232.28750946186176,278.3690782952513,232.28750946186176,16.554126311584525,-66.89174737683095,66.89174737683095,hind,5.04078995881651,1.6689174737683095,-69.70848957305205,-63.75296142488015,65.81546613259245,180.3372426829248,178.190527787276,359.33331454799423
go2,"0.10/0.05, w=500",0.1,0.05,500,negative_work,W,J,28.80744816678421,20.9170622105793,259.26703350105237,188.2535598952097,28.807448166784212,20.9170622105793,50.87269700803805,36.938619553398304,87.81131656143636,50.87269700803805,57.93410120715529,15.868202414310579,15.868202414310579,front,1.3772224740152161,1.1586820241431057,9.19328181557694,22.72433384623979,6.664894358502082,-3.430153117846846,-4.169647902016205,1.6790684458870109
go2,"0.10/0.05, w=500",0.1,0.05,500,grf_impulse,N,N s,102.76581763744659,63.43902201459728,924.8923587369995,570.9511981313633,102.76581763744659,63.43902201459728,181.47995175362715,112.03054594596288,293.51049769959,181.47995175362715,61.83082144454441,23.661642889088817,23.661642889088817,front,1.6199149100028725,1.236616428890888,19.139019225165747,27.797342213498144,6.209236227029034,1.1271027882384654,0.35271028929082515,5.65795436148484
go2,"0.10/0.05, w=500",0.1,0.05,500,vertical_grf_impulse,N,N s,101.06286121050516,60.322818609713,909.5657508945271,542.9053674874054,101.06286121050516,60.322818609713,178.4726049791366,106.52746664805815,285.00007162719476,178.4726049791366,62.621950920978904,25.243901841957797,25.243901841957797,front,1.675367025940534,1.2524390184195782,20.553831133679658,29.614896267576146,7.602522254909005,0.29943679536601486,-0.46861775540709694,5.9635539109959
go2,"0.10/0.05, w=500",0.1,0.05,500,contact_time,feet,foot s,1.3066666666666666,1.2644444444444445,11.75999999999975,11.379999999999757,1.3066666666666666,1.2644444444444445,2.3075163422660383,2.2329537393696866,4.540470081635725,2.3075163422660383,50.821089023336214,1.6421780466724287,1.6421780466724287,front,1.0333919156414764,1.0164217804667244,-1.7123287671232876,5.336832895888014,1.3615419381598002,8.231992516370434,7.403193501665739,8.861440656047282
go2,"0.20/0.10, w=10",0.2,0.1,10,torque_squared,N^2 m^2,N^2 m^2 s,273.6566786816705,158.24855693791588,2462.910108134982,1424.2370124412125,273.6566786816705,158.24855693791588,488.893844853938,282.7146255544577,771.6084704083958,488.893844853938,63.36035225159945,26.720704503198892,26.720704503198892,front,1.7292838808573248,1.267207045031989,21.84396318998334,30.988475426755816,25.78972774504616,-13.98389755607955,-13.648508030959384,8.415892213539511
go2,"0.20/0.10, w=10",0.2,0.1,10,normalized_torque_utilization,1,s,0.3175801097865877,0.14983409066742367,2.858220988079228,1.3485068160067843,0.3175801097865877,0.14983409066742367,0.5673640477940218,0.26768199128003517,0.8350460390740572,0.5673640477940218,67.94404395033656,35.88808790067311,35.88808790067311,front,2.1195450806418825,1.358880879006731,31.778229023898735,39.429561000166984,28.813574601266062,-13.986315991629883,-13.650935896348171,9.585454572623053
go2,"0.20/0.10, w=10",0.2,0.1,10,absolute_work,W,J,59.22180913947407,49.80489565187858,532.9962822552553,448.2440608668977,59.221809139474075,49.80489565187859,105.80110125170079,88.97757235488591,194.7786736065867,105.80110125170079,54.31862703069716,8.637254061394307,8.637254061394307,front,1.1890760609843842,1.086372540613943,7.469171579325985,9.744693599445412,4.799824539374965,1.2133359171933034,1.607981706814221,6.304751322912128
go2,"0.20/0.10, w=10",0.2,0.1,10,positive_work,W,J,29.529916984963023,24.29787499701824,265.76925286466155,218.68087497315952,29.529916984963023,24.29787499701824,52.75586447422294,43.40870314694891,96.16456762117184,52.75586447422294,54.85998198634657,9.719963972693133,9.719963972693133,front,1.2153292001290994,1.0971996397269312,6.103063244495784,12.696025094192729,8.643682728454628,-4.270377892260669,-3.8971139150933864,4.321261814416366
go2,"0.20/0.10, w=10",0.2,0.1,10,negative_work,W,J,29.691892154511045,25.50702065486034,267.2270293905937,229.56318589373817,29.691892154511045,25.50702065486034,53.04523677747783,45.568869207937,98.61410598541484,53.04523677747783,53.7907191343633,7.581438268726589,7.581438268726589,front,1.164067436815804,1.0758143826872657,3.7456750262172442,11.245194632289936,-1.6218697870819083,7.201670114161396,7.61966530587701,6.021315523595039
go2,"0.20/0.10, w=10",0.2,0.1,10,grf_impulse,N,N s,108.11122637521262,56.65950147145414,973.0010373768929,509.9355132430764,108.11122637521262,56.65950147145414,193.14315071380128,101.22348065953469,294.36663137333596,193.14315071380128,65.61312666884578,31.226253337691574,31.226253337691574,front,1.9080864385946035,1.3122625333769158,27.963819522693143,34.23570715226371,13.773846675631791,0.25451946120769176,0.6454266834358346,12.448289776142364
go2,"0.20/0.10, w=10",0.2,0.1,10,vertical_grf_impulse,N,N s,106.10611540078192,55.75213041225691,954.955038607017,501.76917371030146,106.10611540078192,55.7521304122569,189.56097461500937,99.6024417432649,289.1634163582743,189.56097461500937,65.55496438738392,31.10992877476783,31.10992877476783,front,1.9031759793963832,1.3110992877476784,27.71871382950887,34.13112098647192,13.468549187719038,0.5931313969028684,0.9853589172273525,12.546990365196864
go2,"0.20/0.10, w=10",0.2,0.1,10,contact_time,feet,foot s,1.2466666666666666,1.0666666666666667,11.21999999999976,9.599999999999795,1.2466666666666666,1.0666666666666667,2.2271981917418953,1.905624121276488,4.132822313018383,2.2271981917418953,53.89048991354467,7.780979827089337,7.780979827089337,front,1.16875,1.0778097982708932,3.9765291453799585,11.641221374045802,7.500343718576708,-2.6192703461178635,-2.239568456047192,5.072280242864213
go2,"0.20/0.10, w=100",0.2,0.1,100,torque_squared,N^2 m^2,N^2 m^2 s,292.39318171037604,187.04983722210036,2631.5386353933286,1683.4485349988674,292.3931817103761,187.04983722210036,518.8523673090998,331.92036243718104,850.7727297462809,518.8523673090998,60.9860129700952,21.972025940190402,21.972025940190402,front,1.563183299449721,1.219720259401904,17.625183043121666,25.86512100888238,21.04104918203767,-4.516508642554151,-4.789154917803029,15.059420201391527
go2,"0.20/0.10, w=100",0.2,0.1,100,normalized_torque_utilization,1,s,0.3385733620486866,0.17948472887774883,3.0471602584381143,1.615362559899705,0.3385733620486866,0.17948472887774883,0.600799202564059,0.3184960604392479,0.9192952630033071,0.600799202564059,65.35432376767265,30.70864753534531,30.70864753534531,front,1.8863630581033815,1.307086475353453,26.968460659372305,34.21426594903275,23.63413423593826,-4.666813957206384,-4.93903104638751,16.043401015346426
go2,"0.20/0.10, w=100",0.2,0.1,100,absolute_work,W,J,68.52900126803542,60.34444312233387,616.7610114123056,543.0999881009933,68.52900126803542,60.34444312233388,121.6048689277172,107.08135184556247,228.68622077327964,121.6048689277172,53.1754246130451,6.350849226090196,6.350849226090196,front,1.1356306848189703,1.063508492260902,2.8313671274292864,9.450484816978385,2.513419704070854,19.6377643702089,19.296147297237297,22.183750434341466
go2,"0.20/0.10, w=100",0.2,0.1,100,positive_work,W,J,40.54416517949055,27.533066416785392,364.89748661540716,247.79759775106325,40.54416517949055,27.533066416785392,71.94571351115515,48.85748910444182,120.80320261559696,71.94571351115515,59.556130924848674,19.11226184969735,19.11226184969735,front,1.4725626476088043,1.1911226184969734,10.838657969773166,26.39934775385336,18.035980605458846,21.07142825093218,20.725717453365043,42.267929649592936
go2,"0.20/0.10, w=100",0.2,0.1,100,negative_work,W,J,27.984836088544867,32.81137670554848,251.86352479689845,295.30239034993,27.984836088544867,32.81137670554848,49.65915541656205,58.22386274112064,107.88301815768268,58.22386274112064,46.03055815881961,-7.938883682360779,7.938883682360779,hind,1.1724698548075212,1.0793888368236078,-10.291107359999687,-5.303167265241652,-1.264424373447718,18.072172375037287,17.73502573794916,16.371815787610664
go2,"0.20/0.10, w=100",0.2,0.1,100,grf_impulse,N,N s,106.21205123624812,59.58760628113031,955.9084611262126,536.2884565301614,106.21205123624812,59.58760628113031,188.47352697597844,105.73834314601564,294.2118701219941,188.47352697597844,64.06047685901609,28.120953718032148,28.120953718032148,front,1.7824520544615738,1.2812095371803214,24.49002866067831,31.45248171987281,10.668547055972365,0.8805702837334728,0.5925130359116793,9.729626436149896
go2,"0.20/0.10, w=100",0.2,0.1,100,vertical_grf_impulse,N,N s,103.85683602240795,58.06966056300534,934.7115242016516,522.6269450670369,103.85683602240795,58.069660563005336,184.29419221148382,103.0447450098047,287.3389372212885,184.29419221148382,64.13825915613837,28.276518312276767,28.276518312276767,front,1.7884870518525542,1.2827651831227678,24.671805387827668,31.531294926864174,10.635138725227975,0.6355485062624622,0.34819090058855195,9.419972741294824
go2,"0.20/0.10, w=100",0.2,0.1,100,contact_time,feet,foot s,1.3044444444444445,1.0177777777777777,11.73999999999975,9.159999999999805,1.3044444444444445,1.0177777777777777,2.3147396394954503,1.80604898618214,4.12078862567759,2.3147396394954503,56.17224880382775,12.344497607655502,12.344497607655502,front,1.2816593886462881,1.123444976076555,8.952380952380953,15.869980879541108,12.063861499142872,-2.2450888681010306,-2.524221019936812,9.202213342366994
go2,"0.20/0.10, w=500",0.2,0.1,500,torque_squared,N^2 m^2,N^2 m^2 s,369.4590980869228,160.59477082502724,3325.131882782234,1445.3529374252143,369.4590980869227,160.59477082502724,655.2530344867547,284.82235638719203,940.0753908739467,655.2530344867547,69.70217929836402,39.40435859672804,39.40435859672804,front,2.3005674231414384,1.3940435859672804,34.24808357893941,43.86626229521136,38.47338183857531,5.562896971418607,5.204797094022484,45.30729545334029
go2,"0.20/0.10, w=500",0.2,0.1,500,normalized_torque_utilization,1,s,0.3892390317899642,0.15596230544366796,3.5031512861096035,1.4036607489929818,0.3892390317899642,0.15596230544366796,0.6903336743951417,0.27660646181588994,0.9669401362110317,0.6903336743951417,71.39363116109998,42.787262322199965,42.787262322199965,front,2.4957250451170943,1.4278726232219996,38.280765020468635,46.71653928138918,35.71274902279291,0.3280933617429316,-0.012248547800852716,33.336840445775366
go2,"0.20/0.10, w=500",0.2,0.1,500,absolute_work,W,J,62.57594638551482,47.87636665538956,563.1835174696214,430.88729989849685,62.575946385514825,47.87636665538956,110.9813751165014,84.9109811981509,195.89235631465232,110.9813751165014,56.65426523240011,13.308530464800215,13.308530464800215,front,1.3070320652344343,1.133085304648002,11.087756327899037,15.704248719399605,9.471100942780874,2.536778342829593,2.1889439350347706,11.50968509455712
go2,"0.20/0.10, w=500",0.2,0.1,500,positive_work,W,J,30.971188122224994,26.066650383431696,278.74069310001903,234.59985345088026,30.971188122224998,26.066650383431696,54.92885438153021,46.23042672677794,101.15928110830815,54.92885438153021,54.29937201977499,8.598744039549977,8.598744039549977,front,1.1881537392280632,1.0859874403954997,3.008627539698467,14.29376185987035,7.522462795311473,1.4385046263196477,1.094395880613619,8.618206832747898
go2,"0.20/0.10, w=500",0.2,0.1,500,negative_work,W,J,31.604758263289824,21.80971627195786,284.44282436960236,196.28744644761656,31.604758263289824,21.80971627195786,56.052520734971196,38.68055447137296,94.73307520634415,56.052520734971196,59.16890232147497,18.33780464294994,18.33780464294994,front,1.4491136825987083,1.1833780464294994,15.4454673574233,21.171443826913766,9.134496587141443,3.7361170178109804,3.384214106358252,12.031962674892549
go2,"0.20/0.10, w=500",0.2,0.1,500,grf_impulse,N,N s,105.17425485199345,59.047313370758026,946.5682936679209,531.425820336811,105.17425485199345,59.04731337075803,186.53147262714901,104.72317900634484,291.25465163349384,186.53147262714901,64.04411795004553,28.08823590009107,28.08823590009107,front,1.78118611750554,1.2808823590009106,24.501462598299625,31.21866231954098,10.635829238031288,-0.07961594574613651,-0.418574787401349,8.598958900847098
go2,"0.20/0.10, w=500",0.2,0.1,500,vertical_grf_impulse,N,N s,103.27254888034489,58.11749491327339,929.4529399230842,523.0574542194494,103.27254888034489,58.11749491327339,183.1587079149612,103.0741023725756,286.23281028753684,183.1587079149612,63.98941747138215,27.978834942764312,27.978834942764312,front,1.7769614646063931,1.279788349427643,24.329065103596278,31.106281425483463,10.33745535571552,0.30214895715574563,-0.03810494146404553,8.745807922085014
go2,"0.20/0.10, w=500",0.2,0.1,500,contact_time,feet,foot s,1.2533333333333334,1.0377777777777777,11.27999999999976,9.339999999999801,1.2533333333333334,1.0377777777777777,2.222845435780418,1.8405475505486792,4.063392986329097,2.222845435780418,54.704170708050434,9.408341416100873,9.408341416100873,front,1.2077087794432548,1.0940834141610085,7.392996108949417,11.326234269119071,9.127705307588243,-3.5547240411599623,-3.8818943110858206,4.866930761211008
go2,"0.30/0.15, w=10",0.3,0.15,10,torque_squared,N^2 m^2,N^2 m^2 s,188.64546887631806,231.84712237879006,1697.8092198868264,2086.624101409066,188.64546887631806,231.84712237879006,441.5416278700376,542.6589699815789,984.2005978516166,542.6589699815789,44.86297090591757,-10.274058188164853,10.274058188164853,hind,1.2290097597350529,1.1027405818816485,-17.206341989422405,-4.125843045983893,9.343081430012122,-16.25678314729666,10.142894072076425,20.338713644083906
go2,"0.30/0.15, w=10",0.3,0.15,10,normalized_torque_utilization,1,s,0.24843413264794373,0.27009308048842545,2.2359071938314456,2.4308377243957775,0.2484341326479437,0.27009308048842545,0.5814823541813918,0.6321770628558343,1.2136594170372261,0.6321770628558343,47.911493621571445,-4.177012756857102,4.177012756857102,hind,1.087181852226299,1.0417701275685711,-10.407891351076994,1.4176379104891943,-2.8975005425499507,-4.580485964844671,25.500092088280613,22.103984333869974
go2,"0.30/0.15, w=10",0.3,0.15,10,absolute_work,W,J,68.56857279589813,217.29508991824443,617.11715516307,1955.6558092641583,68.56857279589813,217.29508991824443,160.49089031062738,508.5986337343321,669.0895240449595,508.5986337343321,23.98645988961011,-52.02708022077979,52.02708022077979,hind,3.169018707229726,1.5202708022077978,-62.10242365050955,-43.03481709148394,48.189650698760445,165.37732178713492,249.03634397211687,411.01974027356266
go2,"0.30/0.15, w=10",0.3,0.15,10,positive_work,W,J,53.11959065990367,207.99712344050977,478.0763159391229,1871.974110964548,53.11959065990367,207.99712344050977,124.33116295595433,486.83590983264287,611.1670727885972,486.83590983264287,20.34323648829172,-59.31352702341656,59.31352702341656,hind,3.9156386722217813,1.5931352702341655,-70.70992481529056,-49.44525592891805,58.23724577917806,364.3810092603231,510.77506017005334,862.6860808076789
go2,"0.30/0.15, w=10",0.3,0.15,10,negative_work,W,J,15.448982135994463,9.297966477734654,139.04083922394722,83.6816982996101,15.448982135994465,9.297966477734654,36.15972735467307,21.76272390168912,57.922451256362194,36.15972735467307,62.42782646513305,24.855652930266103,24.855652930266103,front,1.6615441852785036,1.248556529302661,13.955514327328665,35.59490523443165,15.652344874457606,-51.93901316892071,-36.78800050342056,-27.72768874236238
go2,"0.30/0.15, w=10",0.3,0.15,10,grf_impulse,N,N s,102.46552452739715,68.71752599541635,922.1897207465546,618.457733958734,102.46552452739714,68.71752599541635,239.82974396298275,160.8395286245158,400.6692725874985,239.82974396298275,59.85728389256716,19.714567785134317,19.714567785134317,front,1.4911119549651985,1.1971456778513432,16.6766731108626,22.83677357111666,2.2621611230745344,4.156088246687206,36.99083252193434,39.629308346788065
go2,"0.30/0.15, w=10",0.3,0.15,10,vertical_grf_impulse,N,N s,96.25971816851033,66.23020037562189,866.3374635165745,596.0718033805842,96.25971816851033,66.23020037562188,225.3044979643862,155.01772007672102,380.32221804110725,225.3044979643862,59.240424902032444,18.48084980406488,18.48084980406488,front,1.4534112477778607,1.184808498040649,15.177289950039325,21.89016665261154,0.839470217016089,0.9857090979618288,32.82100542584152,33.76879504409081
go2,"0.30/0.15, w=10",0.3,0.15,10,contact_time,feet,foot s,1.88,1.2822222222222222,16.91999999999964,11.539999999999754,1.88,1.2822222222222222,4.400308501127633,3.001156034457026,7.401464535584658,4.400308501127633,59.45186226282502,18.903724525650034,18.903724525650034,front,1.466204506065858,1.1890372452565003,16.92524682651622,20.85342388921681,18.623088417137406,33.115060804490184,75.07899257530941,107.59286250315037
go2,"0.30/0.15, w=100",0.3,0.15,100,torque_squared,N^2 m^2,N^2 m^2 s,293.12780598966697,129.14226310887727,2638.1502539069465,1162.2803679798708,293.12780598966697,129.14226310887727,572.9643407962894,252.42883868112872,825.3931794774181,572.9643407962894,69.41714022389314,38.8342804477863,38.8342804477863,front,2.269805398582312,1.3883428044778632,33.98907843051237,43.4917161487777,37.90330368963357,-15.902789484651036,-7.629406308588848,27.059157867963645
go2,"0.30/0.15, w=100",0.3,0.15,100,normalized_torque_utilization,1,s,0.344273080715195,0.1231037231537597,3.098457726436689,1.1079335083838138,0.34427308071519497,0.12310372315375971,0.6729358140552619,0.24062556381583683,0.9135613778710988,0.6729358140552619,73.6607118422,47.32142368440001,47.32142368440001,front,2.7966098172773304,1.473214236844,43.57051594238307,50.82655188827078,40.24691038499296,-13.993197721040184,-5.531951186926154,29.97647166430315
go2,"0.30/0.15, w=100",0.3,0.15,100,absolute_work,W,J,38.584875295596234,56.21837025817361,347.26387766035873,505.9653323235517,38.584875295596234,56.21837025817361,75.42019960817927,109.88763535026642,185.3078349584457,109.88763535026642,40.699951853137705,-18.600096293724594,18.600096293724594,hind,1.4570053635650837,1.186000962937246,-20.993040483155294,-16.06311754785505,14.762666771705252,-11.99080301806099,-3.3325632835073393,10.410738746305203
go2,"0.30/0.15, w=100",0.3,0.15,100,positive_work,W,J,17.03010488881723,30.635543661100222,153.2709439993518,275.7198929498961,17.03010488881723,30.635543661100222,33.28801506349348,59.881982261815835,93.16999732530932,59.881982261815835,35.72825589687004,-28.54348820625992,28.54348820625992,hind,1.7989051659462747,1.2854348820625991,-30.941727720543387,-25.982433578545326,27.467206962021415,-15.229394422654941,-6.88976344428609,18.412692347283155
go2,"0.30/0.15, w=100",0.3,0.15,100,negative_work,W,J,21.554770406779006,25.58282659707339,193.9929336610069,230.24543937365559,21.554770406779003,25.58282659707339,42.132184544685785,50.005653088450586,92.13783763313636,50.005653088450586,45.72734245451122,-8.545315090977553,8.545315090977553,hind,1.1868753929769327,1.0854531509097758,-11.579968186804233,-5.26750918169827,-0.6579929648309442,-8.454191091905805,0.5519763019698365,-0.053888979810201576
go2,"0.30/0.15, w=100",0.3,0.15,100,grf_impulse,N,N s,116.32406867780107,50.61855985126669,1046.9166181001872,455.5670386613905,116.32406867780105,50.61855985126669,227.3736642066227,98.94192630180198,326.31559050842463,227.3736642066227,69.67906861341105,39.358137226822116,39.358137226822116,front,2.298051722917402,1.393581372268221,36.484904250558586,41.98345447107577,21.905730564762333,1.5760094010603964,11.568935945477566,32.37735630633794
go2,"0.30/0.15, w=100",0.3,0.15,100,vertical_grf_impulse,N,N s,113.56038531661034,49.19131379205132,1022.0434678494712,442.72182412845245,113.56038531661034,49.19131379205132,221.97161096275494,96.15214968981704,318.123760652572,221.97161096275494,69.77523794746463,39.55047589492925,39.55047589492925,front,2.3085454842021362,1.3955047589492926,36.67112810678847,42.18880129533073,21.909096307880457,1.1484028587436024,11.099261982000197,31.78997845474423
go2,"0.30/0.15, w=100",0.3,0.15,100,contact_time,feet,foot s,1.2733333333333334,0.9733333333333334,11.459999999999756,8.759999999999813,1.2733333333333334,0.9733333333333334,2.4889300129138667,1.9025328894524844,4.391462902366351,2.4889300129138667,56.676557863501486,13.353115727002967,13.353115727002967,front,1.3082191780821917,1.1335311572700295,10.433070866141732,15.956392467789891,13.072479618490338,-5.425631431244149,3.878482046582099,17.419973126517373
go2,"0.30/0.15, w=500",0.3,0.15,500,torque_squared,N^2 m^2,N^2 m^2 s,241.19223741098972,138.6392801203398,2170.7301366988613,1247.7535210830315,241.19223741098972,138.63928012033978,438.2116516091267,251.8876584568981,690.0993100660248,438.2116516091267,63.499795640601505,26.99959128120301,26.99959128120301,front,1.7397106880649793,1.2699959128120302,25.216147587963853,28.94481458588997,26.06861452305028,-24.354640719888998,-22.770281410380942,-2.823265852802803
go2,"0.30/0.15, w=500",0.3,0.15,500,normalized_torque_utilization,1,s,0.268165527882216,0.14177786421555183,2.4134897509398923,1.2760007779399394,0.268165527882216,0.14177786421555183,0.4872182460733903,0.2575900149458153,0.7448082610192056,0.4872182460733903,65.41525807013397,30.830516140267928,30.830516140267928,front,1.891448494911101,1.3083051614026793,29.57469204348806,32.320225105828875,23.756002840860877,-24.562109249211705,-22.982095278254356,-5.8945783053700795
go2,"0.30/0.15, w=500",0.3,0.15,500,absolute_work,W,J,58.654914244950696,80.89647782949034,527.894228204545,728.0683004653976,58.654914244950696,80.89647782949034,106.56755425537749,146.97728061046968,253.54483486584715,146.97728061046968,42.031049187715986,-15.937901624568031,15.937901624568031,hind,1.379193523183001,1.1593790162456805,-20.922025784037164,-10.428925159390602,12.10047210254869,29.550479864292956,32.26385859337244,47.67694362881394
go2,"0.30/0.15, w=500",0.3,0.15,500,positive_work,W,J,33.67869518830958,62.66261745024978,303.1082566947798,563.9635570522361,33.67869518830958,62.66261745024979,61.189351701071935,113.84897533096839,175.03832703204034,113.84897533096839,34.957687689663175,-30.084624620673644,30.084624620673644,hind,1.8606011040475519,1.3008462462067365,-39.18753907467796,-19.88609277730283,29.00834337643514,71.33746551112748,74.9260545684531,125.12888152194233
go2,"0.30/0.15, w=500",0.3,0.15,500,negative_work,W,J,24.976219056641114,18.233860379240554,224.78597150976523,164.1047434131615,24.976219056641114,18.233860379240554,45.37820255430555,33.12830527950129,78.50650783380684,45.37820255430555,57.801835550204636,15.60367110040928,15.60367110040928,front,1.3697713230861857,1.1560367110040928,9.469515873975475,21.777976092561367,6.400363044600782,-16.08181310944833,-14.324183006261816,-9.30275698295433
go2,"0.30/0.15, w=500",0.3,0.15,500,grf_impulse,N,N s,103.53755181498278,61.03865619416873,931.8379663348251,549.3479057475068,103.53755181498278,61.03865619416873,188.1128599802185,110.89847098714954,299.01133096736805,188.1128599802185,62.9116158814556,25.823231762911213,25.823231762911213,front,1.696261980041332,1.2582323176291121,23.046989877567174,28.46701861447619,8.37082510085143,0.13616413747621348,2.2334727546797772,9.519645462441929
go2,"0.30/0.15, w=500",0.3,0.15,500,vertical_grf_impulse,N,N s,101.17283735977279,58.98603974497138,910.5555362379357,530.8743577047311,101.17283735977279,58.98603974497138,183.81651347203555,107.16916172753965,290.98567519957516,183.81651347203555,63.17029638863263,26.340592777265268,26.340592777265268,front,1.7151996946599195,1.2634059277726528,23.519966918342252,29.053289689315232,8.699213190216476,-0.46300768891626154,1.6217515337153765,9.13636318191411
go2,"0.30/0.15, w=500",0.3,0.15,500,contact_time,feet,foot s,1.2777777777777777,1.3222222222222222,11.499999999999755,11.899999999999746,1.2777777777777777,1.3222222222222222,2.3215386879773874,2.4022878597331228,4.72382654771051,2.4022878597331228,49.14529914529915,-1.7094017094017093,1.7094017094017093,hind,1.0347826086956522,1.0170940170940173,-4.8264182895850976,1.721170395869191,1.4287656008890808,9.448082319925156,11.74042503310162,13.332465946596272
x1,No TRS,0.0,0.0,,torque_squared,N^2 m^2,N^2 m^2 s,113.77945388619248,107.61784375980044,1024.0150849757106,968.5605938381833,113.77945388619248,107.61784375980044,203.38252286038923,192.36855004205236,395.75107290244154,203.38252286038923,51.39152785329933,2.783055706598667,2.783055706598667,front,1.0572545398711441,1.0278305570659867,0.3073781740007422,5.333353630532569,,,,
x1,No TRS,0.0,0.0,,normalized_torque_utilization,1,s,0.22367796389055866,0.15788339851720337,2.013101675014985,1.4209505866548,0.22367796389055866,0.15788339851720337,0.3998277988734264,0.2822190018623195,0.6820468007357459,0.3998277988734264,58.621754173191526,17.24350834638304,17.24350834638304,front,1.4167288390754151,1.1724350834638302,14.856246303642317,19.655076200606167,,,,
x1,No TRS,0.0,0.0,,absolute_work,W,J,40.77930969958504,29.496923650813535,367.01378729625753,265.4723128573161,40.77930969958504,29.49692365081353,72.89364295510322,52.72620445799799,125.61984741310121,72.89364295510322,58.02717043222658,16.05434086445317,16.05434086445317,front,1.3824936519595439,1.1605434086445319,14.945598032799122,16.86754085412719,,,,
x1,No TRS,0.0,0.0,,positive_work,W,J,20.663993419476707,14.364581582495465,185.9759407752864,129.28123424245643,20.663993419476707,14.364581582495466,36.937205888045355,25.676910393716913,62.614116281762264,36.937205888045355,58.991818589004225,17.983637178008454,17.983637178008454,front,1.438537788295737,1.1798363717800844,12.78400792514724,22.919702119562878,,,,
x1,No TRS,0.0,0.0,,negative_work,W,J,20.115316280108335,15.13234206831807,181.03784652097113,136.19107861485972,20.11531628010833,15.132342068318069,35.95643706705786,27.049294064281078,63.00573113133895,35.95643706705786,57.068518087830256,14.13703617566051,14.13703617566051,front,1.3292929930670085,1.1413703617566051,8.345523289480719,19.819847475593033,,,,
x1,No TRS,0.0,0.0,,grf_impulse,N,N s,90.23068299863982,94.7682375877391,812.0761469877411,852.9141382896337,90.23068299863982,94.7682375877391,161.28873290282502,169.3996814829688,330.6884143857938,169.3996814829688,48.77362673935694,-2.4527465212861177,2.4527465212861177,hind,1.0502883768392584,1.024527465212861,-5.789074701278971,0.9673381264203504,,,,
x1,No TRS,0.0,0.0,,vertical_grf_impulse,N,N s,89.35940470484276,94.0043259140368,804.2346423435677,846.0389332263131,89.35940470484276,94.0043259140368,159.7313095592116,168.0341776232343,327.76548718244595,168.0341776232343,48.733413310932114,-2.533173378135763,2.533173378135763,hind,1.0519802165707837,1.0253317337813574,-5.8237502363627085,0.8982210876344382,,,,
x1,No TRS,0.0,0.0,,contact_time,feet,foot s,1.12,1.1088888888888888,10.079999999999785,9.979999999999787,1.12,1.1088888888888888,2.002017216847257,1.98215593493409,3.9841731517813472,2.002017216847257,50.24925224327019,0.4985044865403789,0.4985044865403789,front,1.0100200400801602,1.0049850448654036,-2.6865671641791047,3.8,,,,
x1,"0.10/0.05, w=10",0.1,0.05,10,torque_squared,N^2 m^2,N^2 m^2 s,148.199487587079,114.75731102375843,1333.7953882836825,1032.815799213804,148.199487587079,114.75731102375845,275.2292179191183,213.1219579623148,488.35117588143316,275.2292179191183,56.35887277681937,12.71774555363874,12.71774555363874,front,1.2914165229646846,1.1271774555363874,9.395333247804754,15.903209858864548,9.934689847040072,18.771458101217142,23.3985728199956,35.325894304127516
x1,"0.10/0.05, w=10",0.1,0.05,10,normalized_torque_utilization,1,s,0.3385274023969667,0.16556573012749798,3.0467466215726358,1.49009157114745,0.33852740239696677,0.16556573012749798,0.6286973978311596,0.30748099847797333,0.9361783963091329,0.6286973978311596,67.1557259075608,34.3114518151216,34.3114518151216,front,2.0446707306897105,1.3431145181512159,31.598221135880017,36.9379704002179,17.06794346873856,32.11325416795139,37.26014040374459,57.24204259999104
x1,"0.10/0.05, w=10",0.1,0.05,10,absolute_work,W,J,48.27441937582533,37.84313673723415,434.46977438241873,340.58823063510005,48.27441937582533,37.84313673723415,89.65301369548287,70.28051916627074,159.9335328617536,89.65301369548287,56.0564204962438,12.112840992487607,12.112840992487607,front,1.2756452962929938,1.1211284099248762,10.321695986060657,14.237870958044411,-3.941499871965563,22.541507999832277,27.315496838498564,22.991539537545293
x1,"0.10/0.05, w=10",0.1,0.05,10,positive_work,W,J,25.361019720809402,18.31032108314261,228.24917748727975,164.79288974827998,25.361019720809402,18.31032108314261,47.099310105835194,34.00507946156126,81.10438956739645,47.099310105835194,58.07245496459401,16.144909929188028,16.144909929188028,front,1.3850669032864757,1.1614490992918802,9.762621918888499,22.85861534339332,-1.838727248820426,24.6734724478322,29.530518649226533,27.511837924586445
x1,"0.10/0.05, w=10",0.1,0.05,10,negative_work,W,J,22.913399655015933,19.532815654091536,206.22059689513898,175.7953408868201,22.91339965501593,19.53281565409154,42.553703589647675,36.27543970470948,78.82914329435715,42.553703589647675,53.98219720687211,7.964394413744211,7.964394413744211,front,1.1730720271358452,1.0796439441374421,2.768881451394306,13.402321922112094,-6.172641761916299,20.422794869158857,25.11424259173094,18.347942846189326
x1,"0.10/0.05, w=10",0.1,0.05,10,grf_impulse,N,N s,101.36599619905022,88.86594282737177,912.2939657914325,799.7934854463289,101.36599619905022,88.86594282737177,188.25222888212815,165.03770925423268,353.28993813636083,188.25222888212815,53.28547704335345,6.570954086706897,6.570954086706897,front,1.1406619113461798,1.0657095408670691,2.7480641130357517,10.186572111120105,4.1182075654207795,2.8286751206203276,6.834688718244375,11.129033557866963
x1,"0.10/0.05, w=10",0.1,0.05,10,vertical_grf_impulse,N,N s,99.99704405038007,87.94198862026363,899.9733964534014,791.4778975823558,99.99704405038007,87.94198862026363,185.70987441530994,163.32178433468107,349.031658749991,185.70987441530994,53.20717183088903,6.41434366177806,6.41434366177806,front,1.1370796319170193,1.0641434366177807,2.6070218965334857,10.061156554140627,3.8811702836422968,2.4952055874527757,6.488227833367799,10.519108101750586
x1,"0.10/0.05, w=10",0.1,0.05,10,contact_time,feet,foot s,1.011111111111111,1.0266666666666666,9.099999999999806,9.239999999999803,1.011111111111111,1.0266666666666666,1.8777886811310724,1.9066777377638582,3.7844664188949304,1.9066777377638582,49.61832061068702,-0.7633587786259542,0.7633587786259542,hind,1.0153846153846153,1.0076335877862594,-5.043859649122807,3.4782608695652173,0.26485429208557537,-8.574277168494515,-5.012501346662779,-4.762170788597797
x1,"0.10/0.05, w=100",0.1,0.05,100,torque_squared,N^2 m^2,N^2 m^2 s,142.9984849431961,85.4868757776313,1286.9863644887373,769.3818819986652,142.99848494319608,85.4868757776313,251.31301329714034,150.23910468400422,401.5521179811446,251.31301329714034,62.585403498965256,25.170806997930512,25.170806997930512,front,1.672753667067728,1.251708069979305,21.127668163829217,29.36101165811065,22.387751291331845,3.201512913752036,1.4658318008232252,23.566671198022625
x1,"0.10/0.05, w=100",0.1,0.05,100,normalized_torque_utilization,1,s,0.3698142471416551,0.11372620091910679,3.328328224274825,1.0235358082719392,0.3698142471416551,0.11372620091910679,0.6499308915496645,0.19986837101924573,0.8497992625689104,0.6499308915496645,76.48051959764575,52.961039195291505,52.961039195291505,front,3.251794609798873,1.5296103919529151,49.68513835388951,56.18611078413665,35.71753084890847,26.72678517800715,24.595447358187815,62.55270228356817
x1,"0.10/0.05, w=100",0.1,0.05,100,absolute_work,W,J,38.50022770302477,28.31797163080023,346.50204932721556,254.86174467719664,38.50022770302477,28.31797163080023,67.66231292951586,49.7674837871627,117.42979671667857,67.66231292951586,57.61937329480685,15.238746589613696,15.238746589613696,front,1.3595686938661151,1.152387465896137,14.120872304334833,16.626288466457325,-0.8155942748394747,-4.920630847318974,-6.5197107503957135,-7.1766615215121625
x1,"0.10/0.05, w=100",0.1,0.05,100,positive_work,W,J,20.841993898756144,13.10511540602511,187.57794508880127,117.94603865422349,20.84199389875614,13.105115406025112,36.62880968212831,23.03161494055852,59.66042462268683,36.62880968212831,61.39548941158495,22.790978823169894,22.790978823169894,front,1.590370878319315,1.2279097882316987,17.677583923760267,27.89946290051851,4.80734164516144,-3.0873813654424542,-4.717293534550382,-0.8349202342260886
x1,"0.10/0.05, w=100",0.1,0.05,100,negative_work,W,J,17.658233804268626,15.21285622477512,158.92410423841426,136.91570602297315,17.658233804268626,15.21285622477512,31.033503247387547,26.735868846604184,57.769372093991734,31.033503247387547,53.7196478384697,7.43929567693939,7.43929567693939,front,1.1607441458304886,1.074392956769394,1.9610631938477205,12.623754143334324,-6.69774049872112,-6.742485687673372,-8.310924964003242,-13.691383855661687
x1,"0.10/0.05, w=100",0.1,0.05,100,grf_impulse,N,N s,106.78977060933973,83.31674540560007,961.1079354840371,749.8507086503846,106.78977060933973,83.31674540560006,187.67792576127226,146.42520411534116,334.1031298766134,187.67792576127226,56.173650881565514,12.34730176313104,12.34730176313104,front,1.2817323827217324,1.1234730176313104,7.709235693127599,16.708951449789982,9.894555241844923,2.7608785026267624,1.0326081417644906,10.79001100727639
x1,"0.10/0.05, w=100",0.1,0.05,100,vertical_grf_impulse,N,N s,105.80187246808595,82.54251106961718,952.2168522127532,742.8825996265388,105.80187246808595,82.54251106961718,185.94174192122838,145.06452421687047,331.00626613809885,185.94174192122838,56.174689407134,12.349378814267999,12.349378814267999,front,1.2817864527873595,1.12349378814268,7.717263204707518,16.68317533731055,9.816205436132236,2.7162694072667026,0.9887492986255131,10.657096402225008
x1,"0.10/0.05, w=100",0.1,0.05,100,contact_time,feet,foot s,1.08,0.9933333333333333,9.719999999999793,8.93999999999981,1.08,0.9933333333333333,1.8980484616234092,1.745735930752395,3.643784392375804,1.8980484616234092,52.09003215434084,4.180064308681672,4.180064308681672,front,1.087248322147651,1.0418006430868167,0.0,8.449197860962567,3.6815598221412933,-6.979062811565306,-8.543523246557527,-5.193199856071962
x1,"0.10/0.05, w=500",0.1,0.05,500,torque_squared,N^2 m^2,N^2 m^2 s,126.48280271227108,104.63279929350055,1138.3452244104155,941.6951936414849,126.4828027122711,104.63279929350055,226.2544260751772,187.16879643032618,413.42322250550336,226.2544260751772,54.72707234586111,9.454144691722224,9.454144691722224,front,1.2088255648927075,1.0945414469172223,7.023488592717975,12.012768919566735,6.671088985123557,4.389531608158093,4.4654710531683905,11.245756465755052
x1,"0.10/0.05, w=500",0.1,0.05,500,normalized_torque_utilization,1,s,0.303247915927719,0.14741798786026222,2.7292312433494126,1.3267618907423318,0.303247915927719,0.14741798786026222,0.5424546397252086,0.26370361441433443,0.8061582541395431,0.5424546397252086,67.28885264645714,34.57770529291429,34.57770529291429,front,2.0570618303050523,1.3457770529291428,32.71572797032719,36.32782904367352,17.334196946531247,18.110990312056163,18.19691160048169,35.672067138316606
x1,"0.10/0.05, w=500",0.1,0.05,500,absolute_work,W,J,36.187787809201204,30.528264983103146,325.6900902828039,274.75438484792244,36.187787809201204,30.528264983103146,64.73328378346226,54.609440372187564,119.3427241556498,64.73328378346226,54.24150005075756,8.483000101515122,8.483000101515122,front,1.18538632409115,1.0848300010151515,6.064834531491526,10.338717035006892,-7.571340762938048,-5.065980899037525,-4.996919982563797,-11.194884547980555
x1,"0.10/0.05, w=500",0.1,0.05,500,positive_work,W,J,19.165082539132694,14.949031145709256,172.48574285219055,134.54128031138043,19.165082539132694,14.949031145709256,34.28280096258635,26.741061944575762,61.02386290716212,34.28280096258635,56.17933596688571,12.358671933771419,12.358671933771419,front,1.2820284038697416,1.1235867193377143,7.965222045158616,16.739393517768583,-5.6249652442370355,-2.610615239354541,-2.539768137018872,-7.1862634480376215
x1,"0.10/0.05, w=500",0.1,0.05,500,negative_work,W,J,17.022705270068514,15.579233837393888,153.20434743061335,140.213104536542,17.022705270068514,15.579233837393888,30.450482820875894,27.8683784276118,58.318861248487686,30.450482820875894,52.21378156053335,4.427563121066691,4.427563121066691,front,1.092653557147974,1.044275631210667,-0.3313303204159359,9.086586300141983,-9.709473054593818,-7.50608512716171,-7.438799294434373,-15.312847143095688
x1,"0.10/0.05, w=500",0.1,0.05,500,grf_impulse,N,N s,106.16169096698111,83.93699894350073,955.4552187028097,755.4329904914904,106.16169096698111,83.93699894350073,189.90370189333504,150.147823381463,340.05152527479805,189.90370189333504,55.84556685633816,11.691133712676335,11.691133712676335,front,1.264778253966885,1.1169113371267634,8.019930534259084,15.216182848063504,9.238387191390217,2.756648151210017,2.8313997351237408,12.103930911126115
x1,"0.10/0.05, w=500",0.1,0.05,500,vertical_grf_impulse,N,N s,105.37066374168063,83.1778566974763,948.3359736751055,748.6007102772708,105.37066374168063,83.1778566974763,188.48869995605713,148.78985779641505,337.27855775247224,188.48869995605713,55.88517135868105,11.770342717362118,11.770342717362118,front,1.2668114799461727,1.1177034271736213,8.048378448058555,15.439959739131654,9.237169339226355,2.827598349345295,2.9024015468507747,12.172834492448237
x1,"0.10/0.05, w=500",0.1,0.05,500,contact_time,feet,foot s,1.048888888888889,0.9666666666666667,9.439999999999799,8.699999999999815,1.048888888888889,0.9666666666666667,1.8762689352483966,1.7291885314259585,3.605457466674355,1.8762689352483966,52.039691289966925,4.0793825799338475,4.0793825799338475,front,1.085057471264368,1.0407938257993385,0.6593406593406594,7.641196013289036,3.5808780933934687,-9.571286141575275,-9.505502664653676,-6.281078930823913
x1,"0.20/0.10, w=10",0.2,0.1,10,torque_squared,N^2 m^2,N^2 m^2 s,129.83924362250724,113.00625916488094,1168.5531926025403,1017.0563324839069,129.83924362250724,113.00625916488096,223.1801757415854,194.24602359548354,417.42619933706897,223.1801757415854,53.465780560977414,6.931561121954815,6.931561121954815,front,1.1489562134170486,1.069315611219548,3.75253755712422,10.040180075101865,4.148505415356148,9.687654442688952,5.476959613946697,9.7341957424661
x1,"0.20/0.10, w=10",0.2,0.1,10,normalized_torque_utilization,1,s,0.3035394986063451,0.17356301019035528,2.731855487457048,1.562067091713164,0.30353949860634516,0.17356301019035525,0.5217528749661755,0.29833678967771904,0.8200896646438945,0.5217528749661755,63.621442564178025,27.242885128356036,27.242885128356036,front,1.748872056744338,1.2724288512835604,23.64153021819916,30.64721296272434,9.999376781972995,25.039523338014714,20.239500245325903,30.49439694695839
x1,"0.20/0.10, w=10",0.2,0.1,10,absolute_work,W,J,38.1528395318436,37.80324953485235,343.37555578658504,340.2292458136639,38.1528395318436,37.80324953485235,65.58076891231457,64.97986001305415,130.56062892536872,65.58076891231457,50.2301263804435,0.4602527608869876,0.4602527608869876,front,1.0092476176332128,1.00460252760887,-1.8605817884575746,2.3393827796404354,-15.594088103566182,8.082185748313385,3.9331217271899144,-10.03225212285358
x1,"0.20/0.10, w=10",0.2,0.1,10,positive_work,W,J,18.967324828635903,18.82224061475019,170.70592345771948,169.4001655327481,18.967324828635903,18.82224061475019,32.60286158867377,32.35347689226808,64.95633848094185,32.60286158867377,50.19196332662659,0.3839266532531775,0.3839266532531775,front,1.007708126617615,1.0038392665325317,-3.355679091312125,4.468657495335713,-17.599710524755277,7.88210893894048,3.7407254757691355,-11.734358880606043
x1,"0.20/0.10, w=10",0.2,0.1,10,negative_work,W,J,19.185514703207698,18.98100892010216,172.6696323288656,170.8290802809158,19.185514703207698,18.98100892010216,32.97790732364081,32.626383120786066,65.60429044442687,32.97790732364081,50.26791251035061,0.5358250207012195,0.5358250207012195,front,1.0107742314418782,1.0053582502070122,-5.542473974882441,6.706050977577242,-13.601211154959291,8.281018971615616,4.12432213138052,-8.283717705016691
x1,"0.20/0.10, w=10",0.2,0.1,10,grf_impulse,N,N s,103.59451963759315,86.63418926524922,932.3506767383185,779.7077033872263,103.59451963759315,86.6341892652492,178.06822077462667,148.91517422623386,326.9833950008605,178.06822077462667,54.45787874768321,8.915757495366421,8.915757495366421,front,1.1957694821892573,1.0891575749536642,6.234879033996615,11.66667949761675,6.463010974080303,2.826929097687114,-1.1203958843900907,5.11721109258958
x1,"0.20/0.10, w=10",0.2,0.1,10,vertical_grf_impulse,N,N s,102.54526923169068,85.60829903405045,922.9074230851965,770.4746913064376,102.54526923169068,85.60829903405045,176.2646682934749,147.15177545940043,323.41644375287535,176.2646682934749,54.500836830720914,9.00167366144185,9.00167366144185,front,1.197842620268668,1.0900167366144184,6.33378144510718,11.786457943917506,6.4685002833060885,2.6122056039627806,-1.3268765625557677,4.898105127574093
x1,"0.20/0.10, w=10",0.2,0.1,10,contact_time,feet,foot s,1.1066666666666667,0.9155555555555556,9.959999999999788,8.239999999999824,1.1066666666666667,0.9155555555555556,1.902245070620597,1.5737449178628231,3.47598998848342,1.902245070620597,54.72527472527472,9.45054945054945,9.45054945054945,front,1.2087378640776698,1.0945054945054944,5.856516043609319,13.101903695408735,8.952044964009072,-9.27218344965105,-12.755047131189967,-4.983580829728307
x1,"0.20/0.10, w=100",0.2,0.1,100,torque_squared,N^2 m^2,N^2 m^2 s,122.92810495438314,125.10542952097711,1106.3529445894246,1125.94886568877,122.92810495438313,125.10542952097711,216.742545717253,220.58152842662946,437.3240741438824,220.58152842662946,49.561082623122026,-0.8778347537559545,0.8778347537559545,hind,1.0177121787357086,1.0087783475375598,-4.209773225995838,2.6787185991541236,-1.9052209528427126,12.030967456503362,10.504836016373664,8.456481571942343
x1,"0.20/0.10, w=100",0.2,0.1,100,normalized_torque_utilization,1,s,0.2405572943193295,0.17963076141137854,2.1650156488739194,1.6166768527023725,0.2405572943193295,0.17963076141137854,0.4241422283453731,0.3167186912372756,0.7408609195826488,0.4241422283453731,57.24991251857451,14.499825037149039,14.499825037149039,front,1.3391764997779028,1.1449982503714904,12.265800924534924,16.732343649903527,-2.7436833092340027,10.12332409109784,8.623179345384834,6.081225352628339
x1,"0.20/0.10, w=100",0.2,0.1,100,absolute_work,W,J,44.34626904383084,42.11169284067466,399.116421394469,379.00523556606385,44.34626904383084,42.11169284067466,78.18979434514897,74.2498675476848,152.43966189283378,78.18979434514897,51.29229058518707,2.584581170374135,2.584581170374135,front,1.0530630818288513,1.0258458117037415,0.01367501633002977,5.508017969002375,-13.469759694079036,23.02589049334007,21.349981736194557,7.265587471472323
x1,"0.20/0.10, w=100",0.2,0.1,100,positive_work,W,J,22.984721657980312,20.462053622788776,206.86249492181838,184.15848260509506,22.98472165798031,20.462053622788776,40.52585929476254,36.07797903052311,76.60383832528565,40.52585929476254,52.903170625310075,5.806341250620154,5.806341250620154,front,1.1232851834765019,1.0580634125062016,0.6606934520528813,11.020807092725859,-12.1772959273883,24.03238007347701,22.34276050558619,9.715551895273823
x1,"0.20/0.10, w=100",0.2,0.1,100,negative_work,W,J,21.361547385850525,21.649639217885884,192.25392647265062,194.84675296096881,21.361547385850525,21.649639217885884,37.663935050386435,38.17188851716169,75.83582356754813,38.17188851716169,49.66509662394395,-0.6698067521120971,0.6698067521120971,hind,1.013486468317655,1.0066980675211208,-8.41027666285929,7.523698923085585,-13.467229423548414,22.025656792762803,20.3633736262248,6.161487707950775
x1,"0.20/0.10, w=100",0.2,0.1,100,grf_impulse,N,N s,96.37324121213601,92.22011615366202,867.3591709092055,829.9810453829405,96.37324121213601,92.22011615366202,169.9219364610928,162.5992912597387,332.5212277208315,169.9219364610928,51.10107935838338,2.2021587167667525,2.2021587167667525,front,1.0450349146335256,1.0220215871676674,-1.2053139345646708,5.984207186634758,-0.25058780451936524,1.9429501361554191,0.5542417742217864,0.3082974971098329
x1,"0.20/0.10, w=100",0.2,0.1,100,vertical_grf_impulse,N,N s,94.6470061423599,91.1804288301284,851.823055281221,820.6238594711381,94.6470061423599,91.18042883012839,166.87829901407844,160.76615084537815,327.64444985945664,166.87829901407844,50.93274098971035,1.8654819794207045,1.8654819794207045,front,1.0380188748474724,1.0186548197942071,-1.6152802838503848,5.660846130446364,-0.6676913987150583,1.3436159622698396,-0.03692802559225328,-0.6878830399298819
x1,"0.20/0.10, w=100",0.2,0.1,100,contact_time,feet,foot s,1.1244444444444444,1.0066666666666666,10.119999999999784,9.059999999999807,1.1244444444444444,1.0066666666666666,1.9825812127906006,1.7749195442571977,3.7575007570477985,1.9825812127906006,52.76329509906152,5.526590198123045,5.526590198123045,front,1.1169977924944812,1.0552659019812305,1.6494845360824741,9.508881922675027,5.028085711582666,-4.386839481555338,-5.689320872819048,-0.9708210245696014
x1,"0.20/0.10, w=500",0.2,0.1,500,torque_squared,N^2 m^2,N^2 m^2 s,160.12704914577157,123.57949995780014,1441.1434423119133,1112.2154996201775,160.12704914577157,123.57949995780014,289.0652378661008,223.08871450041713,512.153952366518,289.0652378661008,56.441083102143885,12.882166204287778,12.882166204287778,front,1.2957411965613364,1.1288216620428777,9.574168400534681,16.56288459872736,10.09911049768911,28.14363685559036,29.413155752270438,42.12884853657164
x1,"0.20/0.10, w=500",0.2,0.1,500,normalized_torque_utilization,1,s,0.3440149786445186,0.18014442794300806,3.0961348078006012,1.621299851487038,0.3440149786445186,0.18014442794300806,0.6210241939876859,0.32520109620076254,0.9462252901884486,0.6210241939876859,65.63174757926878,31.263495158537545,31.263495158537545,front,1.9096620560107134,1.3126349515853755,28.272391426605644,34.70213033208992,14.019986812154503,37.37224421255077,38.73319091413154,55.322915449479225
x1,"0.20/0.10, w=500",0.2,0.1,500,absolute_work,W,J,46.94971500237291,34.37880302521984,422.5474350213472,309.40922722697195,46.94971500237291,34.37880302521984,84.75476571451544,62.061450123833886,146.81621583834934,84.75476571451544,57.72847721932427,15.45695443864854,15.45695443864854,front,1.3656588034182346,1.1545695443864852,13.012294547258442,17.86677970878786,-0.5973864258046309,15.72691669755162,16.873423158638158,16.27182052997098
x1,"0.20/0.10, w=500",0.2,0.1,500,positive_work,W,J,21.445157694914638,19.95960028235128,193.0064192542276,179.63640254115768,21.445157694914634,19.95960028235128,38.713319474920446,36.031555156417014,74.74487463133747,38.713319474920446,51.7939452917211,3.5878905834422015,3.5878905834422015,front,1.074428214570856,1.035878905834422,-2.946025371366713,9.908665414229677,-14.395746594566253,18.20280435311672,19.3738394310111,4.80846762545708
x1,"0.20/0.10, w=500",0.2,0.1,500,negative_work,W,J,25.504557307458274,14.41920274286856,229.54101576711957,129.77282468581427,25.504557307458274,14.41920274286856,46.04144623959499,26.029894967416876,72.07134120701187,46.04144623959499,63.88315448071,27.76630896142,27.76630896142,front,1.7687910879866295,1.2776630896141998,23.95802529963955,31.634754742705187,13.629272785759488,13.266418028899185,14.388548331857542,28.047854557248918
x1,"0.20/0.10, w=500",0.2,0.1,500,grf_impulse,N,N s,104.19176674753118,84.10331820331683,937.7259007277605,756.9298638298354,104.19176674753116,84.10331820331685,188.0895076705391,151.82535250267637,339.91486017321546,188.0895076705391,55.3342997639737,10.668599527947405,10.668599527947405,front,1.23885441113811,1.1066859952794739,7.4072409579245395,13.874493993287231,8.215853006661288,1.781720863030678,2.7900722813523515,11.032975991427318
x1,"0.20/0.10, w=500",0.2,0.1,500,vertical_grf_impulse,N,N s,103.27618982858519,82.95808660113016,929.4857084572469,746.6227794101555,103.27618982858519,82.95808660113016,186.43668598131347,149.75795260201062,336.1946385833241,186.43668598131347,55.454984876299896,10.90996975259979,10.90996975259979,front,1.244920104355182,1.1090996975259981,7.52516195593767,14.252062485022556,8.376796374464028,1.5654926964821625,2.571701942549609,10.951646039141627
x1,"0.20/0.10, w=500",0.2,0.1,500,contact_time,feet,foot s,1.0,0.9911111111111112,8.999999999999808,8.91999999999981,1.0,0.9911111111111112,1.805224285391973,1.7891778472996,3.5944021326915734,1.805224285391973,50.223214285714285,0.44642857142857145,0.44642857142857145,front,1.0089686098654709,1.0044642857142858,-3.3632286995515694,4.308634817563368,-0.052075915111807425,-10.66799601196411,-9.782983927681578,-9.829732222043031
x1,"0.30/0.15, w=10",0.3,0.15,10,torque_squared,N^2 m^2,N^2 m^2 s,123.66172059523116,114.06359218205118,1112.9554853570567,1026.5723296384388,123.66172059523116,114.06359218205118,228.98915836428466,211.2159352793459,440.2050936436306,228.98915836428466,52.018743460897696,4.037486921795399,4.037486921795399,front,1.0841471693953044,1.040374869217954,0.9401741764635022,7.446507075730496,1.2544312151967314,7.374983933813595,11.232823808957226,12.590381485961299
x1,"0.30/0.15, w=10",0.3,0.15,10,normalized_torque_utilization,1,s,0.2589658811263271,0.17999915587547038,2.3306929301368946,1.619992402879199,0.2589658811263271,0.17999915587547038,0.4795370699901929,0.33331135141746654,0.8128484214076594,0.4795370699901929,58.99464861600508,17.98929723201016,17.98929723201016,front,1.4387060865190315,1.1798929723201015,14.454104466591023,21.5145856337205,0.7457888856271175,15.044414935464602,19.177807231235988,19.935900240393266
x1,"0.30/0.15, w=10",0.3,0.15,10,absolute_work,W,J,39.636642574640476,30.886982540110992,356.7297831717567,277.982842860993,39.636642574640476,30.886982540110992,73.3966936564112,57.19461206126161,130.5913057176728,73.3966936564112,56.203353855032695,12.406707710065392,12.406707710065392,front,1.2832798582110392,1.1240670771006538,11.522108483193902,13.439598764928114,-3.647633154387778,0.3520276380200915,3.9575420659626603,0.6901160113754079
x1,"0.30/0.15, w=10",0.3,0.15,10,positive_work,W,J,20.75231224154575,16.35860212226657,186.77081017390776,147.227419100396,20.75231224154575,16.35860212226657,38.42785375644902,30.291851948714353,68.71970570516338,38.42785375644902,55.919700706113005,11.839401412226005,11.839401412226005,front,1.268587137607477,1.1183940141222601,6.251996421182571,17.155400161608025,-6.144235765782449,5.944687620672284,9.751138858090847,4.03562703936442
x1,"0.30/0.15, w=10",0.3,0.15,10,negative_work,W,J,18.884330333094727,14.528380417844422,169.95897299784892,130.755423760597,18.884330333094727,14.528380417844422,34.96883989996217,26.90276011254726,61.871600012509425,34.96883989996217,56.518402454263416,13.036804908526822,13.036804908526822,front,1.2998235033755123,1.1303680490852683,7.855713907687429,18.320845521241157,-1.1002312671336885,-5.205870924384904,-1.8000443744797812,-2.746649133377288
x1,"0.30/0.15, w=10",0.3,0.15,10,grf_impulse,N,N s,100.75336534794702,89.06994607977047,906.7802881315039,801.6295147179171,100.75336534794702,89.06994607977046,186.56887695193035,164.93424068648613,351.5031176384165,186.56887695193035,53.077445857492975,6.154891714985949,6.154891714985949,front,1.131171284842959,1.0615489171498593,2.370624176712416,9.78948693524967,3.702145193699831,2.607794048769052,6.294355153410192,10.135317444907788
x1,"0.30/0.15, w=10",0.3,0.15,10,vertical_grf_impulse,N,N s,99.62729970138868,88.23689200975694,896.645697312479,794.1320280877956,99.62729970138868,88.23689200975694,184.48369793754202,163.39164246412489,347.87534040166685,184.48369793754202,53.03155369522077,6.063107390441539,6.063107390441539,front,1.1290889494427367,1.0606310739044154,2.254990807625725,9.617461139428674,3.5299340123057763,2.4543900132683483,6.135439515639729,9.789389603340549
x1,"0.30/0.15, w=10",0.3,0.15,10,contact_time,feet,foot s,1.1333333333333333,1.0266666666666666,10.199999999999783,9.239999999999803,1.1333333333333333,1.0266666666666666,2.0986368691703077,1.9011181050131023,3.99975497418341,2.0986368691703077,52.46913580246913,4.938271604938271,4.938271604938271,front,1.103896103896104,1.0493827160493827,1.4343528948338864,8.54788877445932,4.439767118397892,-3.090727816550354,0.39109300244886125,4.826114955954552
x1,"0.30/0.15, w=100",0.3,0.15,100,torque_squared,N^2 m^2,N^2 m^2 s,113.97416972674641,125.35289598609475,1025.767527540696,1128.1760638748287,113.97416972674642,125.35289598609475,200.8524617086667,220.90476992708608,421.75723163575276,220.90476992708608,47.62276652131748,-4.754466957365033,4.754466957365033,hind,1.0998360092170785,1.0475446695736503,-7.494786876883046,-1.861569103860279,1.9714112507663661,8.09845840824912,6.571342572132988,8.615414353338945
x1,"0.30/0.15, w=100",0.3,0.15,100,normalized_torque_utilization,1,s,0.21678169603111308,0.1511327938487869,1.9510352642799762,1.360195144639053,0.21678169603111308,0.1511327938487869,0.3820263609344033,0.2663357299484127,0.6483620908828159,0.3820263609344033,58.92176089663611,17.843521793272203,17.843521793272203,front,1.4343789359707728,1.1784352179327222,15.942370890794429,19.64603220692267,0.6000134468891609,-3.576586591930142,-4.938768104563085,-4.452276202200367
x1,"0.30/0.15, w=100",0.3,0.15,100,absolute_work,W,J,38.97088959440372,43.972208175911476,350.738006349626,395.74987358319487,38.97088959440372,43.972208175911476,68.67695661902056,77.49059528200436,146.16755190102492,77.49059528200436,46.985090552466865,-6.029818895066268,6.029818895066268,hind,1.1283347296805346,1.0602981889506629,-7.617685677628499,-4.854134086528448,-10.024521969386903,18.024392907854647,16.35705257653477,6.306383026751061
x1,"0.30/0.15, w=100",0.3,0.15,100,positive_work,W,J,20.80179357167712,21.766701741920485,187.2161421450901,195.9003156772802,20.80179357167712,21.766701741920485,36.658231043436075,38.35865300554233,75.01688404897841,38.35865300554233,48.866640501226335,-2.2667189975473385,2.2667189975473385,hind,1.0463858160556474,1.0226671899754733,-6.913317500765712,2.2561109790685827,-15.716918180461116,21.525055790025505,19.808261305492113,3.8482800290993824
x1,"0.30/0.15, w=100",0.3,0.15,100,negative_work,W,J,18.169096022726606,22.20550643399099,163.52186420453597,199.84955790591465,18.169096022726606,22.20550643399099,32.0187255755845,39.131942276462034,71.15066785204654,39.131942276462034,45.001300117330565,-9.997399765338866,9.997399765338866,hind,1.2221580207521323,1.0999739976533887,-14.998636177541027,-4.962044383476243,-4.1396364103216445,14.5454885473834,12.927294984846727,8.831534680374297
x1,"0.30/0.15, w=100",0.3,0.15,100,grf_impulse,N,N s,99.63829437794197,89.1474479111244,896.7446494014587,802.3270312001026,99.63829437794197,89.14744791112442,175.58887907885392,157.10124856292398,332.6901276417779,175.58887907885392,52.77850603006717,5.5570120601343485,5.5570120601343485,front,1.1176797172845196,1.0555701206013435,2.463024622245941,8.770990512839091,3.1042655388482308,2.046942593332224,0.6053170201629321,3.653606395067155
x1,"0.30/0.15, w=100",0.3,0.15,100,vertical_grf_impulse,N,N s,98.23213734948088,88.24940491377706,884.0892361453091,794.2446442239766,98.23213734948088,88.24940491377706,173.1108605822728,155.5186606206745,328.6295212029473,173.1108605822728,52.67660067440108,5.353201348802172,5.353201348802172,front,1.1131195439273196,1.053532013488022,2.035967543243583,8.64655166940392,2.8200279706664095,1.700342610752581,0.26361348411902963,3.021220462911667
x1,"0.30/0.15, w=100",0.3,0.15,100,contact_time,feet,foot s,1.04,0.9955555555555555,9.3599999999998,8.959999999999809,1.04,0.9955555555555555,1.8327535149220198,1.7544307151390275,3.5871842300610473,1.8327535149220198,51.09170305676856,2.183406113537118,2.183406113537118,front,1.0446428571428572,1.0218340611353711,-1.3122012767414462,5.764966740576496,1.6849016269967392,-8.67397806580259,-9.96414830873512,-8.45465765732978
x1,"0.30/0.15, w=500",0.3,0.15,500,torque_squared,N^2 m^2,N^2 m^2 s,150.0743310357184,93.35424329738645,1350.6689793214368,840.1881896764602,150.07433103571842,93.35424329738646,282.1190490440829,175.49310506018702,457.61215410426996,282.1190490440829,61.65025262414692,23.30050524829383,23.30050524829383,front,1.60757910658272,1.2330050524829383,18.854998899909035,27.866177760047947,20.517449541695164,9.951014272242498,15.631311053218067,38.7135163220204
x1,"0.30/0.15, w=500",0.3,0.15,500,normalized_torque_utilization,1,s,0.3777942428471398,0.11626829766247912,3.400148185624186,1.0464146789622897,0.3777942428471398,0.1162682976624791,0.7102010836283332,0.2185683677157692,0.9287694513441024,0.7102010836283332,76.46688665314518,52.93377330629037,52.93377330629037,front,3.249331506889841,1.5293377330629037,49.579660819843824,56.18777180747814,35.690264959907324,29.48442614628015,36.1738593806479,77.62673971880625
x1,"0.30/0.15, w=500",0.3,0.15,500,absolute_work,W,J,43.15615823997935,37.987546825035274,388.4054241598059,341.8879214253102,43.15615823997935,37.987546825035274,81.12762681688174,71.41135004123939,152.53897685812115,81.12762681688174,53.184850513544355,6.369701027088714,6.369701027088714,front,1.1360606790101475,1.0636970102708871,4.078510649023873,8.52158276408527,-9.684639837364456,15.463935951761432,21.429041667672386,11.295887443641718
x1,"0.30/0.15, w=500",0.3,0.15,500,positive_work,W,J,21.981435788545447,20.650070427503184,197.8329220969048,185.8506338475247,21.981435788545447,20.650070427503184,41.3220683276746,38.819285026924256,80.14135335459885,41.3220683276746,51.56148055653388,3.1229611130677575,3.1229611130677575,front,1.06447267895363,1.0312296111306776,-1.9556460754817,8.255447046323294,-14.860676064940696,21.704940077203826,27.992468972913986,11.871126508376207
x1,"0.30/0.15, w=500",0.3,0.15,500,negative_work,W,J,21.1747224514339,17.33747639753209,190.57250206290107,156.0372875777855,21.174722451433905,17.33747639753209,39.80555848920715,32.59206501431513,72.3976235035223,39.80555848920715,54.981857915917,9.963715831833989,9.963715831833989,front,1.221326677880757,1.0996371583183397,3.243050192179944,16.723961469112993,-4.173320343826521,9.261723057654802,14.90640962899934,10.704957821518214
x1,"0.30/0.15, w=500",0.3,0.15,500,grf_impulse,N,N s,107.85878549300453,83.38578433766699,970.72906943702,750.4720590389869,107.85878549300452,83.38578433766699,202.75964439977355,156.75377673706637,359.5134211368399,202.75964439977355,56.398351905365466,12.79670381073094,12.79670381073094,front,1.2934912869109105,1.1279670381073095,9.61013983465262,16.459125395669716,10.343957289444822,3.376046316646697,8.716666655705009,19.69304937575029
x1,"0.30/0.15, w=500",0.3,0.15,500,vertical_grf_impulse,N,N s,106.66134802386786,82.28578781305808,959.9521322147903,740.5720903175069,106.66134802386786,82.28578781305808,200.5086270688871,154.68593494605014,355.1945620149373,200.5086270688871,56.450365098904584,12.900730197809152,12.900730197809152,front,1.2962305017506508,1.1290073019780915,9.615296544780788,16.66260434950423,10.36755681967339,3.0449888858617546,8.368506113403985,19.326097764745743
x1,"0.30/0.15, w=500",0.3,0.15,500,contact_time,feet,foot s,1.0888888888888888,0.8666666666666667,9.799999999999791,7.799999999999834,1.0888888888888888,0.8666666666666667,2.046960967461432,1.6292138312448134,3.6761747987062456,2.046960967461432,55.68181818181818,11.363636363636363,11.363636363636363,front,1.2564102564102564,1.1136363636363635,7.061503416856492,15.646258503401361,10.865131877095985,-12.263210368893319,-7.730546372900326,2.244923282175959
